threshold,tp,fp,fn,tn,f2,recall,precision,flag_rate
0.7011917016849007,327,414,625055,877013,0.000653406967835992,0.0005228804154900525,0.44129554655870445,0.0004930766318274644
0.6834640381977712,741,775,624641,876652,0.0014801977112667616,0.001184875803908651,0.4887862796833773,0.0010087775625511957
0.6825695872650042,959,837,624423,876590,0.0019154532134074535,0.001533462747568686,0.5339643652561247,0.0011950953181675116
0.6810242892970835,990,839,624392,876588,0.0019773448213738594,0.001583032450566214,0.541279387643521,0.001217054196508006
0.680201248839114,1132,908,624250,876519,0.002260773424169026,0.0018100936707484386,0.5549019607843138,0.0013574579337760153
0.6755319733413574,1515,1047,623867,876380,0.0030250510165369454,0.0024225193561695094,0.5913348946135831,0.00170480746388929
0.6732674807647283,1531,1051,623851,876376,0.003056974334194584,0.002448103719006943,0.5929512006196747,0.001718115875004741
0.6687548829762449,1695,1148,623687,876279,0.0033840832688128075,0.002710343438090639,0.596201195919803,0.0018917906400613784
0.6670975414744267,1724,1166,623658,876261,0.0034419174434938576,0.002756715095733488,0.5965397923875433,0.0019230654061826885
0.6664091661270315,3540,1933,621842,875494,0.007060228536007764,0.0056605402777822195,0.6468116206833546,0.0036418467017432024
0.6649554132406981,3641,1961,621741,875466,0.007261290798642272,0.00582204156819352,0.649946447697251,0.003727685953437862
0.6634312681216228,3883,2083,621499,875344,0.007742790212060328,0.0062090050561097055,0.6508548441166611,0.003969899035739073
0.6633837431978871,3957,2135,621425,875292,0.007889951428047312,0.006327332734232837,0.6495403808273145,0.004053742025766415
0.662675734692127,3970,2147,621412,875280,0.0079157935034664,0.0063481200290382515,0.649010953081576,0.0040703775396607285
0.6624765648294229,4062,2214,621320,875213,0.008098719038648953,0.006495230115353496,0.6472275334608031,0.004176179408028565
0.6624456133742318,4077,2227,621305,875200,0.008128534925784503,0.0065192154555135905,0.6467322335025381,0.0041948111835901965
0.6619871507288514,4284,2293,621098,875134,0.008540312307499088,0.006850213149722889,0.6513608027976281,0.004376470995316105
0.6619140995250219,4318,2305,621064,875122,0.008607934689737579,0.006904579920752436,0.6519704061603503,0.004407080340881642
0.6617516130915193,4329,2319,621053,875108,0.00862977717672125,0.006922169170203172,0.651173285198556,0.0044237158547759566
0.6614350964463805,4354,2325,621028,875102,0.008679506914700421,0.0069621447371366624,0.6518939961072017,0.004444343892004906
0.661043488630001,4399,2365,620983,875062,0.008768915261859465,0.007034100757616945,0.6503548196333531,0.004500904639245573
0.6604841622638187,4703,2445,620679,874982,0.009373470308640892,0.007520203651528186,0.6579462786793508,0.004756426132662235
0.6604511227882542,4839,2482,620543,874945,0.009643864576943452,0.007737670735646373,0.6609752766015572,0.004871543888810887
0.660327532221984,5333,2693,620049,874734,0.01062539399431134,0.00852758793825214,0.6644654871667082,0.005340665380630539
0.6602987712390721,5430,2725,619952,874702,0.010818099337645432,0.008682693137954082,0.6658491722869405,0.005426504632325199
0.6592751420886176,5458,2733,619924,874694,0.010873727297757239,0.008727465772919591,0.6663411060920522,0.005450459772333011
0.6588961558820483,5812,2848,619570,874579,0.01157682213443774,0.009293519800697814,0.6711316397228637,0.00576254201299034
0.6588655230031728,5881,2884,619501,874543,0.011713772057684103,0.009403852365434246,0.6709640616086708,0.005832411171346459
0.6586990822427528,5931,2905,619451,874522,0.011813027911490127,0.009483803499301228,0.6712313263920326,0.00587965603080631
0.6583849781346536,6011,2941,619371,874486,0.01197181415506198,0.009611725313488396,0.6714700625558534,0.005956844815275927
0.6564914217629627,6133,3006,619249,874421,0.012213885792102258,0.009806806080123829,0.6710799868694606,0.006081278459205395
0.6561854393548416,6192,3044,619190,874383,0.012330908042332932,0.009901148418086866,0.6704200952793417,0.006145824253115333
0.6551419487248636,6541,3176,618841,874251,0.013023420653898764,0.010459207332478388,0.6731501492230112,0.006465891540441932
0.6545120730990597,6926,3301,618456,874126,0.013787172713899246,0.011074831063254138,0.6772269482741762,0.006805256023885937
0.6544860856539458,7007,3339,618375,874088,0.013947753748794724,0.011204351900118648,0.6772665764546685,0.00688444107002287
0.6526346509307359,7251,3443,618131,873984,0.014431447539270018,0.011594513433389513,0.6780437628576772,0.00711600742343172
0.652036584086855,9712,4791,615670,872636,0.019300239146497002,0.015529708242322292,0.6696545542301593,0.009650594320369387
0.6512529126067856,10596,5234,614786,872193,0.021045874285659807,0.016943244289090508,0.6693619709412508,0.010533607397879572
0.6511148556903783,10785,5330,614597,872097,0.021418842941592593,0.017245459575107695,0.6692522494570277,0.010723252256274749
0.6511098267912687,10848,5345,614534,872082,0.021543292525263918,0.01734619800378009,0.6699191008460446,0.01077515505962501
0.6509218725739017,11030,5400,614352,872027,0.021902668749836176,0.017637220131055897,0.6713329275715155,0.010932859731343105
0.6504077680769372,11317,5607,614065,871820,0.02246816695335071,0.018096139639452367,0.6686953438903332,0.011261577485894748
0.6494742070148527,11632,5769,613750,871658,0.023089177980006582,0.018599831782814345,0.6684673294638239,0.011578983090998257
0.6486845136288037,11688,5790,613694,871637,0.023199627154520473,0.018689377052745364,0.6687263989014761,0.011630220473792745
0.6480921198791693,11778,5830,613604,871597,0.023377062611943143,0.018833289093705928,0.6689004997728305,0.011716725146043177
0.6479751634430329,11890,5863,613492,871564,0.023598002763486885,0.019012379633567965,0.6697459584295612,0.011813211126630196
0.647472859203849,11903,5869,613479,871558,0.023623625610288572,0.01903316692837338,0.6697614224623002,0.011825854117189876
0.6474319991508573,13171,6183,612211,871244,0.026123793180323394,0.021060727683240004,0.6805311563501085,0.01287854943642206
0.6470760232232862,13454,6321,611928,871106,0.02668064885497697,0.021513251100927114,0.680353982300885,0.013158691490402307
0.6469813745338733,13573,6381,611809,871046,0.026914727132694185,0.02170353479953053,0.6802144933346698,0.013277801769885595
0.6463050792162331,13606,6396,611776,871031,0.026979651243491054,0.021756302547882734,0.6802319768023197,0.013309741956562676
0.6461317675255644,14085,6776,611297,870651,0.027919960006168754,0.02252223441032841,0.6751833565025646,0.013881338213971302
0.6449091395899185,14227,6869,611155,870558,0.028198812030647454,0.022749295630510633,0.6743932499051953,0.014037712044577854
0.6442735880603918,14239,6882,611143,870545,0.028222317096036745,0.022768483902638706,0.6741631551536386,0.014054347558472168
0.6441182804525631,14249,6889,611133,870538,0.028241947209816917,0.022784474129412105,0.674094048632794,0.014065659707920302
0.6437498900506848,14264,6893,611118,870534,0.028271464729048613,0.022808459469572197,0.6741976650753888,0.01407830269847998
0.6436816085598132,14799,7118,610583,870309,0.02932300882325551,0.02366393660194889,0.6752292740794816,0.014584022320867123
0.6430615468426859,15016,7209,610366,870218,0.029749345518360948,0.024010924522931583,0.6756355455568054,0.01478897185204507
0.6429310085506177,15068,7238,610314,870189,0.029851408610867436,0.024094073702153242,0.675513314803192,0.014842870917062647
0.6425548043778215,15264,7326,610118,870101,0.030236304324916665,0.024407482146911807,0.6756972111553785,0.015031850354902053
0.6422096377883861,15296,7347,610086,870080,0.03029905660115737,0.024458650872586675,0.6755288610166498,0.015067117644357999
0.6420491461055295,15329,7371,610053,870056,0.030363738933250086,0.024511418620938884,0.6752863436123347,0.015105046616037034
0.6418218053645346,15353,7386,610029,870041,0.030410808365359133,0.024549795165195034,0.675183605259686,0.015130998017712165
0.6417385442905101,15407,7427,609975,870000,0.03051662162558302,0.02463614238977137,0.6747394236664623,0.015194212970510558
0.6414590644585354,15488,7472,609894,869955,0.030675527077173668,0.02476566322663588,0.6745644599303136,0.0152780559605379
0.640845667124035,15627,7574,609755,869853,0.030947875989858712,0.024987927378786086,0.6735485539416405,0.015438422314479085
0.6405512893081091,15644,7578,609738,869849,0.03098128527576988,0.02501511076430086,0.6736715183877358,0.015452396146150309
0.6404665919080925,15846,7732,609536,869695,0.03137690061328118,0.02533811334512346,0.6720671812706761,0.01568928586400534
0.6398099137679287,16282,7973,609100,869454,0.03223158917452529,0.02603528723244353,0.6712842712842713,0.01613977558026336
0.6398083054423048,16319,7992,609063,869435,0.03230411756252081,0.026094451071505095,0.6712599234914236,0.016177039131386624
0.639512182891788,16412,8039,608970,869388,0.032486414178423496,0.02624316018049768,0.671219991002413,0.01627019800919478
0.6394184825001403,18377,9116,607005,868311,0.03633224081571486,0.029385239741470014,0.6684246899210708,0.0182944073398549
0.6391499223767492,18426,9141,606956,868286,0.03642805035002639,0.029463591852659655,0.6684078789857438,0.01834364846098207
0.6389169344103379,18672,9220,606710,868207,0.03690964727091586,0.029856951431285198,0.66943926573928,0.018559910141608148
0.6383513889741705,18720,9237,606662,868190,0.03700357978007381,0.0299337045197975,0.6695997424616376,0.018603162477733366
0.6375756134249262,19062,9632,606320,867795,0.03766863144814961,0.030480570275447646,0.6643200669129434,0.01909357742733774
0.6369258362248961,19098,9656,606284,867771,0.03773887653629121,0.030538135091831873,0.6641858524031439,0.01913350266068409
0.6358146760410007,19420,9751,605962,867676,0.03836884591964512,0.031053020393935225,0.665729663021494,0.019410983032441247
0.635605111500017,19617,9854,605765,867573,0.03875347244309461,0.03136802786137113,0.6656374062637848,0.019610609199173016
0.6351714665451063,19682,9900,605700,867527,0.03888017510104263,0.03147196433539821,0.6653370292745588,0.01968447088086377
0.6341395472643383,19763,9967,605619,867460,0.0390379013123119,0.03160148517226271,0.6647494113689876,0.01978295312311811
0.6341085527045094,27874,15298,597508,862129,0.0547687350178803,0.04457115810816429,0.6456499583063097,0.028727536233812814
0.6335881866050765,28340,15561,597042,861866,0.055668415815173004,0.04531630267580455,0.6455433816997335,0.029212627818971007
0.6335752213154964,28676,15708,596706,861719,0.056317736041151464,0.04585357429539066,0.6460886806056236,0.029534025947409153
0.6327158958934147,28859,15788,596523,861639,0.056671281431951846,0.046146195445343804,0.646381615786055,0.029709031553577334
0.6326113923820339,28889,15805,596493,861622,0.05672914616243203,0.046194166125663995,0.6463731149595024,0.029740306319698644
0.6321440488049157,29096,15876,596286,861551,0.057129393284900847,0.046525163819873296,0.6469803433247354,0.029925293234203416
0.6321223947211204,30584,16679,594798,860748,0.059997073122119465,0.04890450956375463,0.6471023845291243,0.03144977172747834
0.6315501616817703,31013,16955,594369,860472,0.06082182517642703,0.049590490292333325,0.6465351901267512,0.03191889321929799
0.6315366614553144,31588,17045,593794,860382,0.061933344600595804,0.0505099283318036,0.6495178171200625,0.03236139788888674
0.6312987028258742,31601,17085,593781,860342,0.061957545523630565,0.05053071562660902,0.6490777636281477,0.03239666517834269
0.6312924526185473,31745,17177,593637,860250,0.06223411554823659,0.05076097489214592,0.6488900699071992,0.03255370442950501
0.6312023333459627,31881,17230,593501,860197,0.06249610391748891,0.05097844197626411,0.6491621021767018,0.032679468914546025
0.6310096376121817,31917,17244,593465,860183,0.0625654480024809,0.05103600679264833,0.6492341490205651,0.03271273994233465
0.6303006189730658,32574,17719,592808,859708,0.06382500966956538,0.05208656469166046,0.647684568429006,0.03346599601146919
0.6299017857407652,32669,17763,592713,859664,0.06400766469693882,0.05223847184600772,0.6477831535532995,0.03355848946872157
0.6298800769460753,33320,18283,592062,859144,0.06525321262402908,0.05327943560895581,0.6456988934751855,0.03433769693953124
0.629552915155732,33705,18586,591677,858841,0.06598940645362886,0.05389505933973156,0.6445659864986326,0.034795506281902755
0.6293544508314453,34035,18762,591347,858665,0.06662229747584979,0.054422736823253624,0.6446388999374965,0.03513220908312367
0.6293064013962206,34171,18863,591211,858564,0.0668823070256271,0.054640203907371815,0.6443225100878681,0.035289913754841765
0.6292001821082019,34239,18907,591143,858520,0.06701246421265492,0.05474893744943091,0.6442441576035826,0.03536444085708829
0.6291336225867354,34739,19132,590643,858295,0.067971772705554,0.05554844878810071,0.6448553024818549,0.035846870760023394
0.6290722848798171,35020,19352,590362,858075,0.06850815759615009,0.055997774160433146,0.6440815125432208,0.036180246458465445
0.6289576993328674,35081,19368,590301,858059,0.06862542190324873,0.05609531454375086,0.6442909878969311,0.03623148384125993
0.6285662121421398,35435,19517,589947,857910,0.06930427775691576,0.056661368571529085,0.6448354927937109,0.03656619038081353
0.6279473317022444,35829,19655,589553,857772,0.07006028911870574,0.05729138350640089,0.6457537308052772,0.03692019411648453
0.6279259862413347,36255,19861,589127,857566,0.07087577473643712,0.05797256716694756,0.6460724214127878,0.03734073990773278
0.6279072330046769,36343,19923,589039,857504,0.07104364151296,0.058113281162553446,0.6459140511143497,0.03744055299109867
0.6276644050552387,36398,19946,588984,857481,0.0711489863448992,0.05820122740980713,0.6459960244214114,0.03749245579444893
0.6276161944226348,36456,20011,588926,857416,0.07125893522074907,0.05829397072509283,0.645616023518161,0.03757430252280895
0.6275420870311544,36971,20280,588411,857147,0.07224344110999817,0.05911746740392272,0.6457703795566889,0.03809599223853464
0.6274031502279682,37171,20392,588211,857035,0.07262539706481716,0.05943727193939064,0.6457446623699251,0.038303603451935675
0.6273084154479589,37413,20432,587969,856995,0.07309016700574711,0.05982423542730683,0.6467801884346097,0.038491252048663535
0.6273041697303272,37792,20721,587590,856706,0.0738113178656123,0.060430265022018544,0.645873566557859,0.0389357529799196
0.6272197199036438,38053,20903,587329,856524,0.0743082167277749,0.06084760994080418,0.6454474523373364,0.03923053428612685
0.6271268749956491,38370,21092,587012,856335,0.07491243620631084,0.06135450012952084,0.6452860650499479,0.03956723708734776
0.6270563524894563,38912,21267,586470,856160,0.07594935720595682,0.062221170420638905,0.6466042971800794,0.040044343625836684
0.6268838403987569,39522,21629,585860,855798,0.07711071109569322,0.06319657425381607,0.6463017775670062,0.04069113240604761
0.6268381103604856,39586,21671,585796,855756,0.07723238586147492,0.0632989117051658,0.6462281861664789,0.0407616669849595
0.6267834825383894,39933,21806,585449,855621,0.07789473355682416,0.06385377257420265,0.6468034791622799,0.04108239969284187
0.6266047799193073,40158,21896,585224,855531,0.0783240013387518,0.06421355267660406,0.6471460340993328,0.041292007167910226
0.6265297878773451,40265,21996,585117,855431,0.07852635298770687,0.0643846481030794,0.6467130306291258,0.04142974922295515
0.6264869936219801,42091,22894,583291,854533,0.08200036391789171,0.06730446351190153,0.6477033161498807,0.04324235481687959
0.6262790581882167,42434,22989,582948,854438,0.08265447996475196,0.06785292829022901,0.6486098161197132,0.04353380902030797
0.6259558249383467,42680,23052,582702,854375,0.08312364154779804,0.06824628786885456,0.6493032313028662,0.04373942397204169
0.6259476996911753,42891,23162,582491,854265,0.08352414198422561,0.06858368165377321,0.6493421949040922,0.043953023970444684
0.6258411626493288,43392,23378,581990,854049,0.08447617838739897,0.06938479201512036,0.6498726973191553,0.0444301305089336
0.6256544378964111,43726,23604,581656,853823,0.08510785726575779,0.06991886558935179,0.6494281895143323,0.04480276602016624
0.6256070918889157,44779,24378,580603,853049,0.08709546288246128,0.0716026364685904,0.6474977225732753,0.046018489375562695
0.6254850922571286,45064,24436,580318,852991,0.08763809651236781,0.07205835793163219,0.6484028776978418,0.04624672862619268
0.625179358767582,45665,24697,579717,852730,0.08877712499368169,0.0730193705607133,0.6490008811574429,0.04682032114526863
0.6250450637625353,46182,24904,579200,852523,0.08975695537690458,0.07384606528489787,0.6496637875249698,0.047302085627647955
0.625027125520246,46192,24913,579190,852514,0.08977572782437293,0.07386205551167127,0.6496308276492511,0.04731472861820764
0.6248778342137266,46684,25189,578698,852238,0.09070486877093775,0.07464877466892235,0.649534595745273,0.04782577160504096
0.6248109614687676,46816,25221,578566,852206,0.09095554221478766,0.07485984566233118,0.6498882518705665,0.04793490057618766
0.6247844450790874,47027,25311,578355,852116,0.09135479469405167,0.07519723944724985,0.6501009151483315,0.0481351921634752
0.6244871444915212,50443,27230,574939,850197,0.09778803590724414,0.08065950091304194,0.6494277290693033,0.05168521082852179
0.6244683620467003,50630,27376,574752,850051,0.09813788071799015,0.08095851815370446,0.6490526369766428,0.05190679587359405
0.6240476301712734,52874,28307,572508,849120,0.10236151265976925,0.08454672504165454,0.6513100355994629,0.05401950613817191
0.6239619911838326,57813,31204,567569,846223,0.11158462794508492,0.09244429804503487,0.6494602154644619,0.05923374161320567
0.6236982956665413,57942,31332,567440,846095,0.11182251673420045,0.09265057197041168,0.6490355534646146,0.059404754696039216
0.6234637490043082,58028,31387,567354,846040,0.11198239405498307,0.09278808792066288,0.6489738858133423,0.059498578994403147
0.6231741692230144,58128,31425,567254,846002,0.11216939956720766,0.09294799018839685,0.6490904827308968,0.05959040703109976
0.6228595337882661,58343,31546,567039,845881,0.11256968677754295,0.09329178006402487,0.6490560580271223,0.05981398833783934
0.6227948477336539,59021,32056,566361,845371,0.11382566954858145,0.09437591743926112,0.6480340810522964,0.06060450795809714
0.6227853501569609,59345,32174,566037,845253,0.11443101494110983,0.09489400078671915,0.6484445852773741,0.060898623843748605
0.6226384514276584,59436,32221,565946,845206,0.11460038524054396,0.09503951185035706,0.6484611104443742,0.06099045188044522
0.622440094457201,61100,33136,564282,844291,0.11769174701552221,0.09770028558545017,0.6483721719937179,0.06270657149378264
0.622414244942127,61169,33161,564213,844266,0.11782038925087582,0.0978106181501866,0.6484575426693523,0.06276912102602526
0.6223566527646609,61947,33566,563435,843861,0.1192645784182845,0.09905465779315682,0.6485713986577744,0.0635563135435042
0.6222664396394882,62199,33718,563183,843709,0.11973112038945964,0.0994576115078464,0.6484669036771376,0.06382514344803632
0.6222217977655857,63225,34575,562157,842852,0.12161797202969384,0.10109820877479685,0.6464723926380368,0.06507813035455604
0.6222072735932573,63333,34659,562049,842768,0.12181672000984797,0.10127090322394952,0.6463078618662748,0.06520589110126436
0.6220629705910192,63593,34870,561789,842557,0.12229465409687956,0.10168664912005781,0.6458568193128383,0.06551930418303324
0.6216523991980948,64750,35934,560632,841493,0.12441338369049101,0.10353671835773975,0.6431011878749354,0.06699720323740409
0.6216248747983077,64802,35963,560580,841464,0.12450942303576115,0.10361986753696141,0.6431002828363023,0.06705110230242166
0.6216146977366264,65383,36393,559999,841034,0.12557695912578784,0.10454889971249572,0.6424206099669864,0.06772384248430773
0.6213932295986357,65573,36518,559809,840909,0.12592664287670355,0.10485271402119024,0.6422995170974914,0.06793344995937607
0.621380419144905,65595,36525,559787,840902,0.12596748869278795,0.10488789252009172,0.6423325499412456,0.06795274715549347
0.6212130690677702,65676,36560,559706,840867,0.1261174207800707,0.10501741335695623,0.6423960248836026,0.0680299359399631
0.6210453459630345,66545,37229,558837,840198,0.12771072221185875,0.10640696406356435,0.6412492531848054,0.06905335275474128
0.6210057161832274,66932,37417,558450,840010,0.12842509450753048,0.10702578583969478,0.6414244506415969,0.0694359695743105
0.6209424544642044,67153,37544,558229,839883,0.12883193124154668,0.10737916985138683,0.6414032875822612,0.06966753592771936
0.620906492690914,67180,37554,558202,839873,0.1288819005917287,0.107422343463675,0.6414344911871981,0.06969215648828295
0.620839297313278,67223,37581,558159,839846,0.12896093053379232,0.1074911014388006,0.6414163581542689,0.06973873592718702
0.6207146148130787,67732,37896,557650,839531,0.12989633148150706,0.10830500398156646,0.6412314916499413,0.07028704246514361
0.6206316036359112,67801,37985,557581,839442,0.13002078000578374,0.10841533654630289,0.6409260204563931,0.07039217891295567
0.6205946438958525,67840,38005,557542,839422,0.13009262579615574,0.10847769843071914,0.6409372195191081,0.07043143872574625
0.6205298060432369,67951,38065,557431,839362,0.13029693842174858,0.10865518994790384,0.6409504225777242,0.07054522564078336
0.6203730430580274,68066,38122,557316,839305,0.13050884375445793,0.1088390775557979,0.6409952160319433,0.07065967797637623
0.620323613969858,68137,38154,557245,839273,0.13063981817756523,0.108952608165889,0.6410420449520655,0.07072821629362082
0.6203043370160756,70200,39090,555182,838337,0.1344406235900013,0.11225139194924062,0.6423277518528685,0.07272381254038271
0.6201686858326151,70519,39252,554863,838175,0.1350266668045291,0.11276148018331196,0.6424192181905968,0.07304387982770931
0.619904584896911,70704,39306,554678,838121,0.13536850698707045,0.11305729937861979,0.6427052086173984,0.07320291534053895
0.6198602315189644,70795,39359,554587,838068,0.1355352604183817,0.11320281044225769,0.6426911414928191,0.0732987359005702
0.6198046682292894,70853,39412,554529,838015,0.13564053506537463,0.1132955537575434,0.642570171858704,0.07337259758226096
0.6194915721421772,70944,39482,554438,837945,0.13580637331285314,0.1134410648211813,0.6424573922808035,0.07347973029174033
0.619474236484927,71119,39608,554263,837819,0.13612568451395443,0.11372089378971573,0.6422914013745519,0.07368002187902788
0.619357101506296,71209,39646,554173,837781,0.13629127122630946,0.11386480583067629,0.6423616435884715,0.07376519571016676
0.6191696584011397,71231,39648,554151,837779,0.13633212589003169,0.11389998432957776,0.6424210175055691,0.0737811658035053
0.6188978254498074,71279,39687,554103,837740,0.13641945206381334,0.11397673741809006,0.6423499089811293,0.07383905739185752
0.6188533933285226,71559,39913,553823,837514,0.1369288174512055,0.11442446376774515,0.6419459595234678,0.07417576019307842
0.6187975442910687,71590,39989,553792,837438,0.13698252693058494,0.11447403347074268,0.6416081879206661,0.07424696019254609
0.6185064271928933,72247,40702,553135,836725,0.13816721279246288,0.1155245913697548,0.6396426705858397,0.07515858635395449
0.618490715116924,72289,40808,553093,836619,0.1382397093273414,0.11559175032220306,0.6391769896637399,0.07525706859620883
0.6184829251024797,72917,41178,552465,836249,0.13938744230342065,0.11659593656357234,0.6390902318243569,0.07592115831086985
0.6184294551530337,74160,41958,551222,835469,0.14165398988251277,0.11858352175150548,0.6386606727639126,0.07726730409519772
0.6182555087489369,74189,42013,551193,835414,0.14170483586924548,0.11862989340914833,0.6384485637080257,0.07732319942188262
0.618202925103902,74223,42091,551159,835336,0.14176371224848558,0.11868426018017787,0.638126106917482,0.07739772652412914
0.6181849614327485,75016,42767,550366,834660,0.14319796312847158,0.11995228516330819,0.636900061978384,0.07837522932055903
0.6179254332739121,77686,44010,547696,833417,0.14807351564334575,0.12422167571180494,0.6383611622403366,0.08097901995529705
0.6177942648454894,77715,44034,547667,833393,0.14812579838118506,0.1242680473694478,0.6383214646526871,0.08101428724475299
0.617073090057976,77766,44052,547616,833375,0.14821910643887615,0.12434959752599212,0.6383785647441265,0.0810602012631013
0.6166910511536856,77799,44096,547583,833331,0.14827765099261536,0.12440236527434433,0.6382460314204849,0.08111143864589579
0.616623787863649,77989,44184,547393,833243,0.14862402385027867,0.12470617958303884,0.6383488986928372,0.08129642556040055
0.6165792548675042,78137,44227,547245,833200,0.14889522891948298,0.12494283493928511,0.6385619953581119,0.08142352088655311
0.6164788944143023,78185,44252,547197,833175,0.1489825512154316,0.12501958802779742,0.6385733070885435,0.08147209658712451
0.6164028818151631,78849,44664,546533,832763,0.15018622566276107,0.12608133908555091,0.6383862427436788,0.08218808910513578
0.6163079539126564,78945,44710,546437,832717,0.15036094626546034,0.1262348452625755,0.6384295014354454,0.08228257882405549
0.6162563761228776,79230,44921,546152,832506,0.15087525931387652,0.1266905667256173,0.6381744810754646,0.08261262741971867
0.6160958471371528,79259,44964,546123,832463,0.15092634450105893,0.12673693838326014,0.6380380444845157,0.0826605376997343
0.6160176170511702,79296,44994,546086,832433,0.15099294772143385,0.1267961022223217,0.637991793386435,0.08270512087697106
0.6159369848962261,80311,45562,545071,831865,0.1528335415872948,0.12841911023982142,0.638031984619418,0.08375848161675901
0.6159326588333935,80333,45583,545049,831844,0.1528729061399596,0.1284542887387229,0.6379888179421201,0.08378709470065723
0.615848392760594,81047,46229,544335,831198,0.15415185004283316,0.12959599093034338,0.6367814827618719,0.08469206665650791
0.615547044905626,81246,46375,544136,831052,0.15451007150983076,0.12991419644313396,0.6366193651515033,0.08492163674824944
0.6153168190552644,81379,46407,544003,831020,0.15475329306427457,0.13012686645922011,0.6368381512841782,0.08503143113995192
0.6150112936615058,81469,46504,543913,830923,0.15491342273686148,0.13027077850018068,0.6366108476006658,0.08515586478388139
0.61443665992325,82020,46758,543362,830669,0.1559134184387672,0.13115183999539481,0.6369100312165121,0.0856915283312783
0.614315451916508,82086,46794,543296,830633,0.1560328283673103,0.13125737549209923,0.6369180633147113,0.08575940122796709
0.6140238729140453,82190,46863,543192,830564,0.1562202418401106,0.13142367385054254,0.6368701231277072,0.08587451898411574
0.6138494684458358,82201,46878,543181,830549,0.15623960553590863,0.1314412630999933,0.6368270593977332,0.08589181991856583
0.6137371194114398,82221,46902,543161,830525,0.1562750056925073,0.13147324355354006,0.6367649450523919,0.08592109842301983
0.6136310237388265,82404,46957,542978,830470,0.15660865965838924,0.13176586470349322,0.6370080627082351,0.08607946851529369
0.6134906680882763,82528,47146,542854,830281,0.15682566370806955,0.13196414351548333,0.6364267316501381,0.0862877451492505
0.61340755882125,82675,47244,542707,830183,0.15709037651147828,0.13219919984905226,0.6363580384701237,0.08645077318541478
0.6132826105909466,82734,47309,542648,830118,0.1571950747291257,0.1322935421870153,0.6362049475942573,0.08653328533433058
0.613184077720791,82919,47493,542463,829934,0.15752448764029575,0.13258936138232313,0.6358233904855382,0.08677882551941066
0.6131476883528192,83007,47578,542375,829849,0.15768130015694615,0.132730075377929,0.6356549373970977,0.0868939432755593
0.6130825858988578,83136,47719,542246,829708,0.15791015213211756,0.1329363493033058,0.6353291811547133,0.08707360682561789
0.6130762998159016,83207,47780,542175,829647,0.15803708620843565,0.13304987991339692,0.6352309771198669,0.08716144233897986
0.6129078574921054,83238,47821,542144,829606,0.15809164141583926,0.13309944961639447,0.6351185344005371,0.0872093526189955
0.6128447715611177,83797,48136,541585,829291,0.15910051449404414,0.1339933032930273,0.6351481433758044,0.08779093018474071
0.6126963036556793,84587,48594,540795,828833,0.16052436910489926,0.13525653120812559,0.6351281338929727,0.08862137503834486
0.6124794879669557,84649,48625,540733,828802,0.16063635901293533,0.13535567061412065,0.6351501418131068,0.08868325915003171
0.6124008368438503,84694,48638,540688,828789,0.16071821652763335,0.13542762663460092,0.6352113521135211,0.08872185354226651
0.6122609455845257,84869,48842,540513,828585,0.1610271402328214,0.13570745560313535,0.6347196565727576,0.08897404793290431
0.6122430612124032,84957,48905,540425,828522,0.16118487206827073,0.13584816959874124,0.6346610688619623,0.08907452643682597
0.6122420360151157,85547,49356,539835,828071,0.16224016482889178,0.13679159297837162,0.6341371207460175,0.0897672292353852
0.6120747897689572,85612,49374,539770,828053,0.1623583261837411,0.1368955294523987,0.6342287348317603,0.08982245914151432
0.6118110477143769,85653,49393,539729,828034,0.16243238384357883,0.1369610893821696,0.6342505516638774,0.08986238437486067
0.611723023879642,85710,49422,539672,828005,0.16253517708009377,0.13705223367477798,0.6342687150341888,0.08991961054265711
0.6115745546343632,85870,49459,539512,827968,0.16282642555132873,0.1373080773031523,0.6345277065521803,0.09005069839214432
0.6114266354872377,86309,49665,539073,827762,0.16361883327481838,0.1380100482585044,0.6347463485666377,0.0904798946506176
0.6113415989354596,86355,49702,539027,827725,0.1637008854690939,0.13808360330166203,0.6346972224876338,0.09053512455674673
0.6110856903687207,86392,49724,538990,827703,0.16376736208525486,0.1381427671407236,0.6346939375238767,0.09057438436953731
0.6110087940750017,86497,49837,538885,827590,0.16395285272694327,0.13831066452184426,0.6344492202972113,0.09071944605069573
0.6109661915368625,86517,49842,538865,827585,0.163989208029002,0.13834264497539103,0.6344795723054584,0.09073608156459004
0.6108473756301551,86976,50085,538406,827342,0.1648153615436129,0.13907659638428993,0.6345787641998818,0.09120320679474238
0.6108179195944927,87172,50196,538210,827231,0.16516755491690466,0.13939000482904848,0.634587385708462,0.09140749090536456
0.6106992879001896,87211,50211,538171,827216,0.16523806817105288,0.13945236671346473,0.6346218218334765,0.09144342361537627
0.6101322940394891,87291,50246,538091,827181,0.16538243658265334,0.1395802885276519,0.6346728516690054,0.09151994697929011
0.6100766301763715,87708,50368,537674,827059,0.16613855714720843,0.14024708098410252,0.6352153886265535,0.09187860865885153
0.6096125263741288,87779,50407,537603,827020,0.16626611822341358,0.14036061159419363,0.6352235392876269,0.0919518049199865
0.6095789657366418,87885,50438,537497,826989,0.16645825843958617,0.14053010799799162,0.6353607136918661,0.09204296753612734
0.6092851344480346,88074,50519,537308,826908,0.16679917321971227,0.14083232328400883,0.6354866407394313,0.09222263108618593
0.609220005840166,88300,50601,537082,826826,0.16720767723729743,0.14119370240908757,0.6357045665617959,0.09242758061736388
0.6091582241183011,88431,50682,536951,826745,0.16744229904784483,0.14140317437981906,0.6356774708330638,0.09256864977518767
0.6090811989281375,88598,50801,536784,826626,0.16774034269027505,0.14167021116693476,0.6355712738254937,0.09275896005413861
0.6089764579324304,88617,50812,536765,826615,0.16777440904944685,0.1417005925978042,0.6355707923028925,0.0927789226708118
0.6087692486045921,89182,51133,536200,826294,0.168787471473513,0.1426040404105011,0.6355842212165485,0.09336848528322628
0.6082494567241936,89311,51253,536071,826174,0.169015689082742,0.1428103143358779,0.6353760564582681,0.09353417500161365
0.608227891252522,89584,51378,535798,826049,0.16950679094339052,0.14324684752679162,0.6355187922986337,0.09379901238281112
0.6077590829831185,89787,51513,535595,825914,0.1698691704492309,0.14357144913029157,0.6354352441613588,0.09402392453066225
0.6075906728235798,89823,51528,535559,825899,0.16993400000529726,0.1436290139466758,0.6354606617569031,0.09405786097900665
0.607296014178387,90390,52026,534992,825401,0.17093781108828326,0.14453565980472735,0.6346899224806202,0.09476653387090442
0.6072003975210097,90960,52377,534422,825050,0.17195584651768617,0.14544710273081093,0.6345884175055987,0.09537938620277095
0.6071141047504859,91536,52718,533846,824709,0.1729847734998575,0.14636813979295854,0.6345473955661541,0.09598957685241438
0.606276396690075,91908,52893,533474,824534,0.1736518777521616,0.14696297622892887,0.6347193734849897,0.09635356189642197
0.6062121002842249,92190,53048,533192,824379,0.17415593218289793,0.14741390062393864,0.6347512359024498,0.09664435067929457
0.6056743642684409,92304,53110,533078,824317,0.17435969507454263,0.14759618920915538,0.6347669412848832,0.09676146469711054
0.6055580016020504,92328,53120,533054,824307,0.1744027902028579,0.14763456575341152,0.6347835652604367,0.09678408899600681
0.6054585984628728,92442,53162,532940,824265,0.17460783972994168,0.14781685433862823,0.6348864042196642,0.09688789460270733
0.6052929421961473,93525,53628,531857,823799,0.17655013948452078,0.14954859589818703,0.6355629854641088,0.09791863104359902
0.6048468315094632,93735,53710,531647,823717,0.17692705814668552,0.14988439066042836,0.635728576757435,0.09811293384588461
0.6046340268419688,95314,55174,530068,822253,0.17970102744478164,0.1524092474679476,0.6333661155706767,0.1001378085971005
0.6043284561843321,95492,55278,529890,822149,0.1800174791822035,0.15269387350451405,0.6333620746832924,0.10032545719382836
0.6033519904264423,95599,55357,529783,822070,0.1802065535550827,0.1528649689309894,0.6332904952436471,0.10044922541720205
0.6032797301240186,95634,55426,529748,822001,0.18026546150401043,0.15292093472469626,0.6330861909175162,0.10051842915500239
0.6031059420838593,95670,55457,529712,821970,0.18032876495435704,0.1529784995410805,0.6330437314311804,0.10056301233223916
0.6028029116673601,95681,55465,529701,821962,0.18034820712986216,0.15299608879053123,0.6330369311791249,0.10057565532279884
0.6027183581580272,96186,55765,529196,821662,0.18124507486209615,0.15380359524258774,0.6330066929470685,0.10111131887019574
0.6026678621891886,96282,55814,529100,821613,0.18141605592955143,0.15395710141961233,0.633034399326741,0.10120780485078276
0.6024571731297848,96351,55826,529031,821601,0.18154052541635185,0.15406743398434877,0.6331508703680583,0.10126170391580035
0.6024567518545567,96443,55916,528939,821511,0.18170140627690629,0.154214544070664,0.63299837882895,0.10138281045695095
0.602376689605889,98717,57650,526665,819777,0.18570522913809612,0.1578507216389343,0.6313160705263898,0.10404981604448736
0.6013867069584317,98784,57700,526598,819727,0.18582308883481338,0.15795785615831603,0.6312722067431814,0.10412767024951275
0.6011010211655137,99002,57936,526380,819491,0.18620136575002275,0.15830644310197609,0.6308351068574851,0.10442977118183348
0.6008585134120158,99027,57938,526355,819489,0.18624649378426048,0.15834641866890956,0.6308858662759214,0.10444773753683935
0.6004948295002177,99216,58075,526166,819352,0.18657907890683795,0.15864863395492676,0.6307798920472246,0.1046646646380212
0.6003533987408588,99268,58102,526114,819325,0.18667132022364152,0.1587317831341484,0.6307936709665121,0.10471723286192723
0.6003221111566885,99416,58192,525966,819235,0.1869328985053792,0.15896843849039466,0.63078016344348,0.1048756029542011
0.6000841305182081,99455,58233,525927,819194,0.18700060468950247,0.1590308003748109,0.6307074729846279,0.10492883659866291
0.5996100450192849,99485,58262,525897,819165,0.18705286215227834,0.1590787710551311,0.6306617558495565,0.10496809641145348
0.5993805739549802,99530,58275,525852,819152,0.18713339021476438,0.1591507270756114,0.6307151230949589,0.1050066908036883
0.5986024912980203,99771,58394,525611,819033,0.18756112077596926,0.15953609154085024,0.6308032750608542,0.10524624220376641
0.5984554419330859,99844,58404,525538,819023,0.187692497413316,0.15965282019629604,0.6309337242808756,0.10530147210989553
0.5984069507224092,99976,58495,525406,818932,0.18792488267852733,0.15986389118970484,0.6308788358753337,0.10544986089383282
0.598169695272141,99994,58499,525388,818928,0.1879571627442039,0.15989267359789697,0.6309048349138447,0.1054645001460598
0.5978756866997181,100345,58730,525037,818697,0.1885756725073226,0.16045393055764318,0.6308030803080308,0.10585177490951944
0.5976624068651288,100401,58813,524981,818614,0.1886710549162602,0.1605434758275742,0.6306040926049217,0.10594426836677183
0.5974793490412484,100735,58911,524647,818516,0.1892679697005908,0.1610775494018056,0.6309898149656115,0.10623173004686556
0.5972521879672084,100798,58960,524584,818467,0.18937836820244047,0.16117828783047802,0.6309417994717009,0.1063062571491121
0.5968305828830003,100811,58964,524571,818463,0.1894015826082186,0.16119907512528342,0.6309560319198874,0.10631756929856023
0.5955017795346709,100835,59012,524547,818415,0.1894415480719553,0.16123745166953957,0.6308219735121711,0.10636547957857585
0.5951983509326222,100852,59038,524530,818389,0.1894704251643297,0.16126463505505434,0.6307586465695165,0.10639409266247407
0.595068493258653,101081,59241,524301,818186,0.18986982737569735,0.1616308112481651,0.6304873941193349,0.10668155434256782
0.5949384748288368,101131,59253,524251,818174,0.1899593224719675,0.1617107623820321,0.6305554169992019,0.10672281041702572
0.5948682471627882,101143,59254,524239,818173,0.18998093484977976,0.16172995065416018,0.6305791255447422,0.10673146088425076
0.5946713084824855,101155,59260,524227,818167,0.19000219012954073,0.16174913892628826,0.6305831748901287,0.10674343845425467
0.5945308857833167,101206,59278,524176,818149,0.19009305743174712,0.16183068908283257,0.6306298447197228,0.10678935247260297
0.5942352114830591,101221,59287,524161,818140,0.19011951754221204,0.16185467442299267,0.6306290029157425,0.10680532256594151
0.5940202828770591,101285,59401,524097,818026,0.19022700654417715,0.1619570118743424,0.630328715631729,0.10692376742486903
0.5935049927132598,102160,59916,523222,817511,0.19177024812997728,0.16335615671701456,0.6303215775315284,0.10784870199739288
0.5928609607294371,102201,59984,523181,817443,0.1918393610723077,0.16342171664678548,0.6301507537688442,0.10792123283797209
0.5922323402791694,102457,60143,522925,817284,0.19228993501813726,0.16383106645218443,0.6301168511685117,0.1081973823686177
0.592116080960551,102483,60158,522899,817269,0.19233577149197367,0.16387264104179525,0.630117866958516,0.10822466461140438
0.5921036795308716,102689,60273,522693,817154,0.19269916569399773,0.16420203971332722,0.630140769013635,0.10843826460980736
0.5920957766515575,102866,60347,522516,817080,0.1930131296062169,0.16448506672721633,0.6302561683199255,0.10860528516930627
0.5919361402806653,102991,60437,522391,816990,0.19323208338148923,0.1646849445618838,0.630191888782828,0.10874835058879738
0.5917996861716199,103079,60473,522303,816954,0.1933881909736293,0.16482565855748965,0.6302521522207004,0.10883086273771318
0.5917428173894035,103093,60487,522289,816940,0.19341242456215657,0.16484804487497243,0.6302298569507274,0.1088494945132748
0.5915643384573861,103115,60521,522267,816906,0.193449633868685,0.1648832233738739,0.6301486225524946,0.10888675806439807
0.5914727627412013,103141,60543,522241,816884,0.19349492648239613,0.16492479796348472,0.6301226753989394,0.10891869825107516
0.5914404182636273,103518,61047,521864,816380,0.1941380139402489,0.16552762951284175,0.6290401968826907,0.10950493376071077
0.590928455548729,103546,61068,521836,816359,0.19418695628364882,0.16557240214780727,0.6290230478574119,0.10953753936794364
0.5908887648627809,103622,61119,521760,816308,0.1943202280040011,0.16569392787128506,0.6289994597580445,0.10962204777852674
0.5908323095649753,103662,61130,521720,816297,0.1943915208977167,0.16575788877837866,0.6290475265789601,0.10965598422687114
0.5900537319440937,103677,61151,521705,816276,0.19441702458336396,0.16578187411853876,0.6290011405829107,0.10967993936687896
0.5899409772082438,103689,61159,521693,816268,0.19443806874949368,0.16580106239066683,0.6289976220518295,0.10969324777799441
0.5899212620033588,103729,61196,521653,816231,0.1945074599102253,0.1658650232977604,0.6289464908291648,0.1097444851607889
0.5896657069847544,103792,61241,521590,816186,0.19461771172682718,0.1659657617264328,0.6289166409142414,0.10981635058081234
0.5895135709954982,103792,61247,521590,816180,0.19461727382060903,0.1659657617264328,0.6288937766224952,0.10982034310414697
0.589467537227261,104133,61516,521249,815911,0.19521201630038051,0.1665110284594056,0.6286364541892797,0.11022624964316823
0.5893760398312895,104401,61684,520981,815743,0.19568243219687415,0.16693956653693262,0.6285998133485866,0.11051637300548506
0.5892875801213384,104464,61716,520918,815711,0.19579354262160625,0.167040304965605,0.6286195691418943,0.11057958795828346
0.5891553976612713,104622,61784,520760,815643,0.1960730662752527,0.16729295054862467,0.6287153107460067,0.11072997300388805
0.5891021368152407,104746,61837,520636,815590,0.1962924331109163,0.16749122936061478,0.6287916534100119,0.11084775244225979
0.5890351571152214,105266,62176,520116,815251,0.19720341554981885,0.1683227211528314,0.628671420551594,0.11141934869966842
0.5885074626124228,105297,62200,520085,815227,0.19725742546435496,0.16837229085582892,0.6286500653743052,0.11145594683023591
0.5883625828257133,105390,62268,519992,815159,0.19741973770280527,0.1685209999648215,0.6286010807715707,0.1115630795397153
0.5883045375588223,105391,62278,519991,815149,0.19742079734092313,0.16852259898749883,0.628565805247243,0.1115703991658288
0.588126948591428,105435,62299,519947,815128,0.19749840967278595,0.16859295598530177,0.6285845445765319,0.11161365150195401
0.5880632954323328,106116,62794,519266,814633,0.19868650760661735,0.16968189042857007,0.6282398910662483,0.11239618607554254
0.5879771913521621,106399,62974,518983,814453,0.19918184912132647,0.17013441384625716,0.6281933956415722,0.11270427579286522
0.5875491991576022,106404,62978,518978,814449,0.1991905380563179,0.17014240895964386,0.6281895360782137,0.11271026457786718
0.5867443709387048,106425,62997,518957,814430,0.19922686684513,0.170175988435868,0.6281651733541098,0.11273688140009808
0.5863199748717542,106464,63012,518918,814415,0.1992958453076072,0.17023835032028425,0.628195142675069,0.1127728141101098
0.5862306814651281,106549,63073,518833,814354,0.19944405967467196,0.17037426724785812,0.6281555458607964,0.1128699655112526
0.5862221661514053,106595,63095,518787,814332,0.19952508556022008,0.17044782229101574,0.6281749071836878,0.11291521410904513
0.5860273422667359,106624,63123,518758,814304,0.19957510926430264,0.17049419394865858,0.6281348123972735,0.11295314308072417
0.5855933568530791,106884,63359,518498,814068,0.200024627859199,0.17090993984476688,0.6278319813443137,0.11328319167638735
0.5855681293596909,106908,63362,518474,814065,0.20006752007449666,0.17094831638902303,0.6278733775767898,0.1133011580313932
0.585128762644406,107212,63500,518170,813927,0.20060323923000928,0.17143441928293426,0.6280284924316978,0.11359527391704469
0.5847696338570192,107291,63583,518091,813844,0.2007388858412769,0.1715607420744441,0.6278954083125577,0.11370307204707983
0.5843405763060074,107526,63639,517856,813788,0.20115666109051805,0.1719365124036189,0.6282008588204364,0.11389670942880965
0.583514873229714,107576,63727,517806,813700,0.20123980902645922,0.1720164635374859,0.627986666900171,0.11398853746550626
0.5834968164407688,109316,64604,516066,812823,0.20429475736400035,0.17479876299605682,0.628541858325667,0.11572994305996304
0.583410956306486,109371,64623,516011,812804,0.2043918906291931,0.17488670924331048,0.6285906410565881,0.1157791841810902
0.5829712401320676,109425,64651,515957,812776,0.20448653836666414,0.17497305646788683,0.6286047473517314,0.11583374866666356
0.5825312854795213,109571,64784,515811,812643,0.20473802479405864,0.1752065137787784,0.6284362364142124,0.1160194010017241
0.5823252718217539,109726,64868,515656,812559,0.2050093381392926,0.17545436229376604,0.6284637501861462,0.11617843651455374
0.5821108968291122,109934,64921,515448,812506,0.20537792984038533,0.1757869590106527,0.6287152211832662,0.11635211127961038
0.5817633672868157,110487,65636,514895,811791,0.20631329474976387,0.1766712185512215,0.6273286282881849,0.11719586454432998
0.5815315478470076,110945,65874,514437,811553,0.20711468678255657,0.17740357093744302,0.6274495387939079,0.11765899725114769
0.5811481019312068,112260,66578,513122,810849,0.20941169974548252,0.17950628575814462,0.6277189411646295,0.11900248135325248
0.58073658584002,112551,66682,512831,810745,0.20992360005237318,0.17997160135725046,0.6279591369892821,0.11926532247278264
0.5805156896003483,112556,66686,512826,810741,0.20993222096636413,0.17997959647063716,0.6279555015007643,0.11927131125778459
0.5800014342942399,112662,66801,512720,810626,0.21011260388416075,0.18014909287443515,0.6277728556861303,0.11941836920061033
0.5796715491205928,112754,66885,512628,810542,0.21027037853292987,0.18029620296075038,0.6276699380424072,0.11953548321842629
0.5780992043974678,112857,66977,512525,810450,0.21044715334967826,0.18046090229651637,0.6275620850339758,0.11966524022680194
0.5780444193334142,113307,67332,512075,810095,0.2112228656903168,0.1811804625013192,0.6272565725009549,0.12020090377419886
0.5776524000398866,115759,68690,509623,808737,0.21548769777254237,0.1851012661061559,0.6275935353403922,0.12273615609169229
0.5774838647987102,116206,68889,509176,808538,0.21626778301235416,0.18581602924292673,0.6278181474378022,0.12316601777072136
0.5770773693353266,116340,68939,509042,808488,0.2165023390217459,0.18603029828169024,0.6279178967934844,0.1232884551529835
0.5768319796744252,116517,69032,508865,808395,0.2168099388294418,0.18631332529557934,0.6279581134902371,0.1234681187030421
0.5767235915780415,116592,69110,508790,808317,0.21693714345255152,0.1864332519963798,0.6278446112588987,0.1235699280480753
0.5760283018876673,116962,69370,508420,808057,0.21757457605678868,0.18702489038699546,0.6277075327909323,0.12398914299821201
0.5754272455478016,117055,69479,508327,807948,0.2177312130449372,0.18717359949598805,0.6275263490838131,0.12412355795047807
0.5753527132191676,117137,69567,508245,807860,0.21786996062839814,0.1873047193555299,0.627394164024338,0.1242366794449594
0.5751932322115858,117177,69688,508205,807739,0.21793130691829654,0.1873686802626235,0.6270676691729323,0.1243438121544388
0.5751183822874778,117359,69796,508023,807631,0.21824625662452585,0.1876597023898993,0.6270684726563543,0.12453678411561282
0.5745171633145769,117781,69984,507601,807443,0.21898134565478733,0.18833448995973662,0.6272787793252204,0.12494269065463409
0.5743458762634084,117828,70011,507554,807416,0.21906270137173542,0.18840964402557156,0.627281874371137,0.12499193177576126
0.5743364525545457,118110,70299,507272,807128,0.21954045763897073,0.18886056842058135,0.6268808814865532,0.12537122149255162
0.5742076291391056,118150,70344,507232,807083,0.21960786937801996,0.18892452932767492,0.6268104024531285,0.12542778223979228
0.5740149387774298,118159,70357,507223,807070,0.21962280170881962,0.18893892053177097,0.6267849943771351,0.12544242149201928
0.5736012083973139,118166,70370,507216,807057,0.2196341797072486,0.18895011369051237,0.6267556328764798,0.12545572990313472
0.5733578878343648,119504,71217,505878,806210,0.22194083831027517,0.19108960603279276,0.62659067433581,0.12690967381749776
0.5731307472741902,119517,71217,505865,806210,0.2219639099017852,0.19111039332759816,0.6266161250747114,0.1269183242847228
0.5727430122134719,119589,71280,505793,806147,0.22208649021671023,0.19122552296036663,0.6265501469594329,0.1270081560597521
0.5722012559366949,119674,71350,505708,806077,0.2222315483600688,0.1913614398879405,0.6264867241812547,0.12711129624589684
0.571607894130447,119692,71360,505690,806067,0.2222626625764137,0.19139022229613262,0.6264891233800222,0.12712992802145848
0.5715732674980276,120932,73158,504450,804269,0.22431219853851694,0.19337301041603372,0.6230717708279664,0.12915147566989552
0.5705047390926529,120983,73224,504399,804203,0.2243970568323667,0.19345456057257804,0.6229590076567786,0.1292293298749209
0.5703502130126898,121020,73243,504362,804184,0.2244610209025848,0.1935137244116396,0.6229698913328837,0.12926659342604416
0.5697940189675139,121182,73512,504200,803915,0.2247255604323383,0.19377276608536861,0.6224228789793214,0.12955338968558214
0.5697614464788358,121202,73553,504180,803874,0.22475756439513211,0.1938047465389154,0.6223306205232215,0.12959398033948427
0.5697104807024095,121366,73613,504016,803814,0.22504299080254567,0.19406698625799912,0.6224567773965402,0.12974303454397731
0.5696743012448409,121411,73659,503971,803768,0.22511883491718082,0.1941389422784794,0.6223970882247398,0.12980358781455262
0.5696672669869884,121434,73668,503948,803759,0.22515880932868063,0.1941757198000582,0.6224128917181782,0.12982488127233732
0.5694750349264203,121457,73674,503925,803753,0.22519903332234442,0.194212497321637,0.6224382594257192,0.12984417846845475
0.5690000913829899,121462,73685,503920,803742,0.22520696784002522,0.1942204924350237,0.62241284775067,0.1298548251973471
0.5679107427269572,121609,73895,503773,803532,0.22544967949953876,0.19445554876859264,0.6220281937965464,0.1300923803357579
0.567814454184189,121703,73933,503679,803494,0.22561290303444656,0.19460585690026255,0.6220889815780327,0.13018021584911987
0.5676868220007261,121778,74000,503604,803427,0.22574005322347557,0.19472578360106302,0.622020860362247,0.13027470556803958
0.5674246508476685,121794,74023,503588,803404,0.22576644811842755,0.19475136796390047,0.6219786841796167,0.1303006569697147
0.5671820169568635,122055,74178,503327,803249,0.22621536896708047,0.1951687128826861,0.6219901851370565,0.1305774719209161
0.5667176923267887,122180,74281,503202,803146,0.2264279061182236,0.19536859071735355,0.6219046019311721,0.13072918780763224
0.5666755584043695,122204,74286,503178,803141,0.22646994942213136,0.1954069672616097,0.6219349585220622,0.13074848500374964
0.5662916532557185,122228,74293,503154,803134,0.2265118239142432,0.19544534380586587,0.6219589763943802,0.1307691130409786
0.566064253401842,122663,74500,502719,802927,0.22726388460183103,0.1961409186705086,0.6221400567043512,0.13119631303778456
0.5659487235070422,122925,74636,502457,802791,0.22771572186022765,0.19655986261197156,0.6222128861465572,0.13146115041898204
0.5648906229789984,123394,75019,501988,802408,0.2285124008265366,0.19730980424764383,0.6219048147046816,0.13202808873250027
0.5643172619520047,123595,75153,501787,802274,0.22885623543667388,0.1976312078057891,0.6218678930102441,0.13225100461868408
0.5643075820170531,123624,75159,501758,802268,0.2289069666419905,0.19767757946343195,0.6219042875899851,0.13227429433813612
0.5639759229395181,123797,75332,501585,802095,0.2291979322068667,0.1979542103866117,0.6216924707099418,0.13250452985043343
0.5634339735198,123957,75468,501425,801959,0.22946900593975533,0.19821005401498604,0.6215720195562241,0.1327014943349421
0.5634085313141373,124029,75517,501353,801910,0.2295920067350987,0.1983251836477545,0.6215559319655618,0.13278201022219058
0.5629416677176226,124208,75937,501174,801490,0.2298723790777048,0.19861140870699828,0.6205900721976567,0.13318059713509833
0.5621163832097333,124679,76206,500703,801221,0.23068087668317167,0.19936454838802523,0.6206486298130771,0.13367300834637003
0.5620613702318058,127016,78208,498366,799219,0.23462807083914597,0.2031014643849679,0.6189139671773282,0.13656026813786715
0.5616758022618145,127254,78336,498128,799091,0.23503593120063476,0.20348203178217472,0.6189697942506931,0.13680381206127992
0.5615500737826655,127620,78620,497762,798807,0.23565534418015133,0.20406727408208103,0.6187936384794415,0.13723633542253208
0.5615336838342704,127638,78721,497744,798706,0.23567822438676356,0.20409605649027315,0.6185240285134159,0.13731552046866902
0.561463625482925,127769,78779,497613,798648,0.23590364524481588,0.20430552846100464,0.6185922884753181,0.13744128495371002
0.5610751031099215,128102,78994,497280,798433,0.23647062124532603,0.20483800301255872,0.6185633715764669,0.13780593541827338
0.5607730038341932,128375,79143,497007,798284,0.23693765259061678,0.20527453620347244,0.6186210352836863,0.1380867428928094
0.5607559308891856,128530,79302,496852,798125,0.23719623822600172,0.20552238471846007,0.6184321952346126,0.13829568494732197
0.56038110899999,128611,79343,496771,798084,0.23733503304321638,0.2056519055553246,0.6184588899468152,0.13837686625512624
0.5603792537171317,129328,79848,496054,797579,0.23855057579138114,0.20679840481497708,0.6182736069147512,0.1391900101742803
0.5603652218500202,129404,79952,495978,797475,0.23867491194754184,0.2069199305384549,0.6181050459504385,0.13930978587431936
0.5598349441386206,129518,80022,495864,797405,0.23886896234251595,0.2071022191236716,0.6181063281473704,0.1394322232565815
0.5592473708360808,129606,80056,495776,797371,0.2390205039115665,0.2072429331192775,0.6181663820816362,0.13951340456438577
0.5589105276678377,129679,80113,495703,797314,0.23914366434061637,0.2073596617747233,0.6181312919463087,0.1395999092366362
0.5588390283997411,129989,80352,495393,797075,0.2396668128143358,0.20785535880469858,0.6179917372266938,0.13996522512175533
0.558253415553635,130011,80361,495371,797066,0.23970463512666396,0.20789053730360005,0.6180052478466717,0.13998585315898426
0.5582154385119118,130156,80457,495226,796970,0.2399506515332352,0.20812239559181428,0.6179865440404914,0.14014621951292547
0.5581790762379066,130316,80577,495066,796850,0.2402208211778334,0.2083782392201886,0.6179247296022153,0.14033253726854178
0.558047367482698,130496,80688,494886,796739,0.24052682334136466,0.20866606330210974,0.6179256004242746,0.1405261746502716
0.5579103674261178,130532,80706,494850,796721,0.24058838838292723,0.208723628118494,0.6179380603868622,0.14056210736028332
0.5578911419925572,130814,80809,494568,796618,0.24107393948954556,0.20917455251350375,0.6181464207576681,0.14081829427425574
0.5577099100589296,131115,80955,494267,796472,0.24158884256253138,0.20965585833938297,0.6182628377422549,0.1411157372626861
0.5576820055340549,131436,81129,493946,796298,0.24213613903429249,0.21016914461880898,0.6183332157222496,0.1414451204377935
0.5573447974887666,132164,81690,493218,795737,0.24336170748719702,0.21133323312791222,0.6180104183227809,0.14230284753418432
0.5572671556145812,132267,81763,493115,795664,0.24353558274211046,0.2114979324636782,0.61798346026258,0.1424199615520003
0.5569733566666981,133794,83007,491588,794420,0.24609603914757927,0.21393964009197577,0.617128149777907,0.14426384191204605
0.5568582578816251,133901,83147,491481,794280,0.24627047395401122,0.2141107355184511,0.6169188382293318,0.14442820078932186
0.5568021133617272,134566,83583,490816,793844,0.2473933485483754,0.21517408559888196,0.6168536183984341,0.14516082882122744
0.5563193891577282,135643,84328,489739,793099,0.24920641161359972,0.21689623302237673,0.6166403753222016,0.14637322507384504
0.5561984925544732,135805,84442,489577,792985,0.24947874089518787,0.21715527469610574,0.6166031773418026,0.14655688114723828
0.5560054432721683,135844,84448,489538,792979,0.2495462594881366,0.21721763658052198,0.6166542588927424,0.14658682507224804
0.555806940850772,135893,84482,489489,792945,0.2496286605363968,0.21729598869171163,0.616644356211004,0.14664205497837715
0.5556212625709191,135917,84492,489465,792935,0.24966962865047942,0.21733436523596777,0.6166581219460185,0.14666467927727342
0.5555550642066276,135938,84555,489444,792872,0.24970049826948432,0.2173679447121919,0.6165184382270639,0.14672057460395832
0.5555115028751183,136087,84705,489295,792722,0.24994673660701167,0.2176061990911155,0.6163583825500923,0.14691953535013433
0.5554874661068461,136117,84715,489265,792712,0.2499981633582627,0.2176541697714357,0.6163825894797855,0.14694615217236523
0.5553076555339458,136166,84776,489216,792651,0.2500780541199719,0.21773252188262535,0.6162974898389623,0.1470193484335002
0.5552423737823555,136498,84976,488884,792451,0.2506388170115189,0.21826339741150208,0.6163161364313644,0.1473733521691712
0.5549160416873952,136696,85180,488686,792247,0.25096533602800025,0.21858000390161533,0.6160918711352287,0.14764085123259177
0.5545147542005634,136840,85240,488542,792187,0.2512108937850087,0.21881026316715224,0.6161743515850144,0.14777659702596938
0.5544294690738371,137008,85323,488374,792104,0.2514961310405568,0.2190788989769453,0.6162343532840675,0.14794361758546828
0.5542178571507645,137184,85364,488198,792063,0.25179914216783966,0.21936032696815705,0.6164243219440301,0.14808801384607093
0.5541008059428914,137235,85417,488147,792010,0.25188313547562935,0.2194418771247014,0.6163654492212062,0.14815721758387126
0.5538141116071733,137603,85683,487779,791744,0.25249980365632296,0.22003031746996235,0.6162634468797865,0.14857909421623108
0.5533952030988517,137790,85775,487592,791652,0.25281705982144465,0.22032933471062485,0.6163308210140228,0.14876474655129163
0.5533463385827038,137828,85804,487554,791623,0.2528805648108735,0.22039009757236377,0.6163160907204693,0.14880932972852837
0.5531508469554797,137909,86496,487473,790931,0.25295742778710995,0.2205196184092283,0.6145540429134824,0.14932369981814056
0.5527602400327691,138086,86708,487296,790719,0.25324594820421065,0.2208026454231174,0.6142779611555469,0.14958254841433608
0.5522814717806287,138543,87002,486839,790425,0.25401410229942506,0.2215333987866616,0.6142587953623445,0.15008227925172127
0.5518519770863339,138978,87337,486404,790090,0.254739733921637,0.2222289736513043,0.6140909793871374,0.15059465307966616
0.5516238130495428,139290,87546,486092,789881,0.25526286082062366,0.22272786872663428,0.6140559699518595,0.15094133718922365
0.5514839491222209,140678,88417,484704,789010,0.2575932305558109,0.22494731220278166,0.6140596695693926,0.15244452222471386
0.5514145668804823,140819,88569,484563,788858,0.2578237485151502,0.22517277440028655,0.6138900029644097,0.1526394904475552
0.551114968403528,141473,88970,483909,788457,0.25892112324764793,0.22621853523126664,0.6139175414310697,0.15334150913389527
0.55075827023198,141779,89209,483603,788218,0.25942940498793055,0.22670783617053258,0.613793790153601,0.1537041633367913
0.550582799589972,143213,90163,482169,787264,0.2618245466751301,0.22900083468983756,0.6136577882901413,0.15529318762397618
0.5504994411143331,143614,90510,481768,786917,0.2624858717409963,0.22964204278345077,0.6134099878696759,0.15579092219969404
0.5504817580440684,145268,91524,480114,785903,0.2652502264161968,0.23228682629177047,0.6134835636339065,0.15756626424249523
0.5499263716400291,145364,91633,480018,785794,0.26540564720059157,0.23244033246879509,0.6133579749954641,0.1577026754564286
0.5496453008786879,145838,92010,479544,785417,0.26618835822464676,0.23319826921785405,0.6131563015034812,0.15826894834939104
0.5492781740960412,145860,92019,479522,785408,0.26622550062842065,0.23323344771675553,0.6131688799767949,0.15828957638662
0.5490301842465344,146200,92455,479182,784972,0.266770504013783,0.23377711542705099,0.6125997779221052,0.1588059427378995
0.5490101172538994,146229,92614,479153,784813,0.2668051150738349,0.23382348708469383,0.6122390021897229,0.15893104180238474
0.5489593202924616,146318,92710,479064,784717,0.2669494803244305,0.23396580010297707,0.6121374901685158,0.15905414460520265
0.5487772519771026,146752,92873,478630,784554,0.2676829786589804,0.23465977594494244,0.6124235785080856,0.15945140067699887
0.5483909835256682,146870,92903,478512,784524,0.267883753006328,0.23484846062086853,0.6125376919002556,0.1595498829192532
0.5483669205017776,147277,93003,478105,784424,0.26857642840052987,0.23549926285054576,0.6129390710837357,0.1598872511410299
0.5478827467700457,147310,93021,478072,784406,0.26863161088881665,0.23555203059889795,0.6129463115453271,0.1599211875893743
0.5475886589292269,147480,93113,477902,784314,0.26891592311207274,0.23582386445404568,0.6129854152032685,0.1600955277749867
0.5470864847498724,148224,93571,477158,783856,0.2701541160118586,0.23701353732598635,0.6130151574681032,0.1608953632830253
0.5465599419170838,148441,93644,476941,783783,0.2705210246488845,0.23736052524696905,0.6131771898300183,0.16108833524419935
0.5465466975889516,148576,93758,476806,783669,0.2707424790313799,0.2375763933084099,0.6131042280488912,0.16125402496258673
0.5464414121319369,148633,93773,476749,783654,0.2708392403024271,0.23766753760101825,0.6131572650841975,0.16130193524260236
0.5456496964628594,148640,93777,476742,783650,0.2708509099125529,0.23767873075975962,0.6131583181047534,0.16130925486871586
0.5454711895017236,148720,93867,476662,783560,0.27097989697953623,0.23780665257394681,0.6130584079113884,0.16142237636319717
0.5452912287714551,148984,94047,476398,783380,0.27141701089318904,0.23822879456076446,0.6130246758643959,0.1617178230899602
0.5452059225960021,149491,94624,475891,782803,0.27223313446067093,0.23903949905817565,0.6123794113430145,0.16243913897241766
0.5451132266107576,149701,94701,475681,782726,0.2725870652201622,0.23937529382041697,0.6125195374833267,0.16263011467192437
0.5447274432097516,149713,94703,475669,782724,0.272607525863601,0.23939448209254505,0.6125335493584708,0.1626394305597052
0.5445689697461673,149810,94782,475572,782645,0.2727666671522002,0.23954958729224698,0.6124893700529862,0.16275654457752117
0.5442242802469992,149879,94981,475503,782446,0.27286566938101975,0.2396599198569834,0.6121007922894716,0.16293487728646822
0.5436668263560418,152189,96687,473193,780740,0.2766666278844853,0.2433536622416379,0.6115053279544833,0.1656072062384508
0.5433359851089767,152224,96736,473158,780691,0.2767218035490429,0.2434096280353448,0.611439588688946,0.1656631015651357
0.5432767310669167,152439,96853,472943,780574,0.27707919820271776,0.24375341791097282,0.611487733260594,0.16588402118965218
0.5430636278373576,153189,97389,472193,780038,0.2783123179121734,0.2449526849189775,0.6113425759643704,0.1667397520243757
0.5422810835758006,153436,97544,471946,779883,0.27872035249307175,0.2453476435202804,0.6113475177304964,0.16700725108779627
0.5422292661817936,153561,97623,471821,779804,0.2789267456966076,0.24554752135494787,0.6113486527804318,0.16714299688117384
0.5421987765090609,153681,97765,471701,779662,0.27911814641184407,0.2457394040762286,0.6111888834978484,0.16731733706678625
0.5420917818909299,154004,98211,471378,779216,0.2796266754014445,0.24625588840100932,0.6106060305691573,0.16782904547417535
0.5419107858247237,154220,98332,471162,779095,0.27998460465926917,0.24660127729931466,0.6106465203205677,0.16805329220147072
0.5417181967484612,154374,98394,471008,779033,0.28024221071373595,0.24684752679162497,0.6107339536650209,0.1681970230415176
0.5415778107554476,154586,98692,470796,778735,0.28057511127825335,0.24718651959922094,0.6103412061055441,0.16853638752496158
0.541561484930634,154750,98911,470632,778516,0.28083372864801653,0.24744875931830465,0.6100661907033403,0.16879124359782247
0.5406751113328274,154955,99006,470427,778421,0.2811751380607943,0.24777655896715928,0.6101527399876359,0.16899086976455424
0.5406400533170241,155064,99045,470318,778382,0.2813578130936695,0.2479508524389893,0.6102263202011735,0.16908935200680858
0.5402823073828937,155099,99055,470283,778372,0.2814167237003399,0.24800681823269619,0.6102559865278532,0.16911929593181835
0.5401400817070806,155148,99085,470234,778342,0.2814975609278163,0.24808517034388583,0.6102590930367026,0.16917186415572438
0.5399237975926807,155796,99956,469586,777471,0.2825175535310161,0.24912133703880188,0.6091682567487253,0.1701826379799429
0.5397833289002334,156301,100203,469081,777224,0.2833560306769465,0.2499288434908584,0.6093511212300783,0.17068303423788386
0.5395182281159319,156332,100219,469050,777208,0.2834074005856975,0.24997841319385591,0.6093603221191888,0.17071430900400517
0.5390772873278895,156491,100526,468891,776901,0.2836477200843198,0.2502326577995529,0.6088741211670823,0.17102439498299518
0.5388613200950642,156719,100614,468663,776813,0.28402844507207864,0.25059723496998637,0.6090124469073146,0.1712346678786193
0.5383019069975565,156951,100811,468431,776616,0.28440468381358974,0.25096820823112914,0.60889890674343,0.17152013329704574
0.5378321313767872,160071,102872,465311,774555,0.2895147028129432,0.2559571589844287,0.6087669190661094,0.17496767719650336
0.5371292699705595,160128,102906,465254,774521,0.2896082634428166,0.2560483032770371,0.6087730103332649,0.17502823046707866
0.537018178989541,160216,102946,465166,774481,0.2897540049698158,0.256189017272643,0.6088113025436803,0.17511340429821753
0.5369560405128408,160458,103041,464924,774386,0.2901562986545882,0.25657598076055915,0.6089510776131978,0.17533765102551288
0.5368580774871581,160728,103222,464654,774205,0.2905971408920989,0.2570077168834408,0.6089335101344951,0.17563775569616633
0.5364988931037369,160829,103438,464553,773989,0.29074642191485633,0.25716921817385213,0.608585256577628,0.1758486940123462
0.5360161669539842,160867,103481,464515,773946,0.2908066015974686,0.257229981035591,0.6085425272746531,0.17590259307736378
0.5347438440534464,164963,105610,460419,771817,0.2975414676449379,0.2637795779219741,0.6096801972111039,0.18004483603704796
0.5347075305401423,165054,105659,460328,771768,0.29769056874925376,0.263925088985612,0.6097010487121047,0.1801379949148561
0.5345599818610098,165257,105814,460125,771613,0.29801821323602873,0.2642496905891119,0.6096447056306281,0.18037621547382268
0.5344445410179135,165322,105895,460060,771532,0.29811973333285247,0.26435362706313903,0.6095561856373309,0.18047336687496549
0.534165845156011,165899,106257,459483,771170,0.29905894110504294,0.265276263147964,0.6095731859668719,0.18109819677683592
0.5340251356852952,166121,106508,459261,770919,0.2994080724342566,0.26563124618233336,0.6093298952055725,0.18141294069971634
0.5339966493892792,166161,106661,459221,770766,0.2994593328166958,0.26569520708942695,0.6090454582108481,0.18154136686698044
0.5335856846015206,166239,106733,459143,770694,0.2995837087763561,0.26581993085825945,0.6089965271163342,0.18164117995034632
0.5326387278983227,166368,106881,459014,770546,0.29978625309349183,0.26602620478363626,0.6088512675252242,0.18182550144429532
0.5321837100127036,166517,106950,458865,770477,0.3000311712273355,0.26626445916255986,0.6089107643701068,0.18197056312545373
0.5314947294963078,166789,107054,458593,770373,0.30048054836632654,0.26669939333079623,0.6090679696030207,0.1822207612544242
0.5313898563976404,166919,107111,458463,770316,0.30069449098163326,0.26690726627885036,0.6091267379483998,0.18234519489835369
0.5312954893862807,167641,107572,457741,769855,0.3018664686407555,0.2680617606518896,0.6091318360687904,0.18313238741583263
0.5310757986685177,167788,107740,457594,769687,0.3020968968576795,0.2682968169854585,0.6089689614122703,0.18334199489090097
0.5310001111936156,167951,107889,457431,769538,0.30235640361666155,0.26855745768186484,0.608871084686775,0.18354960610430202
0.5305547075602535,168038,107914,457344,769513,0.3025008280887711,0.2686965726547934,0.6089392358091262,0.18362413320654852
0.530268520854714,168104,108162,457278,769265,0.30258543290107187,0.2688021081514978,0.6084860243388618,0.18383307526106113
0.53017703945413,168265,108258,457117,769169,0.3028472119482328,0.2690595508025495,0.6085027285252944,0.18400408834389467
0.529203336743965,168295,108311,457087,769116,0.30289215710977224,0.26910752148286965,0.6084285951859323,0.18405931825002378
0.5291122687378662,168560,108597,456822,768830,0.30330893930042446,0.26953126249236464,0.6081751498248286,0.18442596497625446
0.5290017748311286,168561,108623,456821,768804,0.3033077915235548,0.269532861515042,0.6081195162779959,0.18444393133126033
0.5288951806285733,168666,108653,456716,768774,0.3034819837148285,0.2697007588961627,0.6082021065992593,0.18453376310628963
0.5288119046850097,168734,108688,456648,768739,0.3035930837186707,0.2698094924382218,0.6082214099819048,0.1846023014235342
0.5287289468374597,169220,108933,456162,768494,0.30438744589756883,0.2705866174594088,0.6083702135155832,0.18508872384980393
0.528590476937979,169519,109238,455863,768189,0.3048590342356989,0.27106472523993336,0.6081246390225178,0.18549063786549055
0.5285101172599243,170079,110292,455303,767135,0.3056886680645128,0.27196017793924354,0.6066212268743915,0.18656462664250748
0.5284574561396956,170323,110559,455059,766868,0.3060709960070586,0.2723503394725144,0.6063863116896063,0.18690465654650723
0.5282173601647138,170418,110704,454964,766723,0.3062152983666649,0.2725022466268617,0.606206558006844,0.18706435747989267
0.5277850051448641,170419,110727,454963,766700,0.3062144541545291,0.272503845649539,0.606158366115826,0.1870803275732312
0.5276592595052185,170454,110753,454928,766674,0.30627062943471084,0.27255981144324587,0.6061513404716099,0.1871209182271333
0.5275367394356109,170836,111017,454546,766410,0.30688576231568726,0.2731706381059896,0.606117373240661,0.1875507799061624
0.5274866393854609,171069,111386,454313,766041,0.3072378674726103,0.2735432103898097,0.6056504575950151,0.18795136308073748
0.5269724280004897,171205,111516,454177,765911,0.30745274578530873,0.27376067747392796,0.6055616668022538,0.18812836494857296
0.5260109037847811,171312,111596,454070,765831,0.30762423700885927,0.27393177290040327,0.6055396100499102,0.18825279859250243
0.5250555581089806,171338,111611,454044,765816,0.3076663948023273,0.2739733474900141,0.6055437552350423,0.1882800808352891
0.5249930725318541,171541,111842,453841,765585,0.3079829122007849,0.27429794909351407,0.6053327122657323,0.18856887335649442
0.5249513786334554,172049,112549,453333,764878,0.3087602642522269,0.27511025261360256,0.6045334120408435,0.18937735933175806
0.5248303991611223,172205,112763,453177,764664,0.30899918751004846,0.27535970015126754,0.6042959209455097,0.1896235649373939
0.5243517435130738,172229,112864,453153,764563,0.30902838958006845,0.2753980766955237,0.6041151483901744,0.18970674250686548
0.5243296766773171,172270,112916,453112,764511,0.3090916398309981,0.2754636366252946,0.6040619104724636,0.18976862661855232
0.5240689449339908,172404,112978,452978,764449,0.309310311420175,0.27567790566405814,0.6041165875913688,0.18989904904748375
0.5239905232523043,172454,113020,452928,764407,0.3093898030930728,0.2757578567979251,0.6040970456153625,0.18996026773861482
0.523921409401165,173712,114353,451670,763074,0.3113572481720452,0.27776942732601834,0.6030305660180862,0.19168437239862152
0.5238672910862918,173844,114430,451538,762997,0.3115704985515101,0.27798049831942717,0.6030512637282586,0.191823445294778
0.5234477654631743,177521,117970,447861,759457,0.31733963909433577,0.2838601047040049,0.6007661823879576,0.19662578544578851
0.5231619877527227,177777,118231,447605,759196,0.31773853848529565,0.28426945450940383,0.6005817410340261,0.19696980787312293
0.5231087743468261,180027,120375,445355,757052,0.3212553489915879,0.28786725553341797,0.5992869554796573,0.19989366579518755
0.5229367401081098,180034,120380,445348,757047,0.3212664644735687,0.28787844869215934,0.5992863182141978,0.19990165084185682
0.5226690034291342,180188,120475,445194,756952,0.3215127020249512,0.2881246981844697,0.5993022087852513,0.2000673405602442
0.5225087402314831,180260,120551,445122,756876,0.3216241860816982,0.2882398278172381,0.5992467030793421,0.20016582280249853
0.5219919082026437,180472,120662,444910,756765,0.3219653315312371,0.2885788206248341,0.599307949285036,0.20038075364201305
0.5219585780578921,180608,120755,444774,756672,0.3221816331780294,0.28879628770895227,0.5993038296008468,0.20053313494928499
0.521901646938804,180637,120769,444745,756658,0.3222284220748687,0.28884265936659514,0.5993145458285501,0.2005617480331832
0.521756787925695,180668,120805,444714,756622,0.32227601773955844,0.28889222906959267,0.5992841813363055,0.20060633121041996
0.5217027403104942,180807,121053,444575,756374,0.3224794427314378,0.2891144932217429,0.5989763466507653,0.20086384896550394
0.5215037158398707,182290,122403,443092,755024,0.3247962295200556,0.2914858438522375,0.5982743285864789,0.20274898540000758
0.5214350173961619,182354,122443,443028,754984,0.3248982209829581,0.29158818130358727,0.598280166799542,0.20281818913780794
0.5212939086703521,182443,122491,442939,754936,0.3250409234117547,0.2917304943218705,0.5983032393895072,0.20290935175394878
0.5211875183722232,182448,122492,442934,754935,0.32504913649469724,0.29173848943525715,0.5983078638420672,0.20291334427728341
0.5210191002766847,182909,122864,442473,754563,0.32577375920857793,0.2924756388895107,0.5981855821148369,0.20346763960024195
0.5206718749689444,183291,123286,442091,754141,0.3263606595907204,0.2930864655522545,0.5978628533777811,0.20400263772708307
0.5202191344020594,183441,123481,441941,753946,0.32658761950542115,0.2933263189538554,0.5976795407302181,0.20423220781882462
0.5199651118742696,183503,123542,441879,753885,0.32668369310678413,0.29342545835985046,0.5976420394404729,0.20431405454718463
0.5197399557262778,183668,123742,441714,753685,0.32693494836838694,0.2936892971016115,0.5974691779707882,0.20455693305004163
0.5194564159427346,183704,123811,441678,753616,0.32698680653873935,0.2937468619179957,0.597382241516674,0.20462680220839774
0.5190146732681131,184066,124124,441316,753303,0.32755244476491946,0.29432570812719266,0.5972484506311042,0.20507596108354423
0.5186261030937737,184074,124140,441308,753287,0.32756388308962175,0.29433850030861136,0.5972279000953883,0.20509193117688276
0.5186110636476357,184095,124159,441287,753268,0.327596589343942,0.2943720797848355,0.5972185275779065,0.20511854799911367
0.5184599457457284,184292,124278,441090,753149,0.32791027216844393,0.2946870872522714,0.5972453576173964,0.20532882089473778
0.5177075754262002,185076,124777,440306,752650,0.32915495978666715,0.29594072103130564,0.5973025918742113,0.206182555467794
0.5176162781235469,185134,124829,440248,752598,0.3292452296663941,0.2960334643465914,0.5972777396011782,0.20625575172892896
0.5173720641094253,185238,124924,440144,752503,0.32940686917832335,0.2961997627050347,0.5972298347315274,0.2063881704195277
0.5169503648618973,194205,134908,431177,742519,0.3430406752392833,0.31053819905273894,0.5900860798570704,0.2189985553719734
0.5168250244176905,194720,135373,430662,742054,0.3438313248842271,0.31136169573156885,0.5898943631037313,0.2196506675166305
0.5159723955553122,194807,135611,430575,741816,0.34394547071165904,0.3115008107044974,0.5895774443280936,0.21986692919725662
0.5158479773531148,194988,135853,430394,741574,0.3442136247077976,0.3117902338090959,0.5893707249101532,0.2201484020923484
0.5158416146426643,195241,136148,430141,741279,0.344593576161956,0.3121947865464628,0.5891595677587367,0.22051305255691175
0.5155377506821327,195882,137037,429500,740390,0.34553830076907416,0.31321976008263747,0.588377353049841,0.22153114600724377
0.5152103241004268,196124,137535,429258,739892,0.3458748929082985,0.3136067235705537,0.5877977216259714,0.22202355721851547
0.5150163814620697,196364,138072,429018,739355,0.3462032663320127,0.31399048901311516,0.5871497087634107,0.22254058899035073
0.5149975638754563,196400,138131,428982,739296,0.3462551378515045,0.3140480538294994,0.5870905835333646,0.22260380394314913
0.5148740086644854,196564,138251,428818,739176,0.34650957236131175,0.3143102935485831,0.5870824186491047,0.22279278338098854
0.514739712371657,196673,138339,428709,739088,0.3466776424799227,0.3144845870204131,0.5870625529831768,0.22292387123047572
0.5139945790451772,196716,138347,428666,739080,0.3467472046551653,0.3145533449955387,0.5871015301599998,0.22295780767882012
0.5139289134543336,197465,139564,427917,737863,0.3478263779800793,0.3157510129808661,0.5858991362761068,0.22426602449146898
0.5138270556243445,197992,140221,427390,737206,0.3486092569709702,0.31659369793182407,0.5854062380807361,0.2250538824295037
0.5131770089408052,198512,140961,426870,736466,0.34936981718767435,0.31742518972404066,0.5847652096042985,0.2258923123297771
0.512989205457588,198690,141167,426692,736260,0.34963582900592494,0.31770981576060714,0.5846282407012361,0.22614783382319376
0.5128047273017977,198814,141185,426568,736242,0.3498365491512134,0.3179080945725972,0.5847487786728784,0.22624232354211346
0.5128042204107023,198817,141210,426565,736217,0.34983838074575363,0.31791289164062925,0.5847094495437127,0.2262609553176751
0.5123694192678143,198935,141261,426447,736166,0.35002519597258563,0.31810157631655533,0.5847658408682054,0.22637341139160067
0.5119920689396895,198986,141306,426396,736121,0.350103102941073,0.31818312647309965,0.5847507434791297,0.22643729176495483
0.5119875743300635,199156,141470,426226,735957,0.3503610289942065,0.3184549603282474,0.5846764486562975,0.22665954223058285
0.5118278856234688,199256,141549,426126,735878,0.3505148763357425,0.3186148625959813,0.5846627837032907,0.22677865251006615
0.5113755359459017,199472,142252,425910,735175,0.3507814291522524,0.3189602514942867,0.5837225363158572,0.22739017400082112
0.5110273886260124,199535,142292,425847,735135,0.3508795067798428,0.3190609899229591,0.5837309516217268,0.2274587123180657
0.5108931127181628,199582,142338,425800,735089,0.35095067678396086,0.31913614398879403,0.5837096396817969,0.22752059642975256
0.5106376585609038,199783,142538,425599,734889,0.35125458489533024,0.31945754754693934,0.5836130415604067,0.22778743007261734
0.51054713875514,199933,142640,425449,734787,0.35148716589178797,0.31969740094854027,0.5836215930619167,0.22795511605267202
0.5105383986392852,200049,142706,425333,734721,0.3516685927525496,0.31988288757911165,0.5836501291009614,0.22807622259382263
0.5101116406944384,200197,142842,425185,734585,0.3518936273956634,0.32011954293535794,0.5835983663665064,0.22826520203166203
0.5095456732122947,200389,143150,424993,734277,0.352169210777813,0.3204265552894071,0.5833078631538196,0.22859791230954832
0.5094616704895152,200414,143181,424968,734246,0.3522062139317,0.3204665308563406,0.5832855542135363,0.22863517586067159
0.5083337675104634,200979,143565,424403,733862,0.3530813696912798,0.3213699786690375,0.5833188213987183,0.22926665996809975
0.5082453716562925,201111,143683,424271,733744,0.3532822358116896,0.3215810496624463,0.5832787113464851,0.22943301510704286
0.5081358160737545,201249,143815,424133,733612,0.3534911220153784,0.32180171479191916,0.5832222428303155,0.22961267865710147
0.5076952629679463,201423,143926,423959,733501,0.35376133215449773,0.3220799447377763,0.5832447755748532,0.22980232351549665
0.5076056663997082,201783,144189,423599,733238,0.35431606672519755,0.32265559290161855,0.5832350594845825,0.23021688052174294
0.5075330036426564,201833,144326,423549,733101,0.3543805902825697,0.3227355440354855,0.5830644299295988,0.2303413141656724
0.5075075154971637,201872,144338,423510,733089,0.35444271909845637,0.32279790591990176,0.5830911874295948,0.2303752506140168
0.5072991677267673,201977,144501,423405,732926,0.3545937052098907,0.3229658033010224,0.582943217173962,0.23055358332296386
0.5071219942326339,202760,145321,422622,732106,0.35576810713329443,0.3242178380573793,0.582508094380331,0.23162025247386728
0.5071072592475383,203122,145584,422260,731843,0.3563251297963606,0.32479668426657626,0.5825021651477176,0.23203614032122513
0.5067281733338214,203337,145700,422045,731727,0.3566608724936986,0.32514047414220426,0.5825657451788779,0.23225639452518584
0.5064848132387054,203359,145725,422023,731702,0.3566935801855882,0.32517565264110576,0.5825503317253155,0.23228766929130715
0.5063434696748421,203458,145823,421924,731604,0.3568425664434201,0.3253339558861624,0.5825052035467145,0.23241875714079435
0.5061998639486978,203563,145854,421819,731573,0.35700969327714144,0.32550185326728304,0.582578981560714,0.2325092543363794
0.5061332424779363,203807,146001,421575,731426,0.3573886066040621,0.3258920148005539,0.5826253258930614,0.23276943377368647
0.5053260697140591,204104,146145,421278,731282,0.35785406783209206,0.32636692453572375,0.5827397080362827,0.2330628842387822
0.5050711754624313,204107,146171,421275,731256,0.3578556886408122,0.32637172160375577,0.5827000268358276,0.2330821814348996
0.5050033175985615,204217,146275,421165,731152,0.35802168287739916,0.32654761409826316,0.5826580920534563,0.2332245814338349
0.5048767577608233,205490,148130,419892,729297,0.35985875338161105,0.3285831699665165,0.5811040099541881,0.23530601693229147
0.5047555233650936,205558,148286,419824,729141,0.3599495967600719,0.3286919035085756,0.5809283186941138,0.23545507113678452
0.5045730003079965,208136,150555,417246,726872,0.3638462649188751,0.33281418397075707,0.5802654652611858,0.2386803645706141
0.5045575241242912,208383,150719,416999,726708,0.36422571251787195,0.33320914257205997,0.5802891657523489,0.2389538524190366
0.5043122727248688,208479,150795,416903,726632,0.36437159929278573,0.33336264874908456,0.5802785617662286,0.2390683047546295
0.5040248075613407,208575,151021,416807,726406,0.3644983579879795,0.33351615492610914,0.580025917974616,0.23928257017358825
0.5036799102872617,208643,151079,416739,726348,0.3646011358671909,0.33362488846816823,0.5800117868798683,0.2393664131636156
0.5035834744695464,208664,151087,416718,726340,0.3646341373910059,0.3336584679443924,0.5800234050774008,0.239385710359733
0.5032679092656733,208818,151219,416564,726208,0.3648667774452092,0.3339047174367027,0.579990389876596,0.23957602063868397
0.5029429097304563,208837,151294,416545,726133,0.36488798979892434,0.33393509886757217,0.57989176160897,0.23963857017092657
0.5025422299153502,214244,155232,411138,722195,0.37311686086121787,0.3425810144839474,0.57985904361853,0.2458569252646211
0.5021842540945554,216334,158207,409048,719220,0.3760932022145505,0.3459229718795872,0.5775976461855978,0.24922728037960912
0.5021645702862716,216380,158355,409002,719072,0.3761478001142455,0.3459965269227448,0.5774213777736267,0.249356371967429
0.502163692033778,216516,158576,408866,718851,0.37633750721332676,0.346213994006863,0.577234385164173,0.2495939271058398
0.5020719281616384,216866,158756,408516,718671,0.37687642284899986,0.3467736519439319,0.5773516993147366,0.24994660000039925
0.5018755984645823,216937,159066,408445,718361,0.37694989211236996,0.34688718255402295,0.5769555030146036,0.2502001252321486
0.5015534385582975,216997,159206,408385,718221,0.3770279431955245,0.34698312391466335,0.5768082657501402,0.2503332093433031
0.5015318933092928,217276,159352,408106,718075,0.377456955078182,0.3474292512416411,0.576898159457077,0.25061601307950643
0.5012910910569701,217507,159489,407875,717938,0.37780994704230364,0.34779862548010654,0.5769477660240427,0.25086088784403077
0.5001458706847166,217578,159522,407804,717905,0.3779196200412141,0.34791215609019766,0.5769769291964996,0.2509300915818311
0.4995943986670214,217591,159532,407791,717895,0.37793918053977366,0.3479329433850031,0.5769762120051017,0.2509453962546139
0.49929616065146076,217662,159656,407720,717771,0.3780368939498674,0.3480464739950942,0.5768661977430178,0.2510751532629895
0.4985905845207369,217731,159975,407651,717452,0.3781057739662702,0.3481568065598306,0.5764562914012485,0.25133333643862926
0.4985405080147537,217841,160033,407541,717394,0.3782747250991699,0.348332699054338,0.5764911055007754,0.25144512709199907
0.4984002864730528,217853,160052,407529,717375,0.3782914900259878,0.34835188732646605,0.5764755692568237,0.251465755129228
0.4980084227083086,217910,160133,407472,717294,0.37837233393446457,0.3484430316190744,0.5764159103594035,0.25155758316592464
0.4974424743829423,218319,160576,407063,716851,0.37897038039204656,0.34909703189410635,0.5761992108631679,0.2521245214794428
0.49735788812193427,218821,160926,406561,716501,0.379729460048069,0.3498997412781308,0.5762283836343671,0.25269145979296104
0.49711182265791765,218825,161076,406557,716351,0.37971610614039075,0.3499061373688402,0.5760053277037965,0.25279393455855004
0.49682112258485744,218882,161112,406500,716315,0.37980275701521626,0.3499972816614485,0.576014358121444,0.2528558186702369
0.4966833457293174,218905,161191,406477,716236,0.3798292213002113,0.3500340591830273,0.5759202938205085,0.2529236915669257
0.4965605845660447,221048,162579,404334,714848,0.3830782055036904,0.3534607647805661,0.5762055329786485,0.25527329154935857
0.49631866626850474,221498,163240,403884,714187,0.38371030251543,0.35418032498536894,0.5757112632492761,0.25601257378682185
0.4960695536349442,222240,163899,403142,713528,0.38480891321610144,0.35536679981195496,0.5755440398405756,0.25694482798545926
0.49584402028460894,222307,163908,403075,713519,0.3849147933178264,0.35547393433133667,0.5756042618748625,0.25699539994769793
0.49571070793321304,223954,165122,401428,712305,0.3873827061749032,0.358107524680915,0.5756047661639371,0.2588991681577632
0.49524647863787596,224075,165218,401307,712209,0.38756291032893425,0.3583010064248731,0.5755947319885022,0.25904356441836585
0.494854953637787,224535,165814,400847,711613,0.38821671876086017,0.35903655685644936,0.5752160246343656,0.2597462485252617
0.49456300922180807,225078,166331,400304,711096,0.38901296502481736,0.3599048261702448,0.5750455405981978,0.2604515943143806
0.4945607940343578,225124,166467,400258,710960,0.3890679920183027,0.35997838121340237,0.5748957458164258,0.2605727008555312
0.4944771331607698,225395,166729,399987,710698,0.3894645935309429,0.3604117163589614,0.5748054186940865,0.260927370011758
0.49378828386103535,225818,167096,399564,710331,0.3900890050655705,0.36108810295147603,0.5747262759789674,0.2614530522508183
0.4937509370553326,225832,167105,399550,710322,0.3901100894293073,0.36111048926895883,0.5747282643273603,0.2614683569236011
0.4936666420453034,226609,167572,398773,709855,0.39128413801248674,0.36235292988925166,0.5748856489785149,0.26229614009498214
0.49365019985072867,226610,167672,398772,709755,0.3912722174452053,0.36235452891192904,0.5747409214724487,0.2623633475711152
0.49322392325137865,226675,167736,398707,709691,0.3913670142913922,0.3624584653859561,0.5747177436734777,0.2624491868228098
0.49310453412509914,226709,167912,398673,709515,0.3913973348746905,0.36251283215698565,0.5744980626981332,0.26258892513952203
0.4930849229699341,227306,168385,398076,709042,0.3922830825008396,0.3634674486953574,0.574453298154368,0.26330092513419867
0.4929929246645257,227954,169057,397428,708370,0.39322224058396316,0.3645036153902735,0.574175526622688,0.26417928026781845
0.49253439526302045,228037,169147,397345,708280,0.39334193945448875,0.36463633427249265,0.5741344062197873,0.2642943980239671
0.49244076271672454,228154,169188,397228,708239,0.39352230351826745,0.3648234199257414,0.5742005627394033,0.26439953447177916
0.492300602787084,228159,169197,397223,708230,0.3935290270324718,0.3648314150391281,0.5741929151692688,0.26440885035956
0.4921984321850593,228510,169596,396872,707831,0.3940324882381708,0.36539267199887426,0.5739928561739838,0.2649079157763894
0.4916156103558724,228524,169781,396858,707646,0.3940295872210572,0.36541505831635707,0.5737412284555805,0.26504033446698816
0.4914189150104521,228552,169812,396830,707615,0.39406984811848167,0.36545983095132256,0.5737265415549598,0.26507959427977873
0.4913488565378049,228823,170203,396559,707224,0.3944470608028673,0.3658931660968816,0.573453860149464,0.26552010268770015
0.49092801043644774,228844,170205,396538,707222,0.3944801327460019,0.3659267455731057,0.5734734330871647,0.2655354073604829
0.49090650123871515,228914,170305,396468,707122,0.3945776725788219,0.36603867716051947,0.5734045724276651,0.26564852885496426
0.49073234379404707,229418,170586,395964,706841,0.39533942758515156,0.36684458458989866,0.5735392646073539,0.2661708839912457
0.4904451332981574,229479,170626,395903,706801,0.39543077984017966,0.3669421249732164,0.573546943927219,0.26623809146737876
0.49041462216012666,229584,170770,395798,706657,0.39557776642882103,0.36711002235433704,0.57345249454233,0.26640378118576613
0.48958958999874036,229744,170945,395638,706482,0.3958077566219204,0.36736586598271137,0.5733723660993938,0.2666266970719499
0.489348187282304,229752,170967,395630,706460,0.39581744765349053,0.36737865816413007,0.5733494044455092,0.2666466596886231
0.48915089934200195,230042,171522,395340,705905,0.39620170494080104,0.3678423747405586,0.5728650974688966,0.2672089400582509
0.48886398154151434,230092,171577,395290,705850,0.396273487469159,0.3679223258744255,0.572839825826738,0.267278809216607
0.4888596696381253,230251,171780,395131,705647,0.39649788414838477,0.36817657048012253,0.5727195166541884,0.2675196914577967
0.4887759763055063,230588,171949,394794,705478,0.3970090201149079,0.368715441122386,0.5728367827056892,0.26785639425901764
0.48861080272162827,230790,172251,394592,705176,0.39728785923143844,0.3690384437032086,0.572621643951856,0.268191766219127
0.4885524499075603,231557,172926,393825,704501,0.3984103983088846,0.3702648940967281,0.5724764699628909,0.269151302660551
0.4885007625923409,232049,173319,393333,704108,0.3991353663839367,0.3710516132539792,0.5724403504963391,0.2697401998524097
0.4874703162750543,232273,173514,393109,703913,0.3994630784761885,0.37140979433370325,0.5724012844176871,0.2700190110652784
0.48741314161584126,232486,173717,392896,703710,0.39977219350758375,0.3717503861639766,0.5723394460405266,0.2702958260164798
0.48706677965354195,232521,173786,392861,703641,0.3998180777107367,0.37180635195768347,0.5722790894569869,0.2703650297542802
0.4866672732043399,232892,174152,392490,703275,0.4003545382407587,0.37239958937097645,0.572154361690628,0.2708554447038845
0.48629400444156956,232904,174174,392478,703253,0.40037048675551107,0.37241877764310455,0.5721360525501256,0.2708780690027808
0.4862747324381349,233079,174311,392303,703116,0.40062834359717253,0.37269860661163895,0.5721274454453963,0.27108568021618185
0.48616210982315555,233325,174496,392057,702931,0.4009917682615595,0.3730919661902645,0.5721260062625515,0.2713724764757198
0.48583435567631117,233334,174497,392048,702930,0.4010058573039628,0.37310635739436054,0.5721340457199183,0.2713791306812775
0.48577656294534544,233917,174959,391465,702468,0.4018634526340673,0.37403858761524955,0.5720976530781948,0.27207449516205984
0.4855170795014897,234034,175370,391348,702057,0.4019915271122788,0.3742256732684983,0.5716456116696466,0.2724258372155078
0.48550871027606946,234041,175403,391341,702024,0.401998026775936,0.3742368664272397,0.5716068619884527,0.27245245403773866
0.48532272173656743,234242,175583,391140,701844,0.4022906188291148,0.37455826998538494,0.5715659122796316,0.27270597926948803
0.48521454683819387,234522,175881,390860,701546,0.4026915472928445,0.37500599633504,0.5714431912047426,0.2730905923507245
0.48479717800898825,236053,177536,389329,699891,0.4048774028623894,0.37745410005404695,0.570742935619661,0.2752106222414159
0.4840793231539573,236333,177796,389049,699631,0.40528258296500586,0.37790182640370207,0.5706748380335596,0.2755699493415331
0.4840467541863065,236426,177886,388956,699541,0.40541662093942055,0.37805053551269463,0.5706472416922512,0.2756917213032395
0.4839414559341897,236931,178540,388451,698887,0.40612115396679943,0.37885804196475115,0.5702708492289474,0.27646294372737984
0.48385259455671237,236988,178620,388394,698807,0.40619977950976577,0.3789491862573595,0.570220015014148,0.2765541063435207
0.48371593209923647,236994,178626,388388,698801,0.4062083925806987,0.37895878039342357,0.570217987584813,0.27656209139018995
0.48324048245449625,237337,179157,388045,698270,0.4066744527628647,0.37950724517175105,0.5698449437446877,0.2771436689559352
0.48320971843424765,237675,179386,387707,698041,0.40717449425047514,0.3800477148366918,0.569880664938702,0.2775209624110582
0.48295662703957454,237965,179545,387417,697882,0.4076086025601585,0.3805114314131203,0.5699623961102728,0.2778197362406001
0.4829410560249521,240721,182824,384661,694603,0.41147861950795755,0.38491833791186825,0.568348109409862,0.28183554929468746
0.48277257328541145,241546,184051,383836,693376,0.412599393602938,0.3862375316206734,0.5675462937943642,0.2832009922751328
0.4825705884742548,241661,184224,383721,693203,0.4127552210774496,0.3864214192285675,0.5674325228641535,0.28339263339519527
0.4823441011616698,241792,184316,383590,693111,0.4129475112343201,0.386630891199299,0.5674429956724586,0.2835410221791325
0.48232154427683704,242061,184523,383321,692904,0.41333972197784785,0.38706102829950334,0.5674404103295013,0.28385776236368027
0.4822513423245425,242176,184659,383206,692768,0.4135006486559214,0.3872449159073974,0.5673761523773824,0.2840247829231792
0.4819589150212691,242295,184871,383087,692556,0.4136570771818428,0.3874351996060008,0.5672150873430938,0.2842450371271399
0.48189676813435034,242390,184988,382992,692439,0.41378931246001066,0.3875871067603481,0.5671560070944223,0.2843861062849637
0.48170408067254733,242496,185118,382886,692309,0.4139369139495456,0.38775660316414606,0.567090881028217,0.28454314553612603
0.48166896052827346,242546,185349,382836,692078,0.4139825487817908,0.38783655429801306,0.5668353217494946,0.2847301287122981
0.48111985805759416,242638,185442,382744,691985,0.4141134240485416,0.3879836643843283,0.5668052700429826,0.28485323151511605
0.4808822824966038,243667,185898,381715,691529,0.4156589367856974,0.38962905871931075,0.5672412789682586,0.28584138104043827
0.4807529081839178,243802,185954,381580,691473,0.4158621273134913,0.3898449267807516,0.5673033069928052,0.28596847636659084
0.48035771140731665,243910,186011,381472,691416,0.4160229292749081,0.3900176212299043,0.5673367897823088,0.2860782707582933
0.48002609985578604,243955,186070,381427,691357,0.41608492154158566,0.39008957725038457,0.5673042264984594,0.2861474744960936
0.48001303577093224,244230,186246,381152,691181,0.416489882005618,0.39052930848665296,0.5673487023666824,0.28644757916674707
0.47951607235188065,244822,186796,380560,690631,0.41733687992346785,0.391475929911638,0.5672191613880793,0.2872074894414393
0.4789370230104544,245130,187012,380252,690415,0.417787276687562,0.3919684288962586,0.5672441003188766,0.28755616981266413
0.47876013719230703,245605,187539,379777,689888,0.41845391921141445,0.3927279646679949,0.5670285170751528,0.28822292120954823
0.4785665834296303,246338,188806,379044,688621,0.4194169454402807,0.39390004829048486,0.5661068519846304,0.28955376232109337
0.4784336689013957,246357,188910,379025,688517,0.4194317274443739,0.39393042972135434,0.5659905299505821,0.2896356090494534
0.4784219027620503,246442,189003,378940,688424,0.4195510139180714,0.3940663466489282,0.5659543685195605,0.2897540539083809
0.47832849785517695,246490,189067,378892,688360,0.4196167288314775,0.3941430997374405,0.5659190415950152,0.2898285810106274
0.4780701436790076,246584,189298,378798,688129,0.41973030663067123,0.3942934078691104,0.5657127387687494,0.2900448426912535
0.47777975212985413,246723,189364,378659,688063,0.419937602442798,0.3945156720212606,0.565765546783096,0.2901812539051869
0.47759900316996406,246771,189460,378611,687967,0.41999871330493754,0.3945924251097729,0.5656888208311651,0.2902770744652181
0.4763634694235175,246916,189612,378466,687815,0.4202030185946081,0.39482428339798714,0.5656361103984165,0.2904747043702826
0.47585899759236927,246965,189639,378417,687788,0.42027553561242315,0.3949026355091768,0.5656498795246951,0.2905252763325213
0.4754479054723427,248787,192859,376595,684568,0.4226508524470521,0.39781605482728954,0.563317679770676,0.29388032677472653
0.47533946687843587,248859,192954,376523,684473,0.4227491819670232,0.397931184460058,0.5632677173374255,0.29399145200754057
0.4749960511787834,249940,193644,375442,683783,0.4243302122296198,0.39965972797426214,0.5634558505266195,0.29516991181181373
0.47459422695869924,250190,193974,375192,683453,0.4246710110900936,0.40005948364359706,0.5632829315297952,0.2955558557341618
0.4743608030225209,250419,194061,374963,683366,0.4250141208034737,0.4004256598367078,0.5633976781857452,0.29576612862978596
0.47400680658532435,250640,194388,374742,683039,0.4253100908314656,0.40077904384839985,0.5632005177202334,0.2961307790943493
0.47266258027371866,250771,194648,374611,682779,0.4254759247451685,0.40098851581913136,0.5630002312429421,0.29639095853165637
0.472463505302932,250965,194960,374417,682467,0.4257319794412328,0.40129872621853524,0.5627964343779783,0.2967276613328773
0.47235758145580453,251341,195327,374041,682100,0.42626236518874594,0.40189995874521495,0.5627020516356668,0.2972220688058163
0.4723398243519217,251343,195544,374039,681883,0.4262340952681356,0.4019031567905696,0.5624307710897833,0.2973677959075305
0.47218865024166856,251474,195632,373908,681795,0.42642457490485425,0.4021126287613011,0.5624482784842968,0.29751352300924466
0.4719217319825594,251504,195729,373878,681698,0.4264570780744862,0.4021605994416213,0.5623556401249461,0.2975980314198278
0.4718365128459986,251519,195734,373863,681693,0.42647961988360616,0.4021845847817814,0.5623640310964935,0.29761133983094323
0.4714863647577102,251590,195792,373792,681635,0.42658134700618194,0.4022981153918725,0.5623605777612868,0.29769717908263793
0.47118916136695477,251603,195815,373779,681612,0.4265981811806659,0.4023189026866779,0.5623443848928742,0.29772113422264573
0.47075717662162864,251782,195997,373600,681430,0.4268494259837989,0.4026051277459217,0.5622907729035975,0.29796135104327964
0.4705303289504582,251887,196284,373495,681143,0.42697068412743133,0.40277302512704233,0.5620332417760185,0.29822219590114246
0.47048936504536765,251944,196436,373438,680991,0.42703704657907976,0.4028641694196507,0.5618983897586868,0.2983612687972989
0.47012812974618157,252080,196513,373302,680914,0.42723671334158836,0.4030816365037689,0.5619347604621561,0.2985030033756785
0.47004802406522816,252249,196625,373133,680802,0.42748242442894224,0.4033518713362393,0.5619594808342653,0.2986899865518506
0.4699998710726123,252362,196961,373020,680466,0.4276088491082742,0.40353256089877865,0.5616494147862451,0.29898876038139244
0.4696000329617622,252426,197104,372956,680323,0.42768729045650744,0.4036348983501284,0.5615331568527129,0.29912650243643735
0.4694252069610755,252567,197255,372815,680172,0.4278838497636675,0.4038603605476333,0.561482097362957,0.29932080523872295
0.4694126024331202,252637,197338,372745,680089,0.42798025277290924,0.40397229213504704,0.5614467470415023,0.29942261458375613
0.46940537471884414,253078,198083,372304,679344,0.4285551238210323,0.4046774611357538,0.5609483089185457,0.30021180336290243
0.4692875537257869,253134,198109,372248,679318,0.4286380488022945,0.40476700640568486,0.5609704748882531,0.30026636784847577
0.4691380720034861,253385,198235,371997,679192,0.4290082989406559,0.4051683610976971,0.5610579690890571,0.300517231398002
0.46912709702597055,253484,198271,371898,679156,0.4291562982619681,0.4053266643427537,0.561109450919193,0.3006070631730313
0.46902199642416664,253632,198427,371750,679000,0.429362669865489,0.40556331969899995,0.5610595077191252,0.30080935102198614
0.4688848677625239,253813,198537,371569,678890,0.4296267482949533,0.40585274280359845,0.56109870675362,0.301002988403716
0.4687330061307087,253824,198657,371558,678770,0.42962631461177,0.4058703320530492,0.5609605707200965,0.30109015849652215
0.4685509099480286,253846,198689,371536,678738,0.4296556979319669,0.4059055105519506,0.5609422475609621,0.3011260912065339
0.46847762917422464,254738,199490,370644,677937,0.4309185196612982,0.40733183878013757,0.5608152733869335,0.30225264820745684
0.46841481726120493,273772,225314,351610,652113,0.45619329910478323,0.4377676364206197,0.5485467434470211,0.33210208349830217
0.46832442519645456,274212,225561,351170,651866,0.45682189157302117,0.43847120639864917,0.5486730975863042,0.33255922742011795
0.4679633267187693,276127,227944,349255,649483,0.4593543583159297,0.4415333348257545,0.5477938623725626,0.3354192049688284
0.4678603719503175,276438,228375,348944,649052,0.4597582243664308,0.4420306308784071,0.5476047566128448,0.3359129470212116
0.4677347094533586,276539,228592,348843,648835,0.45987755844610245,0.4421921321688184,0.5474599658306459,0.3361245507579473
0.467694159390191,276715,228768,348667,648659,0.46011637469899513,0.4424735601600302,0.5474269164343806,0.3363587787935792
0.4671003213684185,276717,228877,348665,648550,0.4601027161518555,0.44247675820538485,0.5473106880224053,0.33643264047527
0.46708219242596194,276745,228918,348637,648509,0.46013871416880403,0.4425215308403504,0.5472913778544208,0.3364785544936183
0.46700611965643835,276852,229090,348530,648337,0.46027391794431866,0.4426926262668257,0.5472010625723898,0.3366642068286788
0.4667174412873858,277088,229240,348294,648187,0.46060715672558794,0.4430699956186779,0.5472500039500087,0.336921059163207
0.4667070050576936,277135,229270,348247,648157,0.46067349239494365,0.44314514968451285,0.5472596044667806,0.3369722965460015
0.46669786178723005,277318,229366,348064,648061,0.4609349341070377,0.44343777083446595,0.5473194338088434,0.33715794888106204
0.4663329964508902,277354,229448,348028,647979,0.4609766880628123,0.4434953356508502,0.5472630336896855,0.33723646850664324
0.46629952495396254,277531,229728,347851,647699,0.4612008094956539,0.4437783626647393,0.547118927411835,0.3375405657006313
0.46600101848871445,277577,229747,347805,647680,0.4612672873242021,0.44385191770789695,0.5471395005952804,0.3375838180367565
0.46533242159660704,277752,229993,347630,647434,0.4614935235188034,0.44413174667643135,0.5470304975922954,0.33786396009073677
0.4652315460236359,277806,230106,347576,647321,0.4615576319846882,0.4442180939010077,0.5469569531729906,0.33797508532355075
0.4651265840048133,277868,230230,347514,647197,0.4616321097704499,0.44431723330700273,0.5468787517368696,0.3380988535469245
0.4651254061612269,277869,230246,347513,647181,0.4616311635632532,0.4443188323296801,0.5468624228767109,0.3381101656963726
0.4650043630274785,278617,230740,346765,646687,0.4626828988818902,0.4455149012923301,0.546997488991022,0.3389366180266421
0.4649723228144256,279302,231556,346080,645871,0.46358932752973886,0.44661023182630777,0.5467311855740734,0.3399354142808567
0.4647940458744211,279385,231718,345997,645709,0.4636893798145209,0.44674295070852693,0.5466315008912098,0.34009844231702097
0.46457489709904554,279454,231800,345928,645627,0.4637806519024609,0.4468532832732634,0.5466050143372961,0.34019892082094266
0.4645285047776134,279493,231918,345889,645509,0.46382120580602526,0.4469156451576796,0.5465134695968604,0.34030339184819897
0.46425259391680185,279604,232002,345778,645425,0.4639753824423341,0.44709313667486433,0.5465221283565869,0.3404331488565746
0.46399184057874265,279664,232039,345718,645388,0.46406000734759467,0.4471890780355047,0.5465357834525105,0.3404976946504845
0.4639582588610828,279804,232169,345578,645258,0.4642507170231568,0.44741294121033226,0.5465210079437783,0.3406773582005431
0.4636940409837399,279887,232207,345495,645220,0.464369784929895,0.4475456600925514,0.5465539529851942,0.34075787408779157
0.4636427506544909,279934,232279,345448,645148,0.46442942508994633,0.4476208141583864,0.5465187334175431,0.34083705913392853
0.4635525046198409,280195,232377,345187,645050,0.4648070734215852,0.44803815907717204,0.5466451542417455,0.34107594511345085
0.4633781296448871,283637,235699,341745,641728,0.4694633720683884,0.453541995132575,0.5461531648104503,0.3455768497526964
0.4630399551602209,283657,235722,341725,641705,0.4694897923040994,0.4535739755861218,0.5461464556710995,0.34560546283659466
0.4630214547525193,283998,235923,341384,641504,0.46996987207131413,0.45411924231909456,0.5462329853958582,0.3459661207778234
0.4628805602022853,284030,235949,341352,641478,0.47001380436980617,0.45417041104476946,0.5462335978952996,0.3460047151700582
0.46277999346475773,284091,236005,341291,641422,0.47009654411005475,0.4542679514280872,0.5462280040607888,0.3460825693750836
0.46265755780008944,284427,236365,340955,641062,0.4705441515127452,0.45480522304767323,0.5461431819229174,0.3465457020819013
0.4623598627394041,284513,236505,340869,640922,0.470651232437819,0.4549427389979245,0.5460713449439367,0.3466960871275059
0.4622896506290338,284724,236751,340658,640676,0.47092907284577623,0.4552801327828431,0.5459974111894147,0.34700018432149393
0.46209100022940774,285073,237005,340309,640422,0.47141228056830153,0.45583819169723466,0.5460352667609054,0.3474014329166248
0.46197562175440654,285328,237455,340054,639972,0.4717239728321591,0.45624594247995626,0.5457866839587362,0.34787055440844444
0.46190842807151034,285359,237544,340023,639883,0.471756505603864,0.4562955121829538,0.5457207168442331,0.3479504048751372
0.4615288570525369,285460,237629,339922,639798,0.47189445804212565,0.4564570134733651,0.5457197532351091,0.34807417309851085
0.461496763811749,285484,237656,339898,639771,0.4719261750380538,0.45649539001762124,0.5457124287953512,0.3481081095468553
0.46131710612254473,285549,237702,339833,639725,0.472016302678642,0.4565993264916483,0.5457208872988298,0.348181971228546
0.4608968688474836,285588,237785,339794,639642,0.4720617302847267,0.4566616883760645,0.5456681945763346,0.34826315253635026
0.46073312779431763,286044,238309,339338,639118,0.472662341975775,0.4573908427169314,0.5455180002784383,0.34891526468100736
0.4607062981890142,286133,238369,339249,639058,0.472786125715872,0.45753315573521464,0.5455327148418881,0.34901441234381747
0.46056831584450164,286208,238526,339174,638901,0.47287379612208064,0.4576530824360151,0.5454344486920992,0.34916878991275674
0.46043748511968574,286297,238599,339085,638828,0.47299552210793994,0.4577953954542983,0.5454356672559898,0.3492765880427919
0.46005904779219076,286516,238857,338866,638570,0.4732827403340909,0.4581455814206357,0.5453572985288547,0.3495939936478954
0.4600243357296374,286549,238970,338833,638457,0.47331442161287884,0.45819834916898794,0.5452685821064509,0.34969114504903814
0.4598661953390739,286686,239137,338696,638290,0.47349316283443843,0.45841741527578345,0.5452138837593639,0.349893432897993
0.4595769733784766,288990,240724,336392,636703,0.4766857941398278,0.4621015635243739,0.5455585466874577,0.35248258428050405
0.4595153169677777,289002,240813,336380,636614,0.476689704860189,0.46212075179650197,0.5454771948699074,0.3525497917566371
0.4594990132011033,289510,241536,335872,635891,0.47733377652119946,0.4629330553165905,0.5451693450284909,0.3533689244607931
0.4592945073334873,289612,241676,335770,635751,0.47746384877948417,0.46309615562967915,0.5451130083871648,0.35352995623529004
0.4591122988951566,289674,241786,335708,635641,0.47753898136095496,0.4631952950356742,0.5450532495390058,0.3536444085708829
0.45898438742533165,289696,241807,335686,635620,0.4775684785285742,0.4632304735345757,0.5450505453402897,0.35367302165478115
0.4588692578204189,289726,241821,335656,635606,0.47761100533287176,0.46327844421489583,0.5450618665894079,0.35370230015923515
0.4587832031671093,289839,241983,335543,635444,0.4777539683847891,0.46345913377743525,0.5449924974897616,0.3538852908120726
0.45877236469996163,289946,242016,335436,635411,0.47790828385786666,0.46363022920391056,0.5450502103533711,0.35397844968988074
0.4587376949454226,290039,242090,335343,635337,0.4780352557985296,0.4637789383129032,0.5450539248941516,0.35408957492269477
0.4586037202587562,290283,242305,335099,635122,0.4783650328464699,0.464169099846174,0.5450423216444982,0.35439500295779436
0.4583430544945747,290332,242458,335050,634969,0.4784139302472582,0.46424745195736367,0.5449276450383829,0.35452941791006043
0.45827768696059923,290591,242720,334791,634707,0.4787585107480166,0.4646615988307946,0.5448809418894416,0.35487610201961794
0.45817348513565437,290728,242851,334654,634576,0.47894192857121676,0.46488066493759017,0.5448640220098617,0.35505443472856496
0.4581386185092805,290731,242857,334651,634570,0.4789454505198483,0.46488546200562214,0.5448604541331514,0.3550604235135669
0.4577424192937525,290763,242881,334619,634546,0.47898932910556635,0.46493663073129704,0.544863242161441,0.3550976870646902
0.4575853102892514,291078,243321,334304,634106,0.47938899716626915,0.46544032287465903,0.5446829054695087,0.35560007958429846
0.4574651557713493,291602,243773,333780,633654,0.48009765211467076,0.46627821075758497,0.5446686901704413,0.3562495300467325
0.45703936049485816,291613,243787,333769,633640,0.4801118103557279,0.4662958000070357,0.5446638027642884,0.3562661655606268
0.4566358024962375,291665,243860,333717,633567,0.48017765906620663,0.4663789491862574,0.5446337705989449,0.35634934313009836
0.45660529529763205,291980,244179,333402,633248,0.48059592709847987,0.4668826413296193,0.5445772615959071,0.3567712197624582
0.4565146911739286,292863,245376,332519,632051,0.48171948705279055,0.4682945783537102,0.5441133028264395,0.35815529451846506
0.4563628403139174,293137,245599,332245,631828,0.4820913578557652,0.46873271056730126,0.5441199400077218,0.35848600853468404
0.4560394844622263,293561,245884,331821,631543,0.4826761039969773,0.46941069618249326,0.5441907886809592,0.35895779170872677
0.45584786607613437,293584,245935,331798,631492,0.4827021746128883,0.4694474737040721,0.5441587784674867,0.35900703282985397
0.4557460479887018,293701,245998,331681,631429,0.48286596166613016,0.4696345593573208,0.5441940785511924,0.35912680852989304
0.4556574043207351,293939,246282,331443,631145,0.48317431845954417,0.4700151267545276,0.544108799917071,0.3594741580600063
0.4554128944509215,294398,246891,330984,630536,0.483758964144081,0.47074907816342654,0.5438832121103514,0.36018482721357137
0.4552753029762735,294410,246901,330972,630526,0.48377518495063326,0.4707682664355546,0.5438832759725925,0.36019946646579837
0.455248984322864,294527,246998,330855,630429,0.4839334050376382,0.47095535208880335,0.5438844005355247,0.3603418664647337
0.455094312812074,294784,247395,330598,630032,0.48425160503294173,0.4713663009168796,0.5437023566017865,0.36077705150820893
0.4550419397138553,295391,247988,329991,629439,0.48505750750351323,0.47233690768202474,0.5436187265242124,0.36157555617513604
0.45503568289737917,295453,248034,329929,629393,0.48514210931637447,0.4724360470880198,0.5436247785135615,0.36164742159515945
0.45502402536845676,297335,249790,328047,627637,0.48764979156368404,0.47544540776677297,0.5434498514964587,0.36406822157706004
0.4548510339431846,298846,251077,326536,626350,0.4896785168760698,0.4778615310322331,0.5434324441785486,0.36593006829211167
0.4548024776496332,299454,252384,325928,625043,0.4903670244575986,0.4788337368200556,0.5426483859393517,0.3672043486564161
0.4543124209216245,299581,252458,325801,624969,0.4905426997344417,0.4790368127000777,0.5426808613159577,0.36733809818812635
0.4542564652319596,299583,252485,325799,624942,0.4905413158780664,0.4790400107454324,0.5426559771622337,0.3673573953842438
0.45424356592769,299700,252668,325682,624759,0.4906846860534871,0.4792270963986811,0.542573067230542,0.3675570215509755
0.45412224360895415,299749,252787,325633,624640,0.4907379151190021,0.4793054485098708,0.5424967784904513,0.36766881220434533
0.4539520989458544,299821,252855,325561,624572,0.49083329076905147,0.4794205781426392,0.5424896322619401,0.36776197108215347
0.4536458711411995,299860,252916,325522,624511,0.49088106488417654,0.47948294002705544,0.542462046109093,0.36782851313773074
0.4536165513671342,299877,252953,325505,624474,0.4909002153644072,0.4795101234125702,0.5424398097064197,0.36786444584774247
0.4533613796399877,299925,253079,325457,624348,0.490950823235769,0.47958687650108256,0.5423559323259868,0.3679802290244469
0.45325126639197055,300050,253232,325332,624195,0.4911107401114963,0.47978675433574997,0.5423093467707245,0.36816521593895163
0.45324658552196206,300219,253496,325163,623931,0.4913177118808553,0.48005698916822037,0.5421904770504682,0.3684533430396012
0.4529575670733045,300221,253525,325161,623902,0.4913159998088551,0.4800601872135751,0.5421637357199871,0.3684739710768301
0.452640468026396,300383,253793,324999,623634,0.4915119396381325,0.4803192288873041,0.542035382261231,0.3687601019158123
0.45248864759249896,300432,253873,324950,623554,0.49157136532002893,0.4803975809984937,0.5419976366801671,0.36884594116750696
0.452204281150298,300556,253968,324826,623459,0.4917390149120499,0.4805958598104838,0.542007198967042,0.3689916682692212
0.4517713749525325,300752,254113,324630,623314,0.4920047912686621,0.4809092682552424,0.5420273399835996,0.36921857667873964
0.4517489667817347,301147,254512,324235,622915,0.49252302852262553,0.48154088221279157,0.5419636863615994,0.369746920600023
0.4517463374555406,301451,254671,323931,622756,0.49294556276879303,0.4820269851067028,0.5420591165247913,0.3700550103173457
0.4517390358224651,303403,258471,321979,618956,0.49520598341321187,0.4851482773728697,0.5399840533642773,0.37388250935414946
0.4517360539255306,303604,258955,321778,618472,0.495423269639537,0.48546968093101495,0.5396838376063666,0.37433832243485365
0.451657029914868,303667,259045,321715,618382,0.49550133148839515,0.48557041935968737,0.5396490567110707,0.3744401317798869
0.4515924697019459,304305,259758,321077,617669,0.49632354740081114,0.48659059582783004,0.539487610426495,0.3753391149507356
0.45158299809085,304953,260701,320429,616726,0.4971224400769175,0.4876267625227461,0.5391157845608799,0.37639779905496973
0.4512223899818979,305082,260795,320300,616632,0.49729657479204736,0.4878330364481229,0.5391312953168268,0.37654618783890703
0.45113781275536724,305159,260917,320223,616510,0.4973898195464604,0.48795616119427804,0.5390777916746161,0.37667860652950574
0.451080218685344,305716,261393,319666,616034,0.4981299515061573,0.4888468168255562,0.5390780255647504,0.3773659859636188
0.45091575235736336,306883,262679,318499,614748,0.4996320524634576,0.49071287629001153,0.5388052573732096,0.37899826258692887
0.4508611754901819,306903,262822,318479,614605,0.4996380955916038,0.49074485674355833,0.5386862082583702,0.3791067261375198
0.45064244741314163,306980,262902,318402,614525,0.4997379053919861,0.4908679814897135,0.5386729182532525,0.3792111971647761
0.4505709880537683,307036,262966,318346,614461,0.49980954117329146,0.4909575267596445,0.5386577590955821,0.3792910476314688
0.45022412302500703,307537,264134,317845,613293,0.5003532150049509,0.49175863712099166,0.5379615198252141,0.3804016345390532
0.4501670513840239,308116,265268,317266,612159,0.5010159640340927,0.49268447125117126,0.537364139913217,0.3815414999510916
0.4501094443959769,309012,266774,316370,610653,0.5020807106457125,0.49411719557006756,0.5366785576585745,0.3831398401260573
0.4497526918056023,309262,267044,316120,610383,0.5024020138837897,0.4945169512394025,0.5366281107606029,0.383485858815059
0.44961496780951193,309277,267062,316105,610365,0.5024209947993205,0.49454093657956255,0.5366234108745027,0.3835078176933995
0.44947023141177,309303,267189,316079,610238,0.5024382557618209,0.4945825111691734,0.5365260922961637,0.3836096270384327
0.44907990384917307,309940,267923,315442,609504,0.5032488566732838,0.49560108861463875,0.5363555029479306,0.38452191862039686
0.4490480522208363,309946,267929,315436,609498,0.5032566377314044,0.49561068275070275,0.5363547479991347,0.38452990366706613
0.44902532971128184,310146,268242,315236,609185,0.5034974979837112,0.4959304872861707,0.5362248179422809,0.38487126441217745
0.4489578521218328,310223,268338,315159,609089,0.5035942143230276,0.49605361203232584,0.5361975660302025,0.3849863821683261
0.4488548909394052,310942,268955,314440,608472,0.5045425411944149,0.49720330933733303,0.5362021186521054,0.38587538403083826
0.44878277713574655,310990,269010,314392,608417,0.5046035603116376,0.4972800624258453,0.5361896551724138,0.38594392234808284
0.44876602462160575,311063,269092,314319,608335,0.5046966219432694,0.4973967910812911,0.5361722298351302,0.38604706253422755
0.4487321341555893,312482,270710,312900,606717,0.5064997795585985,0.499665804260436,0.5358132484670571,0.3880679447621088
0.44873056801401845,312843,271178,312539,606249,0.5069486823900706,0.5002430514469556,0.5356708063579906,0.3886195784028443
0.4485713692549995,313131,271496,312251,605931,0.5073157375439665,0.5007035699780295,0.5356081741007515,0.38902282325964244
0.4482565597458885,313158,271537,312224,605890,0.507348302439584,0.5007467435903176,0.5355920608180333,0.38906807185743497
0.44823766417772803,314283,273195,311099,604232,0.5087121876746112,0.5025456441023246,0.5349698201464566,0.39091993726415
0.44816460021271554,314558,273668,310824,603759,0.5090340525491673,0.502985375338593,0.5347570491613768,0.39141767183986786
0.44800618915801316,314665,273817,310717,603610,0.509165018883434,0.5031564707650684,0.5347062442011821,0.39158801950214567
0.44776613228022866,315087,274289,310295,603138,0.5097003983300679,0.5038312583349057,0.5346111819958737,0.3921829054790063
0.4475490050630194,316132,275703,309250,601724,0.5109843235339661,0.5055022370327256,0.5341556345941014,0.393819174625651
0.4474342003599534,316148,275945,309234,601482,0.5109675684254794,0.5055278213955631,0.5339499031402162,0.39399085312904036
0.44742625127840885,316644,276514,308738,600913,0.5115930986213141,0.5063209366435235,0.5338274119206012,0.3946995260209381
0.4471787792959051,316737,276556,308645,600871,0.511721033300472,0.5064696457525161,0.5338626951607385,0.3947893577959674
0.44695280108748636,316775,276649,308607,600778,0.5117607639795383,0.5065304086142549,0.5338088786432635,0.39487652788877364
0.4469482345653475,316775,276664,308607,600763,0.5117582836909085,0.5065304086142549,0.5337953858779083,0.3948865091971102
0.4469191890367441,316821,276820,308561,600607,0.5117991941635497,0.5066039636574126,0.5336912376335192,0.3950209241493763
0.44677985199922454,316893,276917,308489,600510,0.5118875547678476,0.506719093290181,0.5336605985079402,0.39513338022330186
0.4467537765785379,316912,276949,308470,600478,0.511909811658567,0.5067494747210505,0.5336467624578816,0.39516731667164623
0.4467111461499512,316922,276981,308460,600446,0.5119190187085417,0.5067654649478239,0.5336258614622253,0.3951952643349887
0.44666891863699665,316976,277146,308406,600281,0.5119700224508584,0.5068518121724003,0.5335200514372469,0.39534099143670287
0.4465883873707901,317183,277226,308199,600201,0.5122568708600983,0.5071828098666096,0.5336106956657789,0.3955319671362096
0.4462245863476869,317259,277306,308123,600121,0.5123537955739702,0.5073043355900874,0.5335985131987251,0.3956357727429101
0.4461113737090574,317689,277695,307693,599732,0.5129125399753044,0.5079919153413434,0.5335867272214235,0.39618075217808785
0.4460291092933508,317701,277821,307681,599606,0.5129090586203,0.5080111036134715,0.5334832298386961,0.39627258021478445
0.44594671828274624,317862,277944,307520,599483,0.5131219300211085,0.5082685462645231,0.5334991591222646,0.39646155965262386
0.4459409542978692,318139,278370,307243,599057,0.5134525507603686,0.5087114755461462,0.533334786231222,0.396929350303332
0.4458801471465337,318227,278402,307155,599025,0.5135746832713771,0.508852189541752,0.5333750119420947,0.39700920077002466
0.44582716554614377,318351,278560,307031,598867,0.5137280417655471,0.5090504683537422,0.5333307645528396,0.39719684936675254
0.4457208926205338,318546,278633,306836,598794,0.5139982579830877,0.5093622777758234,0.5334179534109539,0.39737518207569955
0.44559526545166495,320626,281451,304756,595976,0.5165380259408011,0.5126882449446898,0.5325332141902116,0.4006344119578736
0.44513801657926566,320632,281459,304750,595968,0.5165453620434725,0.5126978390807538,0.5325307968396804,0.4006437278456544
0.44499352505758405,320654,281464,304728,595963,0.516576310571502,0.5127330175796553,0.5325434549374043,0.4006616942006602
0.44467532534906307,320810,281858,304572,595569,0.5167360566149818,0.5129824651173203,0.5323163001851766,0.4010276755063351
0.44441403510788335,321140,282262,304242,595165,0.5171453140650514,0.5135101426008424,0.532215670481702,0.4015160941942722
0.4443556287550299,321287,282402,304095,595025,0.5173342152899459,0.5137451989344113,0.5322061525056776,0.4017070698937789
0.4440268716538659,321313,282474,304069,594953,0.5173597525532836,0.5137867735240221,0.5321628322570708,0.40177228110824464
0.44399114698216346,321476,282746,303906,594681,0.5175497061901312,0.5140474142204284,0.5320494785029344,0.4020617390500057
0.4439726770348279,321483,282795,303899,594632,0.5175516435991173,0.5140586073791699,0.5320117561784476,0.40209900260112896
0.44388353875637365,321548,282933,303834,594494,0.5176224537662318,0.5141625438531969,0.531940623443913,0.4022340829739508
0.4438222895813867,321660,283012,303722,594415,0.5177709097933166,0.5143416343930589,0.5319578217612193,0.4023611783001033
0.44369088888435426,321678,283037,303704,594390,0.5177927161525998,0.5143704168012511,0.5319497614578769,0.40238979138400155
0.4436066103097318,321701,283135,303681,594292,0.5178095677132493,0.5144071943228299,0.531881369495202,0.40247030727125005
0.44357657183549815,321812,283225,303570,594202,0.5179547184752291,0.5145846858400146,0.5318881324613205,0.4026040568029603
0.4433257230520563,321829,283236,303553,594191,0.517977411266941,0.5146118692255294,0.5318916149504599,0.40262268857852196
0.44328102092323585,321952,283322,303430,594105,0.5181405187713926,0.5148085490148421,0.5319111675043038,0.4027617614746784
0.4432636034602271,322354,283472,303028,593955,0.5186953272784498,0.5154513561311327,0.5320900720668971,0.4031290736214649
0.44304257923933577,322362,283486,303020,593941,0.5187045275499328,0.5154641483125514,0.532083955051432,0.4031437128736919
0.4422524201577732,322408,283522,302974,593905,0.5187648553898395,0.515537703355709,0.5320878649348935,0.4031982773592652
0.44209500845289407,322447,283617,302935,593810,0.5188052356937461,0.5156000652401252,0.5320345706064046,0.40328744371373876
0.44207867006060875,322815,283823,302567,593604,0.5193014144032204,0.5161885055853862,0.5321377823347697,0.4036693951127522
0.4418209696971861,323415,284738,301967,592689,0.5200131460429542,0.5171479191917899,0.5317987414351323,0.4046775072547476
0.44176383200668057,323476,284833,301906,592594,0.5200851362949248,0.5172454595751077,0.5317626403686284,0.40478131286144814
0.44167198491589477,323545,285004,301837,592423,0.5201559318306267,0.5173557921398442,0.5316663078897509,0.40494101379483355
0.4416579257023169,323682,285160,301700,592267,0.5203271636493407,0.5175748582466396,0.5316354653588288,0.4051359820176749
0.4415472510689773,324460,286202,300922,591225,0.5212728014677767,0.5188188978896099,0.5313250210427373,0.40634704742918093
0.4415247218831757,325332,287526,300050,589901,0.5223051991628527,0.52021324566425,0.5308440128055765,0.4078083109696575
0.44137351319818574,325738,287763,299644,589664,0.5228490649685765,0.5208624488712499,0.5309494198053467,0.40823617638701926
0.44124950645253735,325851,287842,299531,589585,0.522998207831804,0.5210431384337892,0.5309674381164524,0.4083639371337276
0.44111998345990555,325853,287892,299529,589535,0.5229926879602526,0.521046336479144,0.5309257101890851,0.40839853900262774
0.4411169529716945,329167,290943,296215,586484,0.5272344198782819,0.5263454976318475,0.530820338327071,0.41263394084012006
0.44093623426797623,329261,290972,296121,586455,0.5273642024485539,0.5264958057635173,0.5308666259292879,0.4127157875684801
0.4408624813536358,329283,291028,296099,586399,0.5273862617514868,0.5265309842624188,0.5308353390476712,0.41276769037183036
0.4407600733924255,329418,291172,295964,586255,0.5275553326299647,0.5267468523238596,0.5308142251728194,0.4129533427068909
0.44072794206018795,329447,291215,295935,586212,0.5275896085760315,0.5267932239815025,0.5307993722831429,0.41300125298690654
0.4405939957571595,329447,291293,295935,586134,0.5275764284167791,0.5267932239815025,0.5307326739053387,0.41305315579025675
0.4404546291893081,329543,291492,295839,585935,0.5276803062099948,0.5269467301585271,0.5306351493877157,0.41324945485420966
0.440283110480322,329889,291843,295493,585584,0.5281164552422789,0.5274999920048866,0.5305967844666191,0.4137132529815832
0.4401100158149197,329917,291866,295465,585561,0.5281526559474865,0.5275447646398521,0.5305982955468387,0.41374718942992755
0.44004442986199943,329980,292150,295402,585277,0.5281948279869307,0.5276455030685245,0.5304036133926993,0.41397809036278066
0.4395285979615313,330179,292365,295203,585062,0.5284433265302464,0.5279637085813151,0.5303705440900562,0.4142535744728705
0.43944068199292285,330187,293018,295195,584409,0.5283443417405583,0.5279765007627338,0.5298208454681846,0.41469341746023614
0.43912636753314727,330408,293316,294974,584111,0.5286101728756593,0.5283298847744259,0.5297343055582276,0.41503877072868206
0.4391087215785924,330412,293322,294970,584105,0.5286148809283829,0.5283362808651352,0.5297322255961676,0.4150454249342398
0.4387824139544678,330508,293530,294874,583897,0.528717038769938,0.5284897870421599,0.5296280034228685,0.41524771278319467
0.43789328905489955,330525,293548,294857,583879,0.5287383130476346,0.5285169704276746,0.5296255406018207,0.4152710025026467
0.43770866165957345,330725,293855,294657,583572,0.5289724475290041,0.5288367749631425,0.5295158346408787,0.4156083707244234
0.437605565381858,331788,295698,293594,581729,0.5301797946573585,0.5305365360691545,0.5287576137156845,0.41754208285949845
0.43733439139550234,332018,295943,293364,581484,0.5304667950582348,0.5309043112849426,0.5287239175681292,0.41785815762349043
0.4372384757386826,332822,296489,292560,580938,0.5315220616582328,0.5321899255175236,0.5288672850148813,0.41875647537378335
0.43722575216195225,332825,296497,292557,580930,0.5315249852276538,0.5321947225855557,0.5288628079107357,0.41876379499989685
0.43717076190211435,332836,296538,292546,580889,0.5315337241472265,0.5322123118350064,0.5288365900084846,0.41879839686879705
0.4371153240413441,332855,296552,292527,580875,0.5315584641648581,0.5322426932658759,0.5288390500900053,0.41882035574713755
0.43709865997015884,333039,296887,292343,580540,0.5317641581195189,0.5325369134385064,0.5286954340668586,0.4191657090155835
0.43701125430324417,333077,296916,292305,580511,0.5318134542287917,0.5325976763002452,0.52869952523282,0.41921029219282024
0.43697484016032173,333336,297103,292046,580324,0.5321512008268287,0.5330118231736762,0.5287363250052741,0.4195070697606948
0.43693511249934847,333770,297609,291612,579818,0.5326841811774177,0.5337057990156416,0.5286365241796132,0.420132565083121
0.4369205790632863,333800,297633,291582,579794,0.5327228778143105,0.5337537696959618,0.5286388262887749,0.4201684977931327
0.4368969519251312,333932,297876,291450,579551,0.5328697592597793,0.5339648406893707,0.5285339850081038,0.4204180305015474
0.43675364228706526,334042,298025,291340,579402,0.5330012334076356,0.534140733183878,0.5284914415718587,0.4205903744254925
0.436720533580923,335672,299373,289710,578054,0.5350935559287159,0.5367471401479416,0.5285798644190569,0.4225719968405832
0.43644757904686904,335740,299474,289642,577953,0.5351731191153114,0.5368558736900007,0.5285462851889284,0.4226844529145088
0.436342074568956,336096,299845,289286,577582,0.5356164475250592,0.5374251257631336,0.5285018578767527,0.4231682136585554
0.4362590338409853,336175,299958,289207,577469,0.5357095619953844,0.5375514485546434,0.5284665313700122,0.42329597440526373
0.43621284113595393,336767,300394,288615,577033,0.5364771724755144,0.5384980699796285,0.5285430213085861,0.4239800267365979
0.43612207211171927,337130,300776,288252,576651,0.5369279940269488,0.5390785152115027,0.528494793903804,0.4244757650506485
0.4360309580372088,337245,300900,288137,576527,0.537070261775669,0.5392624028193967,0.5284770702583269,0.42463480056347813
0.43587710783225864,337425,301476,287957,575951,0.5372275571267492,0.5395502269013179,0.5281334666873272,0.42513785850364216
0.43586165727817416,337807,301918,287575,575509,0.5376946715212051,0.5401610535640616,0.5280503341279456,0.4256861650415988
0.4357942210815322,338022,302072,287360,575355,0.537973696389954,0.5405048434396896,0.528081812983718,0.42593170522667884
0.43568439896363476,338032,302076,287350,575351,0.5379872143049036,0.5405208336664631,0.5280858855068207,0.42594102111445964
0.4355729183913841,338081,302147,287301,575280,0.5380446476429105,0.5405991857776526,0.5280634398995357,0.42602087158115237
0.43552420437610506,338661,302707,286721,574720,0.5387722024527697,0.5415266189305097,0.5280291501914658,0.4267794510147331
0.43533965836682054,338799,302782,286583,574645,0.5389552191794812,0.5417472840599825,0.5280689421912432,0.42692118559311265
0.43516249606678525,339078,302992,286304,574435,0.5393151414398406,0.5421934113869603,0.5281012973663308,0.42724657624488543
0.4351129632247813,339341,303268,286041,574159,0.5396409253159133,0.5426139543511006,0.5280676118759619,0.4276052379244468
0.4348987008854426,339359,303275,286023,574152,0.539665258978386,0.5426427367592928,0.5280750785050278,0.4276218734383411
0.43487486617849735,339449,303356,285933,574071,0.5397790246770937,0.5427866488002533,0.5280746104961846,0.42773566035337823
0.43486232676365744,340804,304443,284578,572984,0.5415131364651111,0.5449533245280485,0.5281760318141735,0.42936061735057485
0.434854084591474,340972,304582,284410,572845,0.5417272254107138,0.5452219603378415,0.5281850937334445,0.429564901461197
0.43480812544454384,340990,304631,284392,572796,0.5417442898318446,0.5452507427460336,0.5281581609024489,0.42960948463843374
0.43456283931212925,341016,304667,284366,572760,0.5417749238929325,0.5452923173356444,0.5281477133515983,0.42965074071289167
0.4345509231406608,341162,304814,284220,572613,0.5419564200712692,0.5455257746465361,0.528134172167387,0.42984570893573304
0.4344082253727153,341254,305003,284128,572424,0.5420541746021409,0.5456728847328512,0.5280468915617161,0.4300326921119051
0.4341485107496338,341258,305005,284124,572422,0.5420594950554214,0.5456792808235607,0.5280481785279367,0.43003668463523975
0.4341178235432711,341387,305181,283995,572246,0.5422118639329931,0.5458855547489374,0.5279986018485294,0.4302396379047504
0.43399978007574747,341581,305444,283801,571983,0.5424412420562715,0.5461957651483413,0.5279255051968625,0.43054373509873844
0.43394464467115856,341841,305760,283541,571667,0.5427548379250262,0.5466115110444496,0.5278574307328123,0.4309270173388634
0.4339252888312415,342649,307069,282733,570358,0.5436722490088047,0.54790352136774,0.5273811099584743,0.4323357126554339
0.43383142253923834,343242,308198,282140,569229,0.5443157050753449,0.5488517418154024,0.5268973351344713,0.43348156685247424
0.4338212891047353,343270,308246,282112,569181,0.5443469865945416,0.5488965144503679,0.526878848715918,0.433532138814713
0.43377602506578794,343581,308588,281801,568839,0.5447273469835561,0.5493938105030206,0.5268281687722047,0.43396665843763244
0.4335513538385508,343590,308612,281792,568815,0.5447359158837314,0.5494082017071166,0.526815311820571,0.43398861731597294
0.4334909914334173,343980,309094,281402,568333,0.5452034836724252,0.5500318205512791,0.5267090712537936,0.43456886404060663
0.43334525110483246,344226,309763,281156,567664,0.5454351854228642,0.5504251801299046,0.5263483024943845,0.4351777238491385
0.4331429548573098,344370,309832,281012,567595,0.5456265269842477,0.5506554393954415,0.5263970455608512,0.43531945842751807
0.4330264684650642,344497,309888,280885,567539,0.5457960976744289,0.5508585152754636,0.5264439129870031,0.43544123038922444
0.4329848526527952,344498,309907,280884,567520,0.5457942231346483,0.550860114298141,0.5264293518539742,0.4354545388003399
0.4328531557919608,344520,309915,280862,567512,0.545823889570315,0.5508952927970424,0.5264388365536684,0.43547450141701305
0.43273388792207745,345503,311153,279879,566274,0.5469963118045054,0.5524671320888673,0.5261552471918326,0.4369524004713839
0.4325144573002653,346347,311791,279035,565636,0.5480753345448538,0.5538167072285419,0.526252852745169,0.43793855373503887
0.43249128376699386,348276,314066,277106,563361,0.5503955598681362,0.5569012219731301,0.5258250269498235,0.4407359817515067
0.4324572695574542,348594,314418,276788,563009,0.5507814721886909,0.557409711184524,0.5257732891712367,0.4411818135238743
0.43192924991475723,348700,314518,276682,562909,0.5509130906556166,0.557579207588322,0.5257698072127114,0.44131889015836345
0.4317144991306,348910,314975,276472,562452,0.5511287152734888,0.5579150023505633,0.5255578902972653,0.4417627256690637
0.43164596986233617,348944,314999,276438,562428,0.5511723215913209,0.5579693691215929,0.5255631884062336,0.4418013200612985
0.43164596537558164,349372,315381,276010,562046,0.5517071921285571,0.5586537508274942,0.5255666390373568,0.44234031071147434
0.43142222639258654,349402,315447,275980,561980,0.5517378379138049,0.5587017215078144,0.5255358735592593,0.4424041910848285
0.4311682293175281,349573,315651,275809,561776,0.551942495023292,0.5589751543856395,0.5254966748042764,0.4426537237932432
0.43103478430237907,349578,315804,275804,561623,0.5519228522439854,0.5589831494990262,0.5253794061155848,0.44275886024105526
0.43102443487553743,349628,315849,275754,561578,0.5519852352617063,0.5590631006328932,0.5253795397887531,0.44282207519385364
0.43099104781442066,349712,315964,275670,561463,0.5520831623097218,0.5591974185377897,0.5253486681208276,0.4429544938844524
0.43088662841861003,349784,316154,275598,561273,0.5521511517408553,0.5593125481705582,0.5252500983575048,0.4431288340700648
0.43088188629716784,350326,316938,275056,560489,0.5527753162719421,0.5601792184616762,0.5250185833493191,0.4440111817270192
0.4307880214928347,350363,316985,275019,560442,0.5528190437240208,0.5602383823007377,0.5250079418833952,0.4440670770537041
0.4306762556691669,350694,317710,274688,559717,0.5531569762379761,0.5607676588069372,0.524673700336922,0.4447697611605999
0.43052299286650875,351169,318195,274213,559232,0.5537385063887386,0.5615271945786735,0.524630843606767,0.44540856489414155
0.43046511141173593,352561,319964,272821,557463,0.555379825100589,0.5637530341455302,0.5242347868108992,0.4475119592709386
0.43031382008885766,352608,320111,272774,557316,0.5554199153374013,0.5638281882113653,0.5241534726981102,0.4476410508587585
0.42998015546681,352625,320119,272757,557308,0.5554423187426912,0.56385537159688,0.5241592641480266,0.4476576863726528
0.429957141057587,352625,320169,272757,557258,0.5554335697512729,0.56385537159688,0.5241203102286881,0.44769095740044146
0.42995568407131934,352690,320209,272692,557218,0.555517578448016,0.5639593080709071,0.5241351228044625,0.44776082655879756
0.4298004846175443,352853,320310,272529,557117,0.5557281007820919,0.5642199487673134,0.5241717087837566,0.4479364975855215
0.4296733853855772,352994,320442,272388,556985,0.5559023661370649,0.5644454109648183,0.5241685921156576,0.4481181573972474
0.42956009404188955,353275,320807,272107,556620,0.5562317161112353,0.5648947363371507,0.5240831234182192,0.4485480190762765
0.42917036877617076,355649,323312,269733,554115,0.5591105644446499,0.568690816173155,0.523813591649594,0.4517946059678908
0.4290033246223174,355767,323694,269615,553733,0.5592081582174601,0.568879500849081,0.5236017961295791,0.45212731624577707
0.4290004824212733,355832,323866,269550,553561,0.5592686593156223,0.5689834373231081,0.5235148551268357,0.4522850209174952
0.42875207210597965,355914,323973,269468,553454,0.5593643080201735,0.5691145571826499,0.5234899328859061,0.4524107854025362
0.4285072574638942,355931,324023,269451,553404,0.5593792452699716,0.5691417405681647,0.5234633519326307,0.4524553685797729
0.42840697799791716,355954,324031,269428,553396,0.5594099411192096,0.5691785180897435,0.5234733119112922,0.4524759966170019
0.4283666684872619,356254,324572,269128,552855,0.5597334551718633,0.5696582248929455,0.5232673252784118,0.4530356153044066
0.428190742604749,356546,324814,268836,552613,0.5600982503939819,0.5701251395147287,0.5232857813784196,0.45339094988118916
0.428178763558987,358081,326288,267301,551139,0.5619783062666496,0.5725796393244449,0.523227966199521,0.4553932003335088
0.4281331921844028,358532,327267,266850,550160,0.5624336630662621,0.5733007985519251,0.5227945797529597,0.45634475172826355
0.42798121255984733,358961,328032,266421,549395,0.5628957751885592,0.5739867792805038,0.5225104185923292,0.457139263871856
0.4279254065539453,359842,328966,265540,548461,0.5639562729442917,0.57539551825924,0.5224126316767517,0.45834700218058316
0.4277460539507899,360189,330348,265193,547079,0.564194338147876,0.5759503791282768,0.5216070970853118,0.4594975143215139
0.4276861203158766,360201,330353,265181,547074,0.564210129940271,0.5759695674004048,0.5216116335579839,0.45950882647096203
0.4276832937275664,361260,332004,264122,545423,0.5653889204680618,0.5776629324157075,0.5211001869417711,0.46131211617710566
0.4276708829267042,361369,332140,264013,545287,0.5655161426925572,0.5778372258875375,0.5210732665329505,0.46147514421326996
0.4275724338872845,361416,332238,263966,545189,0.5655640273386617,0.5779123799533725,0.5210320995770226,0.461571630193857
0.42742415426535396,361632,332565,263750,544862,0.5658058812945419,0.5782577688516779,0.5209356998085558,0.46193295355564146
0.4273572537234096,362487,333415,262895,544012,0.5668411818241526,0.5796249332408032,0.5208879985975037,0.4630674956032337
0.427236044841786,362505,333423,262877,544004,0.5668647199523621,0.5796537156489954,0.5208944028692624,0.46308479653768375
0.42713532481334504,362543,333507,262839,543920,0.5669025118386479,0.5797144785107342,0.5208576970045256,0.463165977845488
0.4271196120390621,362811,333782,262571,543645,0.567225255079467,0.5801430165882613,0.5208364138026078,0.46352730120727254
0.42707256847669206,363278,334622,262104,542805,0.5677233555498046,0.5808897601785789,0.5205301619143143,0.4643970058736672
0.4269371785844237,363795,335581,261587,541846,0.5682691514647112,0.5817164549027635,0.5201708380041637,0.46537916661398754
0.4267871151227912,363836,335702,261546,541725,0.5683044335855618,0.5817820148325343,0.5201089862166173,0.4654869647440227
0.4266014805757272,364051,335736,261331,541691,0.5685960300688936,0.5821258047081623,0.5202311560517701,0.46565265446241005
0.4265079155907019,364151,335816,261231,541611,0.5687202385135695,0.5822857069758963,0.5202402398970237,0.4657724301624491
0.42638574916488836,364169,335837,261213,541590,0.56874142208079,0.5823144893840885,0.5202369693974052,0.46579838156412423
0.4262985343812935,364183,335935,261199,541492,0.5687433901187077,0.5823368757015712,0.5201737421406106,0.46587290866637077
0.426281831902829,364209,336013,261173,541414,0.5687655188568751,0.5823784502911821,0.5201336147678879,0.4659421124041711
0.42627648705228727,364634,336730,260748,540697,0.5692261868336491,0.5830580349290514,0.5198926662902573,0.4667020226788634
0.426173759546951,364683,336812,260699,540615,0.5692793963702415,0.583136387040241,0.5198654302596597,0.4667891927716696
0.42609909186421524,364713,336922,260669,540505,0.5693013437030835,0.5831843577205612,0.5198044567332017,0.4668823516494777
0.42578885677158784,364864,337007,260518,540420,0.5694950894346911,0.5834258101448395,0.5198448147879026,0.46703939090064006
0.4254436646041121,365201,337493,260181,539934,0.5698746840886805,0.583964680787103,0.5197155518618346,0.46758703201804086
0.42536508900820535,365343,337669,260039,539758,0.570039693684585,0.5841917420072852,0.5196824520776316,0.46779863575477654
0.4253526675542729,365376,337844,260006,539583,0.5700541821072983,0.5842445097556374,0.5195756662210972,0.46793704323037727
0.42529796240694195,365479,337993,259903,539434,0.5701700468018721,0.5844092090914034,0.5195359587872723,0.46810472921043195
0.42527597171485454,365572,338127,259810,539300,0.5702747418513572,0.5845579182003959,0.5195005250824571,0.4682557796765923
0.4250379318699046,365581,338142,259801,539285,0.5702845112598046,0.584572309404492,0.5194955969891563,0.46827174976993086
0.4248481828098396,365738,338388,259644,539039,0.5704576975556314,0.5848233559648343,0.519421239948532,0.4685399142539072
0.4248019278801852,366033,338946,259349,538481,0.5707659456224483,0.5852950676546494,0.5192112105466972,0.46910751798798117
0.42463826447183406,366217,339160,259165,538267,0.5709819904237887,0.5855892878272799,0.5191791056413805,0.46937235536917865
0.42454757800632636,366299,339223,259083,538204,0.5710840180227935,0.5857204076868218,0.5191886291285034,0.4694688413497657
0.4245115084326647,366407,339514,258975,537913,0.5711813344499008,0.5858931021359745,0.5190481654462752,0.46973434415151893
0.4245075585516901,366421,339521,258961,537906,0.5711994188566066,0.5859154884534572,0.5190525567256233,0.46974831798319017
0.4245074057386816,367412,340741,257970,536686,0.5723497132581088,0.5875001199267008,0.5188313824837288,0.4712195628320033
0.424342003661322,367556,340996,257826,536431,0.5725028659721876,0.5877303791922377,0.5187424493897413,0.47148506563375653
0.4242506026856817,368477,342101,256905,535326,0.5735754050457862,0.5892030790780675,0.5185595388542849,0.47283320767975173
0.4239440460486601,368522,342170,256860,535257,0.5736250941716321,0.5892750350985477,0.518539676822027,0.4729090656231098
0.423930639683878,368575,342217,256807,535210,0.5736897320316781,0.5893597833004468,0.5185412891535076,0.47297560767868707
0.4238291346371804,368639,342294,256743,535133,0.5737641639851815,0.5894621207517965,0.5185284689274516,0.473069431977051
0.423720681252722,368693,342374,256689,535053,0.5738242760136276,0.5895484679763728,0.518506694868416,0.4731585983315245
0.4237004985991444,368856,342498,256526,534929,0.5740266838309033,0.5898091086727792,0.5185266407442708,0.47334957403103123
0.42367719168443874,369005,342646,256377,534781,0.574205483105672,0.5900473630517028,0.518519611438753,0.4735472039360957
0.4235120972514179,369114,342794,256268,534633,0.5743291604376126,0.5902216565235329,0.5184855346477354,0.47371821701892924
0.42339095493766843,369156,342841,256226,534586,0.5743786029360282,0.5902888154759811,0.5184797126954187,0.47377743944839296
0.42334265229853496,369246,342956,256136,534471,0.5744819882192966,0.5904327275169416,0.5184568423003586,0.47391385066232633
0.4230799781766177,370234,345188,255148,532239,0.575442577596792,0.5920125619221532,0.5175043540735398,0.476056504851914
0.42301506226572505,370270,345227,255112,532200,0.5754851143525462,0.5920701267385374,0.5175004227830445,0.47610641139359694
0.4228754071372963,370305,345233,255077,532194,0.5755321774561044,0.5921260925322442,0.5175196844891536,0.4761336936363836
0.4228043194424015,370404,345351,254978,532076,0.5756472153677498,0.592284395777301,0.5175011002368128,0.4762780898969862
0.42270255577948024,370580,345494,254802,531933,0.5758636400648682,0.5925658237685126,0.5175163460759642,0.47649035905427767
0.42264395389055287,370582,345523,254800,531904,0.5758611998322991,0.5925690218138674,0.517496735813882,0.47651098709150663
0.42248483835872863,370722,345671,254660,531756,0.5760271927123133,0.5927928849886949,0.517484118354032,0.4767026282115691
0.4224149239637299,370857,345793,254525,531634,0.576190937853655,0.5930087530501358,0.5174869183004256,0.4768736412944027
0.42237030865774106,371331,346470,254051,530957,0.5767211117596245,0.5937666897991948,0.5173174737845169,0.4776395403540969
0.42233160945535775,371375,346603,254007,530824,0.5767577386095879,0.5938370467969977,0.517251224967896,0.47775731979246866
0.4222030975890144,371531,346821,253851,530606,0.5769329912916009,0.5940864943346627,0.5171990890259929,0.47800618708032755
0.42194265470561265,372711,348349,252671,529078,0.5782790105343903,0.5959733410939234,0.5168931850331456,0.47980814594535964
0.4219018420917381,372924,348797,252458,528630,0.5784908333175625,0.5963139329241968,0.5167149078383475,0.4802479889327253
0.4218623140242447,373263,349191,252119,528236,0.5788850558098649,0.5968560016118148,0.5166598842279232,0.4807357422001066
0.42184882804393675,373331,349266,252051,528161,0.578964835420463,0.5969647351538739,0.5166517436413381,0.48083089733958206
0.4218217831865414,377107,355594,248275,521833,0.5829936593852816,0.6030026447835083,0.5146806132378692,0.487554306635108
0.42150955112057753,378614,357417,246768,520010,0.5847213904055494,0.6054123719582591,0.5143995293676489,0.4897701570858306
0.42135573855225406,379358,358224,246024,519203,0.5855898688219913,0.6066020448301997,0.514326542675933,0.49080222436783383
0.42126993901256804,379864,358781,245518,518646,0.5861785775018803,0.6074111503049336,0.5142714023651416,0.4915095664186201
0.42120766411387134,380714,360261,244668,517166,0.5870680767296129,0.6087703195806723,0.5138014103039914,0.4930599963135701
0.42076283618210253,380880,360545,244502,516882,0.5872425533148338,0.6090357573451106,0.5137134571939171,0.4933594355636678
0.4205471742450796,381111,360838,244271,516589,0.5875037806650085,0.6094051315835761,0.5136619902446125,0.4937081159348926
0.4203960428517387,381471,361654,243911,515773,0.5878456032124236,0.6099807797474184,0.5133335576114382,0.4944906505084811
0.4203074376633267,381496,361722,243886,515705,0.587867278363237,0.6100207553143518,0.5133029609078359,0.49455253462016796
0.42008948212828334,381896,362232,243486,515195,0.5883186634689567,0.6106603643852877,0.5132127805968866,0.495158067325921
0.420026845368335,381916,362280,243466,515147,0.5883371475824808,0.6106923448388345,0.513192761046821,0.4952033159237135
0.4199906522149225,381933,362339,243449,515088,0.5883495594306488,0.6107195282243493,0.5131631984005848,0.49525388788595226
0.4199379687635548,383571,365573,241811,511854,0.589987239561543,0.6133387273698315,0.5120123767927127,0.4984958168336761
0.419849993279923,383606,365637,241776,511790,0.5900231052879455,0.6133946931635385,0.5119914366900992,0.4985616934686976
0.4198404629641651,384283,366316,241099,511111,0.5908179477615727,0.6144772315160973,0.5119684412049577,0.4994640037423252
0.419795719580243,384330,366364,241052,511063,0.5908729477876972,0.6145523855819324,0.5119662605535678,0.4995272186951236
0.4197626364557848,384491,366516,240891,510911,0.591063585787701,0.614809828232984,0.5119672652851438,0.4997354953290804
0.4196253171261519,384577,366583,240805,510844,0.5911679816816122,0.6149473441832352,0.5119774748389158,0.49983730467411364
0.4196092744018123,384603,366635,240779,510792,0.5911937717007617,0.614988918772846,0.5119589264653811,0.49988920747746385
0.4195559590607152,384638,366707,240744,510720,0.5912281235695338,0.6150448845665529,0.5119326008691081,0.49996040747693155
0.41954321637014247,384648,366742,240734,510685,0.5912353154921213,0.6150608747933263,0.5119152504025872,0.4999903514019413
0.4194652104176698,384718,366850,240664,510577,0.5913105546224273,0.6151728063807401,0.5118871479360484,0.5001087962608688
0.41945230025677116,384798,366922,240584,510505,0.591405881137866,0.6153007281949273,0.5118900654499016,0.5002099401853463
0.41931099280619744,384803,366979,240579,510448,0.5914022948935085,0.615308723308314,0.5118545003737786,0.5002511962598042
0.41912459902551324,384902,367070,240480,510357,0.591519901644383,0.6154670265533706,0.5118568244562297,0.5003776261654009
0.4190482514694155,384985,367268,240397,510159,0.5915963612793854,0.6155997454355898,0.5117759583544366,0.500564609341573
0.4188697799560238,385175,367429,240207,509998,0.5918244865297413,0.6159035597442843,0.5117897327146813,0.5007981719566492
0.41877336662553255,385265,367495,240117,509932,0.5919343954806704,0.6160474717852449,0.5118032307774059,0.5009019775633498
0.4187373910590968,385367,367556,240015,509871,0.5920614567556863,0.6162105720983335,0.5118279027204641,0.5010104411139407
0.41852581090329477,385843,368048,239539,509379,0.5926164957567674,0.6169717068927472,0.5118021040176896,0.5016545682119284
0.4183266076605766,386187,368471,239195,508956,0.593005129313866,0.617521770693752,0.511737767306515,0.502164945778206
0.4180795548481264,386414,368835,238968,508592,0.593246022064145,0.6178847488415081,0.5116378836648575,0.5025582093266676
0.4179411762331795,386418,368862,238964,508565,0.5932465162207904,0.6178911449322174,0.5116221798538291,0.5025788373638965
0.4176835839281644,386470,369018,238912,508409,0.5932884579013428,0.6179742941114391,0.5115501503663857,0.5027172448394972
0.4176716052303142,386702,369336,238680,508091,0.5935443825236388,0.6183452673725819,0.511484872453501,0.5030832261451721
0.41766721312998323,386817,369395,238565,508032,0.5936891832988513,0.6185291549804759,0.5115192565047897,0.5031990093218766
0.4175812928940251,386847,369432,238535,507995,0.5937230167410162,0.6185771256607961,0.5115136080732111,0.5032435924991133
0.4174738903849208,386875,369471,238507,507956,0.5937537793051543,0.6186218982957616,0.5115053163499245,0.5032881756763501
0.41738184937972644,386899,369558,238483,507869,0.5937703826137934,0.6186602748400177,0.5114619866033363,0.5033620373580409
0.41733920178523276,386952,369623,238430,507804,0.5938302134708449,0.6187450230419168,0.511452268446618,0.503440556983622
0.41721128587232914,387604,370430,237778,506997,0.5945645457886674,0.6197875858275422,0.5113279879266629,0.5044114055744942
0.41711261793660137,392902,377772,232480,499655,0.6003633027545365,0.6282592079720875,0.5098160830649535,0.5128223213994593
0.4171125913991961,392906,377782,232476,499645,0.6003668461984172,0.6282656040627969,0.5098120121242319,0.5128316372872401
0.4170722220960744,392906,377792,232476,499635,0.6003650114631447,0.6282656040627969,0.5098053971854085,0.5128382914927978
0.4169292068517213,392949,377824,232433,499603,0.6004169543082987,0.6283343620379224,0.5098115787657326,0.5128881980344807
0.41689310540643154,393046,377934,232336,499493,0.6005271797654888,0.6284894672376243,0.5098005136320009,0.5130259400895257
0.4166749003509317,393141,378054,232241,499373,0.6006328674929103,0.6286413743919717,0.5097815727539727,0.5131690055090168
0.4165670876706833,393361,378439,232021,498988,0.6008579036381322,0.6289931593809863,0.5096670121793211,0.5135715849452592
0.4164065585179363,393393,378495,231989,498932,0.6008906292386913,0.6290443281066612,0.5096503637833468,0.5136301419541671
0.41617253804473864,396344,384395,229038,493032,0.6037656290606462,0.6337630440274904,0.5076523652590686,0.5195197792933101
0.416168172280188,396652,384939,228730,492488,0.6040780124022309,0.634255543012111,0.5074930494337831,0.5200867176068282
0.4160212178917786,398570,387217,226812,490210,0.6062242285877685,0.6373224685072484,0.507223967818251,0.52287882225885
0.41592335970463656,398606,387277,226776,490150,0.6062612797730493,0.6373800333236326,0.5072078159217085,0.5229427026322041
0.4157984653998309,398692,387373,226690,490054,0.6063585121394285,0.6375175492738838,0.5071997862772163,0.5230638091733547
0.41558993847180925,398761,387603,226621,489824,0.6064083005159537,0.6376278818386202,0.5070946788001486,0.5232627699195307
0.415512150166116,398829,387701,226553,489726,0.6064810900537643,0.6377366153806794,0.5070741103327273,0.5233732297317889
0.4154939246826046,399396,388260,225986,489167,0.6071353867707006,0.6386432612387309,0.5070690758402145,0.5241224932775889
0.4154447106396668,400230,389710,225152,487717,0.6079809981442931,0.6399768461516321,0.5066587335747019,0.5256423138269734
0.4150607877261555,400414,389933,224968,487494,0.6081853047275488,0.6402710663242626,0.5066306318617012,0.5259131399931728
0.41500071327185817,401259,390957,224123,486470,0.609122931229628,0.6416222404866145,0.5065020146020782,0.5271568110119117
0.4148839823125505,401282,390986,224100,486441,0.6091482289735005,0.6416590180081934,0.5064978012490723,0.5271914128808118
0.41436746293537874,401921,391807,223461,485620,0.6098479146991919,0.6426807934990134,0.5063712002096437,0.5281629268922398
0.4141042291466428,402036,391995,223346,485432,0.6099663213433594,0.6428646811069074,0.5063228009989534,0.5283645493206389
0.4140271220232269,402110,392083,223272,485344,0.6100486054493084,0.6429830087850306,0.5063126972914644,0.5284723474506741
0.4139472567590168,402334,392269,223048,485158,0.6103125148848756,0.6433411898647546,0.5063333513716912,0.5287451698785408
0.4137743103172795,402485,392395,222897,485032,0.6104902669815144,0.643582642289033,0.5063468699677939,0.5289294913724898
0.413699619508785,402675,392998,222707,484429,0.610631562952941,0.6438864565977275,0.506081015693633,0.5294571698732174
0.4135409328598274,402842,393212,222540,484215,0.6108142269092929,0.6441534933848432,0.5060485846437554,0.5297106951049667
0.41345929824627425,402852,393233,222530,484194,0.6108236472866889,0.6441694836116166,0.5060414402984605,0.5297313231421957
0.41343653760134336,403168,393743,222214,483684,0.6111496983876312,0.6446747747776559,0.5059134583410193,0.5302809605212638
0.41341618476925723,403383,394112,221999,483315,0.6113673654290982,0.6450185646532839,0.5058125756274334,0.530669566125835
0.4127895913069105,403540,394326,221842,483101,0.6115365427711876,0.6452696112136262,0.5057741525519323,0.5309164371520266
0.41276588049369756,403589,394411,221793,483016,0.6115859601736976,0.6453479633248159,0.505750626566416,0.5310056035065002
0.41255028291645,403600,394434,221782,482993,0.6115963270276479,0.6453655525742666,0.5057428630860339,0.5310282278053964
0.4125074740215062,404342,395236,221040,482191,0.6124341357108799,0.6465520274008526,0.5056942537188367,0.5320556371435092
0.4124286502175669,404380,395273,221002,482154,0.6124777768925727,0.6466127902625916,0.50569434492211,0.5321055436851923
0.4121185413083752,404579,395669,220803,481758,0.6126687576625428,0.646930995775382,0.505567024222491,0.5325014689158769
0.41203563112220065,404612,395670,220770,481757,0.6127124213688856,0.6469837635237343,0.5055867806598174,0.5325240932147731
0.41193554321526693,404633,395702,220749,481725,0.6127343866174945,0.6470173429999584,0.5055795385682246,0.532559360504229
0.41186535378921707,404957,396071,220425,481356,0.613096341136986,0.6475354263474165,0.5055466225899719,0.5330204969493795
0.4115131572815284,404967,396075,220415,481352,0.6131088818707855,0.6475514165741899,0.5055502707723191,0.5330298128371603
0.4113778122800209,405006,396150,220376,481277,0.61314676184582,0.6476137784586061,0.5055270134655423,0.5331056707805184
0.41134205088078357,405162,396327,220220,481100,0.6133210940179842,0.6478632259962711,0.5055116165037823,0.5333272558255906
0.41092936141784897,405703,396992,219679,480435,0.6139158888489064,0.6487282972647118,0.5054260958396403,0.5341297530158523
0.41084135079687256,406005,397434,219377,479993,0.6142345748081599,0.6492112021132683,0.5053339457009182,0.5346248259093471
0.41084130860801693,406104,397531,219278,479896,0.6143479156701197,0.6493695053583249,0.5053338891412146,0.5347552483382785
0.4108373734321855,406254,397839,219128,479588,0.6144896828765306,0.649609358759926,0.505232603691364,0.5350600109528223
0.41082493501966555,406257,397886,219125,479541,0.6144849260558598,0.649614155827958,0.5052049200204441,0.535093281980611
0.41056881851946003,406294,398311,219088,479116,0.6144550143627011,0.6496733196670195,0.5049608192839965,0.5354007062773779
0.4105571233739802,406410,398624,218972,478803,0.6145507025121562,0.649858806297591,0.5048358205988815,0.5356861716958043
0.4105246856278971,406482,398880,218900,478547,0.6145986107793123,0.6499739359303593,0.5047196167686084,0.5359044296380977
0.41048001378499344,406888,399365,218494,478062,0.615046763978631,0.6506231391373593,0.5046654089969278,0.536497319353291
0.41044935851760467,406953,399517,218429,477910,0.6151046645130983,0.6507270756113863,0.5046102148871006,0.5366417156138937
0.4103847313676712,407030,399697,218352,477730,0.6151732559914517,0.6508502003575415,0.5045449080048146,0.5368127286967272
0.4101083185705948,407267,399899,218115,477528,0.615449781696343,0.6512291687320709,0.5045641169226652,0.5371048483207114
0.410029194587312,407335,400037,218047,477390,0.6155142192269334,0.65133790227413,0.5045196018687792,0.5372419249552005
0.40993820023674765,407361,400071,218021,477356,0.6155423456312558,0.6513794768637409,0.5045143120411378,0.5372818501885469
0.4098299833083092,407431,400187,217951,477240,0.6156135147859901,0.6514914084511546,0.5044847935533878,0.5374056184119206
0.4097409214853289,407722,400560,217660,476867,0.6159296152951378,0.6519567240502605,0.5044303844450329,0.5378474576609535
0.4096304582004596,407828,401007,217554,476420,0.6159868268223152,0.6521262204540584,0.5042165583833539,0.5382154352282958
0.4095646990981483,407931,401079,217451,476348,0.6161098286743726,0.6522909197898245,0.5042348055030222,0.538331883825556
0.4095562259673293,408147,401453,217235,475974,0.61632621873875,0.6526363086881298,0.5041341403162055,0.5387244819534618
0.409542567391039,408193,401495,217189,475932,0.6163792999309016,0.6527098637312875,0.5041361610892097,0.5387830389623698
0.4095070506582176,408320,401622,217062,475805,0.6165237794695407,0.6529129396113096,0.5041348639779145,0.538952055783536
0.4092759285553831,408404,401697,216978,475730,0.6166210043455955,0.6530472575162061,0.5041396072835362,0.5390578576519038
0.40924820341179835,408565,401873,216817,475554,0.6168013198203122,0.6533047001672577,0.504128631678179,0.5392821043791992
0.40917854702801715,408921,402288,216461,475139,0.6171950867213425,0.6538739522403907,0.5040883422151381,0.5397951436276999
0.4091260311089078,409466,402757,215916,474670,0.6178285574263124,0.6547454195995408,0.5041300234049023,0.5404698800712532
0.408950247113523,409515,402888,215867,474539,0.6178689296789824,0.6548237717107304,0.5040786407731138,0.5405896557712923
0.4088586778294053,409649,403143,215733,474284,0.6179985638079606,0.6550380407494939,0.5040022539591925,0.5408485043674878
0.40873875678842064,409812,403398,215570,474029,0.6181665036573026,0.6552986814459003,0.5039436307964732,0.5411266501598008
0.4084915887202035,409984,403650,215398,473777,0.6183468560510769,0.6555737133464027,0.5038924135422069,0.5414087884754483
0.40823700271567354,410014,403762,215368,473665,0.6183656159435152,0.6556216840267228,0.5038413519199386,0.541503278194368
0.40809930334216016,410708,404703,214674,472724,0.6191069537305329,0.6567314057647966,0.5036821921705741,0.5425912408030561
0.40796614776520623,410728,404776,214654,472651,0.6191197431921067,0.6567633862183434,0.5036492770115168,0.542653124914743
0.4079609669452977,411348,405750,214034,471677,0.6197564895833396,0.6577547802782939,0.5034255376956007,0.5437138052806444
0.4078792777261653,411407,405800,213975,471627,0.6198250236912558,0.6578491226162569,0.5034305873542444,0.5437863361212236
0.40786272431845727,411444,405835,213938,471592,0.6198673197929256,0.6579082864553185,0.5034315087014349,0.5438342464012392
0.4077764770147063,411520,405942,213862,471485,0.6199476346719935,0.6580298121787963,0.5034117793854638,0.5439560183629456
0.4077497704365042,411619,406084,213763,471343,0.6200517529512107,0.6581881154238529,0.5033844806733007,0.5441163847168868
0.4072325585422477,411675,406145,213707,471282,0.6201142513529766,0.6582776606937839,0.5033809395710548,0.5441942389219122
0.40686304588591715,411830,406367,213552,471060,0.6202772820037804,0.6585255092087716,0.5033384380534273,0.5444451024714385
0.40680373494567823,411946,406566,213436,470861,0.6203931277936411,0.658710995839343,0.503286451512012,0.5446547099465069
0.40658622949262435,412054,406694,213328,470733,0.6205116683070926,0.6588836902884957,0.503273290438572,0.5448117491976692
0.4065821077392171,412071,406746,213311,470681,0.6205243732202527,0.6589108736740105,0.5032516423083546,0.5448576632160175
0.40656706872809134,412106,406805,213276,470622,0.620559510353902,0.6589668394677173,0.5032366154563804,0.5449202127482601
0.4065327213117763,412186,407014,213196,470413,0.6206259591270348,0.6590947612819045,0.50315673828125,0.5451125192888784
0.40652306235621793,412200,407053,213182,470374,0.6206371332526897,0.6591171475993872,0.5031412762602029,0.5451477865783343
0.40617404424761383,412322,407243,213060,470184,0.6207625019835338,0.6593122283660227,0.5030985949863647,0.5453553977917354
0.4060369806139308,412359,407295,213023,470132,0.6208015700434364,0.6593713922050842,0.5030891083310762,0.5454146202211991
0.4058528742343812,412493,407490,212889,469937,0.620941794261708,0.6595856612438478,0.5030506730017573,0.5456335435840483
0.4058060421863796,412498,407515,212884,469912,0.6209437125719658,0.6595936563572344,0.503038366464922,0.5456535062007214
0.4057803419155218,412559,407576,212823,469851,0.6210127276608133,0.6596911967405522,0.5030379144896877,0.5457346875085257
0.40575271856687045,412613,407602,212769,469825,0.621079053978589,0.6597775439651286,0.5030546868808788,0.5457879211529875
0.40552977178629424,412770,407722,212612,469705,0.6212635685516643,0.6600285905254708,0.5030762030586526,0.5459722426469366
0.4054052634692087,412854,407835,212528,469592,0.6213531506220094,0.6601629084303674,0.5030577965587452,0.5461033304964237
0.40528119828754006,412865,407855,212517,469572,0.6213639078118189,0.6601804976798181,0.5030521980699874,0.5461239585336527
0.40523039220016865,413695,409257,211687,468170,0.6221950500529406,0.66150768650201,0.5026963905549777,0.547609177214137
0.405225586629397,414222,410068,211160,467359,0.6227370228918119,0.6623503714529679,0.5025197442647612,0.5484995099177606
0.4052173644359569,414328,410244,211054,467183,0.6228435705480894,0.662519867856766,0.502476436260266,0.5486871585144886
0.40519660767948984,414573,410567,210809,466860,0.6231054616811776,0.6629116284127141,0.5024274668541097,0.5490651173901674
0.4051625828645137,414599,410631,210783,466796,0.6231276816648521,0.662953203002325,0.5024041782290998,0.5491250052401869
0.40511992196990343,414608,410656,210774,466771,0.6231348398096425,0.662967594206421,0.5023943853118518,0.5491476295390831
0.40507006372020293,414627,410678,210755,466749,0.6231557159616969,0.6629979756372905,0.5023924488522425,0.5491749117818698
0.40505738558745363,414649,410697,210733,466730,0.6231811003362315,0.6630331541361919,0.5023941474242318,0.5492021940246565
0.4048419678044356,416001,413590,209381,463837,0.6244162997479226,0.6651950327959552,0.5014531256968795,0.552026904283911
0.40479395303033805,416185,413781,209197,463646,0.6246221665114811,0.6654892529685856,0.5014482520970739,0.5522764369923258
0.40475739447222026,416447,414074,208935,463353,0.624911278315535,0.6659081969100485,0.501428621311201,0.5526457454007795
0.4047068059391181,416523,414292,208859,463135,0.624970178640074,0.6660297226335263,0.5013426575109983,0.5528413790441766
0.40468046361717636,416547,414324,208835,463103,0.6249956862908673,0.6660680991777825,0.5013377527919497,0.5528786425952998
0.4046333489217391,416645,414566,208737,462861,0.6250789515770662,0.6662248034001618,0.5012505849898522,0.5531048855842625
0.40453779831320646,416714,414707,208668,462720,0.6251430789970084,0.6663351359648982,0.5012069697541919,0.5532446239009747
0.40450273741325893,416757,414773,208625,462654,0.6251871404578018,0.6664038939400239,0.5011929816122088,0.553317154741554
0.40448142936342935,417108,415279,208274,462148,0.6255528410292404,0.66696515089977,0.501098647624242,0.5538874201578511
0.40446009875480815,417134,415416,208248,462011,0.6255612496168356,0.6670067254893809,0.5010317698636718,0.553995883708442
0.40441148379631364,417559,415727,207823,461700,0.6260604039685572,0.6676863101272502,0.5010992624381064,0.5544856332374906
0.40419316659527604,417696,415905,207686,461522,0.6262066624709269,0.6679053762340458,0.5010742549493102,0.5546952407125589
0.40409913337493575,417703,415922,207679,461505,0.6262126505140844,0.6679165693927871,0.5010682261208577,0.5547112108058975
0.40395208232548807,417840,416039,207542,461388,0.6263703350145874,0.6681356354995827,0.5010798928861382,0.5548802276270637
0.4036752795152868,417884,416100,207498,461327,0.6264165741271505,0.6682059924973855,0.5010695648837388,0.5549500967854198
0.40357017520974514,417972,416255,207410,461172,0.6265028456826116,0.6683467064929914,0.5010290963970239,0.5551117939804726
0.40338724239305546,418076,416378,207306,461049,0.6266160908542072,0.6685130048514348,0.5010174317577721,0.555262844446633
0.40325651031531495,418150,416412,207232,461015,0.6267067135478959,0.668631332529558,0.5010412647592389,0.5553347098666563
0.4031563296113203,418260,416496,207122,460931,0.6268351255468659,0.6688072250240653,0.5010565961790032,0.5554638014544763
0.4031063047354335,418417,416633,206965,460794,0.6270151634399076,0.6690582715844076,0.5010681995090115,0.5556594350978734
0.4029242390907328,418672,417269,206710,460158,0.6272297959921126,0.6694660223671293,0.5008391740565422,0.5562523248130667
0.40286422230464136,419432,418145,205950,459282,0.6280605132213573,0.6706812796019073,0.5007682875723665,0.5573409528423107
0.40276058764975764,419499,418267,205883,459160,0.6281252863629259,0.6707884141212891,0.5007352888515408,0.5574667173273516
0.4026644445466371,419907,418913,205475,458514,0.6285378050430673,0.6714408153736436,0.5005924989866718,0.5581680705931359
0.4026550745417883,420399,419606,204983,457821,0.629051097205983,0.6722275345308947,0.500472020999875,0.5589565939517264
0.40260482619380145,420424,419716,204958,457711,0.6290630906481434,0.6722675100978283,0.5004213583450378,0.5590464257267557
0.4026048209396724,420720,420154,204662,457273,0.6293677421207862,0.6727408208103207,0.5003365545848724,0.5595348444146927
0.40256508134928237,421058,420488,204324,456939,0.6297467540353578,0.6732812904752615,0.5003386624141758,0.5599820070281719
0.4025027486468884,421172,420633,204210,456794,0.6298684576140038,0.6734635790604783,0.5003201454018449,0.560154350952117
0.4024750574948247,421345,420952,204037,456475,0.6300344665166389,0.673740209983658,0.5002332906326391,0.5604817378655571
0.40240042643003093,421444,421095,203938,456332,0.6301368961806089,0.6738985132287146,0.5002071120743372,0.5606427696400541
0.402390167365827,421444,421133,203938,456294,0.6301297357588951,0.6738985132287146,0.5001845528657914,0.5606680556211734
0.4022610345492331,422078,421873,203304,455554,0.6308184866800838,0.6749122936061479,0.5001214525487854,0.561582343464805
0.4022497331136706,422308,422322,203074,455105,0.6310341591759863,0.675280068821936,0.4999917123474184,0.5620341640221744
0.40212762797357826,422498,422569,202884,454858,0.6312356290498252,0.6755838831306306,0.49995799149653225,0.5623249528050471
0.402007667732747,422505,422584,202877,454843,0.6312419377538571,0.675595076289372,0.4999532593608484,0.5623395920572741
0.40193942223493495,422713,422832,202669,454595,0.631466657584104,0.6759276730062586,0.4999296311846206,0.5626430238307064
0.4018683184098557,422806,422979,202576,454448,0.6315602992609296,0.6760763821152511,0.49989772814604183,0.5628027247640918
0.4018041783741332,422852,423047,202530,454380,0.6316075003278637,0.6761499371584088,0.49988473801245775,0.5628785827074498
0.4017611351533895,422961,423097,202421,454330,0.631740304804716,0.6763242306302388,0.4999196272595969,0.5629843845758177
0.4017398755740549,423038,423306,202344,454121,0.631801335295973,0.676447355376394,0.49984167194426854,0.5631746948547687
0.40164584461381947,423110,423475,202272,453952,0.6318633809551828,0.6765624850091624,0.4997844280255379,0.5633350612087098
0.40161468543207157,423779,424505,201603,452922,0.6325414679988012,0.6776322311803026,0.4995720772760066,0.5644656107329674
0.4015905878196345,423842,424561,201540,452866,0.6326130299400197,0.677732969608975,0.4995762626959122,0.5645447957791043
0.4015096866616653,423941,424704,201441,452723,0.632715086653734,0.6778912728540316,0.4995504598507032,0.5647058275536013
0.4014245665455145,424030,424904,201352,452523,0.6327933282036925,0.6780335858723149,0.49948523677930207,0.5648981340942195
0.40125697079520917,424371,425466,201011,451961,0.6331315747464094,0.6785788526052876,0.4993557588102189,0.5654990088560822
0.4012042931468789,426248,429006,199134,448421,0.6349056924161295,0.6815802181706541,0.4983876135042923,0.5691035920067021
0.4011050644247822,426341,429201,199041,448226,0.6349897380751668,0.6817289272796467,0.49832854494577705,0.5692952331267647
0.4011021505706712,426381,429265,199001,448162,0.6350296410016282,0.6817928881867402,0.49831472361233503,0.569364436864565
0.40107246437537314,426693,430055,198689,447372,0.6352857835389348,0.6822917832620702,0.4980379294728438,0.5700977303170263
0.4009624555072542,426694,430079,198688,447348,0.6352825431669168,0.6822933822847476,0.4980245642661475,0.5701143658309207
0.400944409262586,426810,430319,198572,447108,0.6353878946257387,0.682478868915319,0.4979530502409789,0.5703512555487756
0.40091552050917356,427300,431019,198082,446408,0.6358920510368478,0.6832623900272153,0.49783355605549917,0.571143106010145
0.40073961059949914,427378,431132,198004,446295,0.6359719741264831,0.6833871137960479,0.4978136538887142,0.5712702013362976
0.4003869236876063,427491,431393,197891,446034,0.6360693272134488,0.6835678033585872,0.4977284476134146,0.5715190686241565
0.400261707957802,427839,432120,197543,445307,0.6363835409745746,0.6841242632503014,0.49751092784656015,0.5722343957216119
0.4001360852849778,427853,432212,197529,445215,0.6363842975636849,0.6841466495677841,0.4974658892060484,0.5723049303005239
0.40001521599249645,428060,432446,197322,444981,0.6366086720122403,0.6844776472619934,0.4974514994665929,0.5725983807656195
0.4000111966757446,428086,432604,197296,444823,0.6366124980593167,0.6845192218516043,0.4973753616284609,0.5727208181478818
0.3998595387989782,428114,432767,197268,444660,0.6366179724120414,0.6845639944865698,0.4972975358963666,0.5728479134740343
0.3997643667722276,428318,432939,197064,444488,0.6368501108456235,0.6848901951127471,0.49731729321213064,0.5730981116030047
0.3996665494629529,428705,433566,196677,443861,0.6372333780942322,0.6855090168888776,0.4971812805950797,0.5737728480465581
0.3996550497691994,428884,433810,196498,443617,0.6374192904035465,0.6857952419481214,0.49714498999645296,0.57405432094165
0.3995901873872063,428909,433822,196473,443605,0.6374494353734359,0.6858352175150548,0.49715264665347597,0.5740789415022135
0.39955525828056204,428915,433857,196467,443570,0.6374505840739529,0.6858448116511189,0.4971359756691223,0.5741062237450002
0.3995454368285022,429259,434311,196123,443116,0.6378105481623417,0.6863948754521236,0.49707493312644024,0.5746372293485067
0.3995397497644544,429261,434486,196121,442941,0.637779973404848,0.6863980734974784,0.4969753874687843,0.5747550087868785
0.3992947965121961,429311,434620,196071,442807,0.6378193880834679,0.6864780246313453,0.4969274166571173,0.5748774461691406
0.39919018071249857,430077,436225,195305,441202,0.6385075850028059,0.6877028760021875,0.4964515838587467,0.5764551583068773
0.3990386433561872,431281,437849,194101,439578,0.6397578751685873,0.6896280993057043,0.496221508865187,0.5783369676386021
0.39894211059430174,431364,438023,194018,439404,0.639832211728863,0.6897608181879236,0.4961702901009562,0.5785079807214356
0.3989222916455665,431820,438699,193562,438728,0.640293566489435,0.6904899725287904,0.4960489087544327,0.5792612367905702
0.3988758233784745,432222,439248,193160,438179,0.6407089479448254,0.6911327796450809,0.495968880167992,0.5798940517391099
0.3988520116502422,432552,439923,192830,437504,0.6410071360339632,0.691660457128603,0.49577581019513456,0.5805627993976613
0.39884899391936746,433214,440748,192168,436679,0.6417053524080948,0.6927190101410018,0.49568974394767734,0.5815522797640951
0.39883376230761003,433568,441685,191814,435742,0.6419841855305393,0.69328506416878,0.4953630550252327,0.5824113377015975
0.3985968121195981,433593,441722,191789,435705,0.6420094153029916,0.6933250397357136,0.49535652879249187,0.5824525937760554
0.3985579530008154,433718,441967,191664,435460,0.6421241420070336,0.6935249175703809,0.49528997299257155,0.5826987993816912
0.39851700819699354,433815,442096,191567,435331,0.642224774451885,0.6936800227700829,0.49527292156394886,0.5828491844272958
0.3984805719099358,433849,442154,191533,435273,0.6422576136236795,0.6937343895411124,0.4952597194301846,0.5829104031184269
0.39845738059579805,433902,442290,191480,435137,0.642300131449617,0.6938191377430115,0.4952133778897776,0.5830361676034679
0.3982441863598408,433918,442322,191464,435105,0.6423146882793608,0.6938447221058489,0.4952045101798594,0.583068107790145
0.3980307474208362,433946,442376,191436,435051,0.6423405420607783,0.6938894947408144,0.49519012417809893,0.5831226722757183
0.3978282372047409,434332,442915,191050,434512,0.6427359028050107,0.6945067174942675,0.49510799124989885,0.583738186289808
0.397805910151794,434403,443112,190979,434315,0.6427899852117892,0.6946202481043586,0.49503769166339034,0.583916518998755
0.39780471622555424,434482,443271,190900,434156,0.6428616028084081,0.6947465708958684,0.4949934662712631,0.5840748890910289
0.39751899855042283,434697,443853,190685,433574,0.6430280602992002,0.6950903607714964,0.4947891411985658,0.5846052292739796
0.3972963887484324,434758,443969,190624,433458,0.6430846193556403,0.6951879011548142,0.4947588955386599,0.5847230087123514
0.39723953443884596,434806,444021,190576,433406,0.6431365936417921,0.6952646542433265,0.4947572161528947,0.5847895507679286
0.39721269126378433,434960,444357,190422,433070,0.6432711348790021,0.6955109037356367,0.49465664828497574,0.5851156068402571
0.39718391918104545,435138,444622,190244,432805,0.6434500699141865,0.6957955297722033,0.4946098936073475,0.5854103881464644
0.3971654141603518,435228,444813,190154,432614,0.643529675130095,0.6959394418131638,0.4945542309960559,0.5855973713226365
0.39712645793079293,435312,444885,190070,432542,0.6436241858814659,0.6960737597180603,0.4945620128221296,0.585701176929337
0.39708811109111675,435382,445141,190000,432286,0.6436656336643061,0.6961856913054741,0.49445840710577693,0.5859181040305188
0.39699076376909503,435518,445242,189864,432185,0.6438215787656166,0.6964031583895923,0.49447976747354555,0.586075808702237
0.396964864900188,436338,446730,189044,430697,0.6445939190379,0.6977143569850107,0.4941159684191931,0.58761159934496
0.39683682951796584,436439,446788,188943,430639,0.6447128374136385,0.6978758582754221,0.49414137022532145,0.5877174012133278
0.39669304718536047,436454,446799,188928,430628,0.6447300430958458,0.6978998436155821,0.4941438070405648,0.5877347021477779
0.3966740893503947,436699,447034,188683,430393,0.6450004888840181,0.6982916041715304,0.4941526456520239,0.5880541040145487
0.3966577246345965,436802,447274,188580,430153,0.6450872576946388,0.6984563035072964,0.4940774322569553,0.5882823432651787
0.3965378188509824,437223,447661,188159,429766,0.6455549413361399,0.6991294920544563,0.4941020517943595,0.588820003074243
0.39652005497159526,437453,447889,187929,429538,0.6458071907100066,0.6994972672702444,0.4941062323938094,0.5891247656887868
0.3961956820257839,437653,448103,187729,429324,0.6460234807592159,0.6998170718057124,0.49410108427151495,0.5894002497988766
0.3961377442578864,437751,448300,187631,429127,0.6461118692730118,0.6999737760280916,0.49404718238566403,0.5895965488628295
0.39612808488624307,437951,448571,187431,428856,0.646317203110934,0.7002935805635595,0.49401030092879816,0.5899099619445984
0.3961101901175995,438536,449311,186846,428116,0.646927530886963,0.7012290088298032,0.4939319499868784,0.590791644180997
0.39608148007981847,438975,449994,186407,427433,0.647360844147628,0.7019309797851553,0.4938023710613081,0.5915382460445738
0.39572533157908174,438981,450046,186401,427381,0.6473586182793083,0.7019405739212193,0.49377690441347677,0.5915768404368087
0.39562745218612705,439397,450663,185985,426764,0.6477747297136327,0.7026057673549926,0.49367121317663976,0.5922642198709217
0.39548885179586746,440142,451800,185240,425627,0.6485131738309164,0.7037970392496107,0.49346482170365336,0.5935165413568857
0.3954298139239273,440145,451813,185237,425614,0.6485145363794046,0.7038018363176427,0.4934593332869933,0.593527188085778
0.39496364388991645,440285,451995,185097,425432,0.6486592641657984,0.7040256994924702,0.4934381584256063,0.5937414535047368
0.39490043820599696,440633,452264,184749,425163,0.6490539634842425,0.7045821593841843,0.4934869307434116,0.5941520179876485
0.3948808019822454,441453,453345,183929,424082,0.6498978602171877,0.7058933579796028,0.49335492479866966,0.5954169824641721
0.3948778347240083,441711,453611,183671,423816,0.6501773702106364,0.7063059058303565,0.49335434625754754,0.5957656628353969
0.3948732604001758,441891,453915,183491,423512,0.6503496565247927,0.7065937299122776,0.4932887254606466,0.5960877263843908
0.39477659446453306,442809,455233,182573,422194,0.6512720726444815,0.7080616327300754,0.49308272887014193,0.5975756067470983
0.39477057752201805,442916,455359,182466,422068,0.6513848008252243,0.7082327281565507,0.4930739472878573,0.5977306497365933
0.3942674146756113,443030,455540,182352,421887,0.6514959274703258,0.7084150167417674,0.4930389396485527,0.5979269488005462
0.39424024634574173,443035,455561,182347,421866,0.6514982982973562,0.7084230118551541,0.4930302382828323,0.5979442497349963
0.39421910791824666,443077,455651,182305,421776,0.6515347667940297,0.7084901708076023,0.4930045575524519,0.5980320852483583
0.3940522079047539,443328,456132,182054,421295,0.6517635463577055,0.7088915254996146,0.49288239610432927,0.5985191730951838
0.3940196782514076,443350,456157,182032,421270,0.6517868825225263,0.7089267039985161,0.4928811004250106,0.5985504478613051
0.3939096233763141,443417,456292,181965,421135,0.6518466663746161,0.7090338385178978,0.4928449087427157,0.5986848628135711
0.39389087402941025,443861,456779,181521,420648,0.6523208142572618,0.7097438045866367,0.49282843311422986,0.5993043693509954
0.39365192916323133,443948,457028,181434,420399,0.652384244074364,0.7098829195595652,0.49274120509314345,0.5995279506577349
0.3936467175256204,444028,457102,181354,420325,0.6524722731464637,0.7100108413737524,0.4927457747494812,0.5996304254233239
0.393568240038934,444063,457189,181319,420238,0.6525003085712271,0.7100668071674593,0.49271790797690324,0.5997116067311282
0.39353887274150356,444316,457669,181066,419758,0.6527314571738083,0.7104713599048261,0.4925979922060788,0.6001993599985095
0.39334791838947913,444318,457677,181064,419750,0.652732477494643,0.7104745579501809,0.49259474830791744,0.6002060142040672
0.3933348921113702,444401,457726,180981,419701,0.6528290910800302,0.7106072768324,0.49261467620412647,0.6002938497174292
0.39331896255381726,444433,457796,180949,419631,0.6528565347056209,0.7106584455580749,0.49259445218453407,0.6003617226141179
0.39330707547896127,444625,458057,180757,419370,0.653051662500257,0.7109654579121241,0.49255994912937223,0.6006631581258829
0.39321555439572586,444635,458075,180747,419352,0.6530609786977292,0.7109814481388975,0.492555748800833,0.6006817899014446
0.39314921560580707,444827,458394,180555,419033,0.653244923487752,0.7112884604929467,0.49248965646281473,0.6010218198054443
0.3931237065524379,444845,458417,180537,419010,0.653263490553015,0.7113172429011388,0.49248722961887026,0.601049102048231
0.3930553418240933,444925,458456,180457,418971,0.6533581367372814,0.711445164715326,0.49251091178583567,0.6011282870943679
0.39295599305587015,444973,458503,180409,418924,0.6534103924694361,0.7115219178038383,0.4925122526774369,0.6011915020471663
0.39286535797155564,445103,458615,180279,418812,0.6535548386225254,0.7117297907518925,0.49252421662509765,0.6013525338216633
0.3927827816782994,445228,458915,180154,418512,0.6536567977353068,0.7119296685865599,0.49243095395308045,0.6016353375578667
0.3927389403541026,445739,459659,179643,417768,0.6541659548813211,0.7127467691746804,0.4923127729462623,0.6024704403553612
0.39242460900361786,445793,459738,179589,417689,0.6542196656999483,0.7128331163992567,0.49230009795357643,0.6025589412892789
0.3922711145237052,445884,459863,179498,417564,0.6543117300482056,0.7129786274628946,0.49228316516643167,0.6027026721293258
0.3922692774585377,446173,460268,179209,417159,0.6546024919827615,0.7134407450166458,0.4922250869058218,0.6031644739950319
0.39220815717265034,446406,460710,178976,416717,0.6548146418341135,0.7138133173004659,0.49211567208603973,0.6036136328701784
0.392169319379182,446538,460783,178844,416644,0.654968876591483,0.7140243882938748,0.4921499667703051,0.6037500440841118
0.3921641486330768,446573,460904,178809,416523,0.6549902390873583,0.7140803540875816,0.4921039321106761,0.6038538496908123
0.3920505149825073,446737,461153,178645,416274,0.655151407072996,0.7143425938066653,0.49206071220081726,0.6041286683803464
0.3920257119844194,446850,461246,178532,416181,0.6552775320680521,0.7145232833692048,0.4920735252660512,0.6042657450148355
0.39200090986563774,447293,461988,178089,415439,0.6556992783823428,0.7152316504152662,0.4919194396451702,0.605054268373426
0.39192698003701143,447402,462190,177980,415237,0.6557992682755224,0.7154059438870962,0.49187108066034,0.6052612141662713
0.3918102196434946,447472,462352,177910,415075,0.6558572671480398,0.71551787547451,0.49182259425998875,0.6054155917352105
0.391608977225538,447548,462526,177834,414901,0.6559205909716315,0.7156394011979877,0.49177099884185244,0.6055819468741537
0.39160399069530705,447811,462897,177571,414530,0.6561840974657087,0.7160599441621281,0.491717433030126,0.6060038235065135
0.3915935511019738,447890,462961,177492,414466,0.6562723542724885,0.716186266953638,0.4917269674183813,0.6060989786459889
0.39151214630142184,447907,462985,177475,414442,0.6562893782125295,0.7162134503391527,0.4917234974069374,0.6061262608887756
0.39132832879921176,448101,463312,177281,414115,0.6564734051951089,0.7165236607385566,0.49165526495672107,0.6064729449983332
0.3912142294303439,448360,463650,177022,413777,0.6567379651259192,0.7169378076119876,0.4916174164756965,0.6068702010701293
0.39114063864230764,449229,465591,176153,411836,0.6574696137512923,0.7183273583185956,0.491057257165344,0.6087400328318502
0.39112540688803754,449232,465622,176150,411805,0.6574674611914008,0.7183321553866276,0.49104228652877946,0.6087626571307465
0.391115661284278,449314,465751,176068,411676,0.6575468602786461,0.7184632752461695,0.4910186708048062,0.6089030608680145
0.39104982011953116,449481,466250,175901,411177,0.6576630568534606,0.7187303120332853,0.49084392687372164,0.609346230958159
0.3910096708555021,449638,466567,175744,410860,0.6578015310148569,0.7189813585936276,0.49076134707843766,0.6096616403015952
0.3909896036599142,449680,466647,175702,410780,0.6578394928983237,0.7190485175460758,0.49074184215896727,0.6097428216093994
0.39096733448483445,449691,466670,175691,410757,0.6578490407383036,0.7190661067955266,0.49073563802911735,0.6097654459082957
0.3904173786977423,449750,466726,175632,410701,0.6579132148470277,0.7191604491334896,0.4907384372313077,0.6098419692722096
0.3902948722974686,449808,466832,175574,410595,0.6579664896517666,0.7192531924487753,0.4907139116774306,0.6099510982433562
0.39023352122943,449861,466885,175521,410542,0.6580236107462422,0.7193379406506744,0.49071498539399133,0.6100216328222682
0.3902146985305547,449862,466932,175520,410495,0.6580158334995942,0.7193395396733516,0.4906903840993724,0.6100535730089452
0.3901904141540168,450266,467675,175116,409752,0.6583858487969916,0.7199855448349969,0.49051736440577337,0.6108168103864163
0.3901509771352041,450418,468103,174964,409324,0.6584964133554811,0.7202285962819525,0.49037311068554773,0.6112027543087645
0.39011335728320606,450490,468194,174892,409233,0.6585702874558653,0.720343725914721,0.4903644778835813,0.6113112178593554
0.38968195332536415,450501,468234,174881,409193,0.6585765480607778,0.7203613151641717,0.49034923019151333,0.6113451543076998
0.38962313751751065,450563,468346,174819,409081,0.6586336775096282,0.7204604545701667,0.49032385143686696,0.6114609374844042
0.3896052141990761,450627,468420,174755,409007,0.6587006570532732,0.7205627920215164,0.49031986394602234,0.6115527655211008
0.38955808516852564,450703,468446,174679,408981,0.6587921046038547,0.7206843177449943,0.49034813724434234,0.6116206384177896
0.38948866042144037,450833,468525,174549,408902,0.658941864768367,0.7208921906930484,0.4903780681736603,0.6117597113139461
0.3894659783990104,450856,468634,174526,408793,0.6589500552174821,0.7209289682146273,0.4903326844228866,0.611847546827308
0.389443643328506,450940,468879,174442,408548,0.659009448617752,0.7210632861195237,0.49024862500122307,0.6120664701901573
0.38921398821301323,451003,469032,174379,408395,0.6590599091701658,0.7211640245481962,0.49020200318466145,0.6122102010302041
0.3891783343009092,451141,469199,174241,408228,0.6592028096934189,0.721384689677669,0.49018949518656146,0.6124131542997148
0.3891186421700833,451278,469374,174104,408053,0.6593428750094968,0.7216037557844646,0.49017218232296245,0.6126207655131157
0.3890324038918094,451316,469454,174066,407973,0.6593756592792328,0.7216645186462034,0.4901506347947913,0.612699285138697
0.38899763533118403,451402,469545,173980,407882,0.6594671984455693,0.7218020345964546,0.49014981318143175,0.6128170645770686
0.3889963323748722,451518,469694,173864,407733,0.6595855951664455,0.721987521227026,0.49013473554404413,0.6129934010243484
0.3888734636174477,451583,469794,173799,407633,0.6596487486506345,0.7220914577010531,0.49011750890243627,0.6131031954160509
0.3888485698340284,451646,469839,173736,407588,0.6597199601637505,0.7221921961297255,0.49012843399512745,0.6131750608360743
0.38881024222679805,451686,469908,173696,407519,0.6597573793747346,0.7222561570368191,0.49011386792882766,0.6132475916766535
0.3887710639172377,451698,469917,173684,407510,0.659770859704079,0.7222753453089472,0.4901157207727739,0.6132615655083248
0.38864050370076964,451797,470091,173585,407336,0.6598628387552082,0.7224336485540038,0.49007797042590856,0.6134432253200507
0.3885899395873911,451813,470134,173569,407293,0.6598748347804497,0.7224592329168412,0.4900639624620504,0.6134824851328412
0.38830568350266836,452063,470628,173319,406799,0.6600965066778731,0.7228589885861761,0.48993975231144554,0.613977558026336
0.3881996022448473,452188,470798,173194,406629,0.6602221512308024,0.7230588664208436,0.4899185903144793,0.6141738570902889
0.3881216706063698,452393,471123,172989,406304,0.6604192530081365,0.7233866660696981,0.4898594068754629,0.6145265299848484
0.3880021905644524,452704,471614,172678,405813,0.6607185495203228,0.7238839621223508,0.48977083644373476,0.6150601972705779
0.38799744379588197,452705,471681,172677,405746,0.6607068945688654,0.7238855611450281,0.48973588955263275,0.6151054458683705
0.38798817361892246,452814,471808,172568,405619,0.6608204544459525,0.7240598546168582,0.4897287756510228,0.6152624851195329
0.3879337509301407,453074,472150,172308,405277,0.661083731766991,0.7244756005129664,0.48969114506324957,0.6156630682941079
0.3878020488299033,453104,472235,172278,405192,0.6611053186481997,0.7245235711932867,0.48966270739696477,0.6157395916580217
0.3875710131577992,453145,472282,172237,405145,0.6611481621439441,0.7245891311230576,0.4896604486361431,0.6157981486669297
0.3874727607728058,453282,472529,172100,404898,0.661273950432099,0.7248081972298531,0.48960532981353644,0.6160536701603464
0.38742092287319574,453330,472711,172052,404716,0.6612995974698103,0.7248849503183654,0.4895355605205385,0.6162067168881741
0.3873823833881528,453343,472777,172039,404650,0.6613033193606811,0.7249057376131708,0.4895078391569127,0.6162592851120801
0.3873420883093365,453524,472973,171858,404454,0.6614945923673252,0.7251951607177693,0.4895040135046309,0.6165101486616064
0.38728785163931656,453758,473491,171624,403936,0.6616907427925467,0.7255693320242668,0.48935938458817424,0.6170105449195473
0.3872667970528644,453786,473578,171596,403849,0.6617093801729538,0.7256141046592323,0.48932889350891345,0.6170870682834612
0.38698871496543463,453993,473908,171389,403519,0.6619075653702118,0.7259451023534416,0.4892687905282999,0.6174443991219111
0.38696770499570265,454433,474466,170949,402961,0.6623563189072381,0.726648672331471,0.4892168039797653,0.6181084888365721
0.38674896035924744,454591,475003,170791,402424,0.662452398952879,0.7269013179144906,0.48902101347469973,0.618570956122834
0.38674680262791405,454676,475095,170706,402332,0.6625420868306726,0.7270372348420645,0.48901933917061297,0.6186887355612057
0.3865361274044763,455534,476188,169848,401239,0.663415131435229,0.728409196299222,0.4889162217914786,0.6199869710655179
0.38650930197052347,455550,476195,169832,401232,0.6634339885001863,0.7284347806620594,0.48892132504064956,0.6200022757383007
0.38646030480440396,455556,476198,169826,401229,0.6634409873701024,0.7284443747981234,0.4889230419187897,0.6200082645233027
0.38644610061780915,456028,476868,169354,400559,0.663907543157164,0.7291991135018276,0.4888304805680376,0.620768174797995
0.386392769817144,456030,477048,169352,400379,0.6638752741944782,0.7292023115471824,0.4887372759833583,0.6208892813391456
0.38632851251575784,456063,477094,169319,400333,0.6639080439690976,0.7292550792955346,0.4887312638709242,0.6209418495630515
0.38624636468085216,456182,477487,169200,399940,0.6639822985406659,0.729445362994138,0.4885907104123624,0.6212825448876071
0.386220060158342,456673,477857,168709,399570,0.6645304008255972,0.7302304831287117,0.4886659604293067,0.6218554719861273
0.3861286147475471,456701,477943,168681,399484,0.6645490970766306,0.7302752557636772,0.4886363150033596,0.6219313299294854
0.3859848109737124,457456,479062,167926,398365,0.6652848740243732,0.7314825178850687,0.488464717175751,0.6231783280510031
0.3859633366826084,457541,479157,167841,398270,0.6653736549022664,0.7316184348126425,0.4884615959466125,0.6232981037510422
0.38594968724174594,458132,479801,167250,397626,0.6659938868328497,0.7325634572149502,0.4884485352365254,0.6241198981374213
0.3858283877731645,458427,480234,166955,397193,0.666281707196901,0.7330351689047654,0.4883839852726384,0.6246043243020237
0.3857377552041097,458597,480521,166785,396906,0.6664402556961687,0.7333070027599131,0.4883273454454073,0.6249084214960118
0.3856788645438808,459616,481759,165766,395668,0.6674832256383639,0.7349364068681222,0.48823901208338866,0.6264102756903904
0.3855679928729071,459653,481806,165729,395621,0.6675206731829078,0.7349955707071838,0.48823475053082505,0.6264661710170754
0.38555990898992376,459764,482022,165618,395405,0.6676184629110212,0.7351730622243685,0.48818309042606284,0.6266837635388129
0.3855154148299974,459854,482210,165528,395217,0.6676952438035633,0.735316974265329,0.488134564106048,0.6268687504533178
0.3855138605470023,459876,482245,165506,395182,0.667716134832557,0.7353521527642305,0.4881283826599768,0.6269066794249968
0.38550974892494627,459878,482284,165504,395143,0.6677110889772309,0.7353553508095851,0.48810926358736606,0.6269339616677835
0.38550570535870743,460192,482947,165190,394480,0.6679774851966823,0.7358574439302699,0.487936560782663,0.6275840775507733
0.38540275047373374,460366,483151,165016,394276,0.668156729447656,0.7361356738761269,0.4879254957780305,0.6278356065208552
0.3853961854122866,460532,483359,164850,394068,0.6683251006626479,0.7364011116405653,0.4879080317536665,0.6280844738087142
0.38532803989439435,460536,483376,164846,394051,0.6683268319866258,0.7364075077312746,0.48790141453864344,0.6280984476403855
0.3852999016429687,460597,483469,164785,393958,0.6683854801233111,0.7365050481145924,0.4878864401429561,0.6282009224059744
0.3852695934397117,460605,483486,164777,393941,0.6683922395366406,0.7365178402960111,0.48788199442638475,0.6282175579198688
0.3851902564181714,460761,483786,164621,393641,0.6685301393614475,0.7367672878336761,0.4878116176325794,0.6285209896933011
0.3851863925702036,460783,483832,164599,393595,0.6685488675310339,0.7368024663325775,0.4877997914494265,0.6285662382910936
0.3850982287261082,460830,483878,164552,393549,0.6685990164341618,0.7368776203984125,0.48780152174005087,0.6286281224027804
0.3850926326040339,460958,484061,164424,393366,0.6687243783415691,0.7370822953011119,0.48777643624096445,0.6288350681956256
0.3850189438343381,461145,484288,164237,393139,0.6689153140984189,0.7373813125417744,0.48776063454522955,0.6291105523057154
0.3849467547203259,461226,484367,164156,393060,0.6690017553778936,0.737510833378639,0.4877637630566216,0.6292170195946392
0.38487139696405914,462182,486240,163200,391187,0.6698386933143958,0.7390394990581757,0.4873168273194844,0.6310994943469197
0.38477237758105876,462207,486298,163175,391129,0.6698588100461648,0.7390794746251091,0.4873005413782742,0.6311547242530487
0.3847432655311438,462753,487127,162629,390300,0.6703829277790397,0.7399525410069365,0.48716995831052345,0.6320696775172361
0.38467931582733195,462873,487257,162509,390170,0.6705082021451719,0.7401444237282173,0.4871680717375517,0.6322360326561792
0.38463361000502694,463042,487544,162340,389883,0.6706644102715033,0.7404146585606877,0.48711216028849574,0.6325394644296115
0.3845800016679666,463078,487629,162304,389798,0.670693043781782,0.740472223377072,0.48708803027641534,0.63261998031686
0.3845437485687696,463117,487812,162265,389615,0.6707063983707835,0.7405345852614882,0.4870153292201626,0.6327677036802415
0.3845289627350229,463203,488023,162179,389404,0.6707732436194411,0.7406721012117394,0.4869536787261913,0.6329653335853059
0.3844176961799862,463266,488078,162116,389349,0.6708415487165467,0.7407728396404117,0.4869595015052389,0.6330438532108871
0.38432630991332006,463507,488444,161875,388983,0.6710725619006225,0.7411582041056506,0.4869021619810263,0.6334477634882411
0.38425941214168113,463780,488836,161602,388591,0.6713385429211984,0.7415947372965643,0.48684884570488,0.6338902681578298
0.38423588088293714,464166,489515,161216,387912,0.6716901929810903,0.7422119600500174,0.48670991662830654,0.6345989410497276
0.38419932894412967,464216,489581,161166,387846,0.6717399955141702,0.7422919111838844,0.4867031454282201,0.6346761298341972
0.38418146426781363,464234,489634,161148,387793,0.6717522391066031,0.7423206935920765,0.4866857888093531,0.634723374693657
0.3841604685235207,464289,489810,161093,387617,0.6717869145020571,0.7424086398393303,0.4866256017457308,0.6348770868420405
0.3840275227287929,464338,489881,161044,387546,0.6718344832535483,0.7424869919505198,0.48661575592185863,0.6349569373087331
0.3839894504474465,464565,490315,160817,387112,0.672034377885944,0.7428499700982759,0.48651663036193027,0.6353967802960988
0.383874209656342,464619,490368,160763,387059,0.6720916877259321,0.7429363173228523,0.48651866465197957,0.6354679802955665
0.383852392381438,464633,490428,160749,386999,0.6720975505042688,0.742958703640335,0.48649562698089444,0.6355172214166936
0.38379530840036324,464727,490469,160655,386958,0.672207269079047,0.743109011772005,0.4865252785815686,0.635607053191723
0.3834927510313144,464764,490542,160618,386885,0.6722393959328102,0.7431681756110665,0.4865079880164052,0.635680249452858
0.38347771631971783,465059,491182,160323,386245,0.6724841942882824,0.7436398873008817,0.486340786475376,0.6363024176725053
0.383431026483943,465094,491285,160288,386142,0.6725079650782974,0.7436958530945886,0.4863072066617941,0.6363942457092019
0.3834176995624652,465133,491320,160249,386107,0.672549964849431,0.7437582149790049,0.48631035712157317,0.636443486830329
0.3833977865227933,465564,492356,159818,385071,0.6728876976904986,0.7444473937529382,0.4860155336562552,0.6374196587856474
0.38339203475597006,465669,492584,159713,384843,0.6729746767208676,0.7446152911340589,0.48595621406872713,0.6376412438307196
0.3833690714077651,465782,492705,159600,384722,0.6730924576916574,0.7447959806965982,0.4859554694012543,0.6377969522407705
0.38325872450888665,465806,492781,159576,384646,0.6731076857272085,0.7448343572408543,0.4859298112743027,0.6378634942963477
0.3832362738882823,466117,493359,159265,384068,0.6733840816133122,0.745331653293507,0.4858037095247823,0.6384550531704295
0.3831495817460938,466265,493538,159117,383889,0.6735342560419677,0.7455683086497533,0.4857923969814639,0.6386726456921671
0.3829976363159091,466273,493558,159109,383869,0.673540363770415,0.745581100831172,0.4857865603423936,0.6386912774677288
0.3828440654946481,466531,493857,158851,383570,0.6738046214870609,0.7459936486819256,0.4857734582272998,0.6390619167172941
0.3828329238867567,466724,494134,158658,383293,0.6739918657249654,0.7463022600586522,0.4857367061522098,0.6393746643785072
0.3828269137787874,466916,494291,158466,383136,0.6742011733499675,0.7466092724127014,0.4857600912186449,0.6396068961524718
0.38282107684245315,466941,494315,158441,383112,0.6742277312128045,0.7466492479796348,0.4857613372504307,0.6396395017597046
0.3827920794331131,466965,494356,158417,383071,0.6742497290525807,0.746687624523891,0.48575345800206177,0.6396827540958299
0.382788535614088,467083,494631,158299,382796,0.6743435774918415,0.7468763091998171,0.4856776546873603,0.6399442643742485
0.3827086083749266,467162,494929,158220,382498,0.6743842206663031,0.7470026319913269,0.4855694523698902,0.6401951279237748
0.3825998838291541,467235,494989,158147,382438,0.6744637029440906,0.7471193606467726,0.48557820216498443,0.6402836288576925
0.3825434346685943,468586,497167,156796,380260,0.6757254459618358,0.7492796402838585,0.4852027381742537,0.6426318979990139
0.3823961902098052,468623,497222,156759,380205,0.6757608714147569,0.7493388041229201,0.48519482939809183,0.642693116690145
0.3822623579339052,468663,497273,156719,380154,0.6758008158123632,0.7494027650300137,0.48519053022146397,0.6427536699607203
0.38216182886804884,468709,497386,156673,380041,0.6758361563526369,0.7494763200731713,0.4851582918864087,0.6428594718290881
0.3821028547921115,468773,497440,156609,379987,0.6759054381512345,0.749578657524521,0.48516527929141917,0.6429379914546692
0.38207363073187206,469298,498400,156084,379027,0.6763727701798614,0.7504181444301243,0.48496328399976024,0.6439261409799915
0.38205998159391874,469301,498420,156081,379007,0.676372609749257,0.7504229414981564,0.4849548578567583,0.6439414456527742
0.3819325199980981,469403,498501,155979,378926,0.6764839316637421,0.750586041811245,0.4849685506000595,0.6440632176144806
0.3818428980378349,469551,498724,155831,378703,0.6766248689046611,0.7508226971674913,0.48493558131729103,0.6443100886406722
0.3817415840422098,470262,499703,155120,377724,0.6773195279379794,0.7519596022910797,0.48482367920491976,0.6454346493799279
0.381702453841515,470318,499795,155064,377632,0.6773713065377439,0.7520491475610107,0.4848074399580255,0.6455331316221822
0.38154091253420064,470365,499904,155017,377523,0.6774085581616667,0.7521243016268456,0.4847779327176278,0.6456369372288827
0.3814808149685055,470450,499997,154932,377430,0.6774962377321265,0.7522602185544195,0.4847766029468894,0.6457553820878102
0.38107581513356603,471485,501255,153897,376172,0.6785386159041271,0.753915207025466,0.4846978637662685,0.6472811914221966
0.38085064503989186,472094,501901,153288,375526,0.6791697249593802,0.7548890118359659,0.48469858674839195,0.6481162942196913
0.38081006379273075,472137,501962,153245,375465,0.6792112617378102,0.7549577698110914,0.4846909811015102,0.6481854979574916
0.3806485802461973,472508,502674,152874,374753,0.6795332368819947,0.7555510072243845,0.4845331435567925,0.6489061484193933
0.38059434130529635,472716,502899,152666,374528,0.6797477124179248,0.7558836039412711,0.48453129564428593,0.6491942755200428
0.3804937147710562,472818,503059,152564,374368,0.6798431589072886,0.7560467042543597,0.4845057317674256,0.6493686157056552
0.3803539998748352,472906,503218,152476,374209,0.6799213952402368,0.7561874182499656,0.4844732841319341,0.649532974582931
0.3802992800246314,472940,503256,152442,374171,0.6799562012396614,0.7562417850209951,0.4844723805465296,0.6495808848629466
0.3802372653668642,473073,503559,152309,373868,0.6800621593026198,0.7564544550370813,0.4843922787703045,0.6498710082252634
0.3802013745350671,473191,503752,152191,373675,0.6801709716711739,0.7566431397130075,0.4843588622877691,0.6500779540181088
0.380147779147473,473554,504480,151828,372947,0.6804793246966141,0.7572235849448817,0.4841897111961343,0.6508039278444566
0.38014408240317277,473639,504589,151743,372838,0.6805635222699523,0.7573595018724556,0.48418057957858496,0.6509330194322764
0.3800738360885253,473853,504808,151529,372619,0.6807863021232468,0.7577016927254062,0.48418502423208853,0.651221146532926
0.38001268860185433,473899,505123,151483,372304,0.6807817729956472,0.7577752477685639,0.48405347377280594,0.6514613633535599
0.379839455020043,474552,506515,150830,370912,0.6813195332790635,0.7588194095768667,0.4837100830014668,0.6528221483901148
0.37983390088314395,474677,506689,150705,370738,0.6814404917290047,0.759019287411534,0.4836900809687721,0.6530211091362907
0.3797089948609176,474755,506805,150627,370622,0.6815145066676467,0.7591440111803666,0.4836739475936265,0.6531502007241107
0.37964513359148755,475952,507844,149430,369583,0.6827944833823197,0.7610580413251421,0.48379135511833754,0.6546380810868181
0.37956764875821436,475989,507912,149393,369515,0.6828269920288148,0.7611172051642037,0.48377733125588857,0.6547079502451743
0.37955182000998167,476120,508016,149262,369411,0.6829688690590946,0.7613266771349352,0.48379492265296664,0.6548643240757808
0.3795392487762891,476179,508054,149203,369373,0.6830344937590386,0.7614210194728982,0.48380718793212585,0.6549288698696907
0.37919039632283225,476201,508080,149181,369347,0.6830566448132988,0.7614561979717996,0.4838059456598268,0.6549608100563677
0.37915650992376015,476253,508200,149129,369227,0.6830975269228375,0.7615393471510213,0.48377423807942077,0.6550752623919607
0.3791453525291839,476331,508468,149051,368959,0.6831415985935915,0.7616640709198538,0.48368347246493953,0.655305497904258
0.3789692877183174,476354,508489,149028,368938,0.6831659625438601,0.7617008484414326,0.4836852168315153,0.655334776408712
0.3789063611344575,476634,508783,148748,368644,0.6834550014410895,0.7621485747910877,0.4836876165115885,0.6557167278077254
0.37885354033348395,478356,512466,147026,364961,0.6848626283161768,0.7649020918414665,0.48278701926279394,0.659313325911676
0.37877633957340895,478572,512640,146810,364787,0.6850953692516477,0.7652474807397719,0.4828149780269004,0.6595728399284274
0.378748092712912,479193,513555,146189,363872,0.6856828138361137,0.7662404738223998,0.4826934932127791,0.660594925902094
0.37859546523159937,479255,513598,146127,363829,0.6857509241264762,0.7663396132283948,0.4827048918621387,0.6606647950604502
0.37838950394978665,479319,513860,146063,363567,0.6857785216328579,0.7664419506797445,0.48261088887300274,0.660881722161632
0.378240518675919,479395,514005,145987,363422,0.685843885768176,0.7665634764032223,0.4825800281860278,0.6610287801044578
0.37822426136608156,479590,514279,145792,363148,0.6860307999348858,0.7668752858253036,0.48254850488344037,0.661340862345115
0.3781302441862361,479656,514385,145726,363042,0.6860914489171863,0.766980821322008,0.48253140464025124,0.661455314680708
0.37809124720743226,479807,515048,145575,362379,0.6861476560205217,0.7672222737462863,0.48228837368259697,0.6619969670131068
0.3780583303757531,479951,515269,145431,362158,0.6862819396765223,0.7674525330118231,0.48225618456220737,0.6622398455159638
0.3779260943808638,480136,515443,145246,361984,0.6864759928706785,0.767748352207131,0.48226810730238384,0.6624787314954861
0.3779209662567363,480227,515515,145155,361912,0.6865740992259677,0.7678938632707689,0.48228055058438835,0.662587195046077
0.3778548678017539,480580,516216,144802,361211,0.6868717705964342,0.7684583182758697,0.48212472762731795,0.6632885483118613
0.3777636931913668,480618,516307,144764,361120,0.6869007529899644,0.7685190811376087,0.4821004589111518,0.6633743875635559
0.3777503475504349,480717,516502,144665,360925,0.6869845118838258,0.7686773843826653,0.4820576021916951,0.6635700212069531
0.3775939021358762,480729,516536,144653,360891,0.6869926286007775,0.7686965726547934,0.48204739963800997,0.6636006305525186
0.37738432698933777,480754,516601,144628,360826,0.6870106831237284,0.7687365482217269,0.4820289666167012,0.6636605184025381
0.3773464860704092,480822,516713,144560,360714,0.6870725105549685,0.768845281763786,0.4820101550321543,0.6637802941025772
0.3773143408810713,480913,516802,144469,360625,0.6871671958763652,0.7689907928274239,0.48201440291065084,0.6639000698026163
0.37728613683251844,481143,517239,144239,360188,0.6873648179524616,0.769358568043212,0.481922751011136,0.6643439053133166
0.3770945145476816,481325,517468,144057,359959,0.6875440852424678,0.7696495901704878,0.4819066613402377,0.6646173931617391
0.37699294527616045,481384,517631,143998,359796,0.6875847547080552,0.7697439325084509,0.48185863075129004,0.6647651165251206
0.37697762998030815,481393,517728,143989,359699,0.6875767893324923,0.7697583237125469,0.4818165167181953,0.6648356511040325
0.3769763907646859,481533,518010,143849,359417,0.6876938513957586,0.7699821868873744,0.48175316119466594,0.6651164585785685
0.3768698142476613,481638,518111,143744,359316,0.6878033357543548,0.7701500842684951,0.48175892148929383,0.6652535352130576
0.3768468864157486,481802,518427,143580,359000,0.6879432239301585,0.7704123239875788,0.48169169260239403,0.6655729370798285
0.3767252037483473,482498,519350,142884,358077,0.6886186352820822,0.7715252437710072,0.48160798843736774,0.6666502529596243
0.37659032342240495,482776,519674,142606,357753,0.6888970193306008,0.7719697720753076,0.4815960895805277,0.6670508361341994
0.3765542261740309,483065,519989,142317,357438,0.6891906081809471,0.7724318896290587,0.4815942112787547,0.667452750149886
0.37640274356406733,483081,520044,142301,357383,0.6891994728151404,0.7724574739918961,0.48157607476635517,0.6674999950093459
0.37633417808260006,483171,520143,142211,357284,0.6892907012641368,0.7726013860328567,0.4815750602503304,0.6676257594943869
0.37610291990052325,483231,520204,142151,357223,0.6893524981576125,0.7726973273934971,0.4815767837478262,0.6677062753816353
0.3759600166950783,483284,520307,142098,357120,0.6893974213143691,0.7727820755953961,0.48155473693964973,0.6678100809883358
0.3758477116370649,483337,520336,142045,357091,0.6894568956245305,0.7728668237972951,0.4815682000013949,0.6678646454739092
0.3757864637950894,483403,520468,141979,356959,0.6895120926319657,0.7729723592939995,0.4815389626754832,0.6679963987439521
0.37562873513370254,483480,520601,141902,356826,0.6895806120990675,0.7730954840401547,0.48151493753989966,0.6681361370606644
0.37559159120520824,483547,520702,141835,356725,0.6896431233361392,0.7732026185595364,0.48150110181837374,0.6682479277140342
0.3755629890322656,483575,520868,141807,356559,0.6896448943816136,0.7732473911945019,0.4814359799411216,0.6683770193018541
0.37552835475444946,483631,520930,141751,356497,0.6897015449408158,0.7733369364644329,0.4814351741706079,0.6684555389274353
0.37544007378561517,483633,520939,141749,356488,0.6897022332506203,0.7733401345097877,0.4814318933834509,0.6684628585535487
0.37538021131832866,483662,520996,141720,356431,0.6897266716597465,0.7733865061674304,0.48141954774659634,0.6685200847213452
0.37536906463449426,483726,521216,141656,356211,0.6897620684049771,0.7734888436187802,0.48134718222544187,0.6687090641591845
0.37536783278786845,483785,521321,141597,356106,0.6898139355290572,0.7735831859567432,0.4813273425887419,0.6688181931303313
0.37513176420671646,483808,521384,141574,356043,0.689829812474335,0.7736199634783221,0.48130904344642617,0.6688754192981277
0.37503962270626,483820,521420,141562,356007,0.6898374799815671,0.7736391517504502,0.48129799848792326,0.6689073594848048
0.3749470858559171,483963,521624,141419,355803,0.6899730975459887,0.7738678119933097,0.481274121483273,0.6691382604176579
0.37486075800111396,484085,521837,141297,355590,0.6900811130593452,0.7740628927599451,0.48123512558627807,0.6693611763038416
0.3748582389912304,484157,522123,141225,355304,0.690113312929328,0.7741780223927136,0.4811354692530906,0.6695993968628082
0.37473721531989945,484194,522190,141188,355237,0.6901455908814133,0.7742371862317752,0.4811225138714447,0.6696686006006086
0.37443369911828683,484523,522775,140859,354652,0.6904346354022685,0.7747632646926199,0.48101257026222627,0.6702767949885847
0.3742977745839482,484678,522947,140704,354480,0.6905911483483337,0.7750111132076075,0.4810102964892693,0.6704943875103223
0.37427350161265893,484741,523050,140641,354377,0.6906482425792583,0.7751118516362799,0.4809935790258099,0.6706048473225806
0.37420486050232904,484795,523131,140587,354296,0.6906986100971833,0.7751981988608563,0.4809827308750841,0.6706946790976098
0.3740866544618314,484927,523227,140455,354200,0.6908417913645738,0.7754092698542651,0.4810048861582655,0.670846394984326
0.37400013883041694,485004,523379,140378,354048,0.6909064075983693,0.7755323946004202,0.48097201162653475,0.670998776291598
0.3738624124755582,485188,523797,140194,353630,0.6910499975359726,0.7758266147730507,0.4808674063539101,0.671399359466173
0.37378605999978076,485262,523947,140120,353480,0.6911112965739102,0.7759449424511738,0.48083399969679225,0.6715484136706661
0.3737834414334237,485355,524094,140027,353333,0.6911964960180599,0.7760936515601664,0.48081180921473,0.6717081146040514
0.37375351719761274,485393,524184,139989,353243,0.6912254119429638,0.7761544144219054,0.480788488644254,0.6717932884351904
0.37371796671019475,485492,524302,139890,353125,0.6913236666987533,0.776312717666962,0.480783209248619,0.671937684695793
0.3736403882574474,485589,524453,139793,352974,0.6914129577368527,0.7764678228666639,0.48076119606907436,0.6721027089936246
0.37360911825794707,485640,524506,139742,352921,0.6914650961336388,0.7765493730232083,0.4807621868521976,0.672171912731425
0.3734813028673356,485672,524599,139710,352828,0.6914860446170182,0.776600541748883,0.48073437721165907,0.6722550903008965
0.37345440111232897,485691,524631,139691,352796,0.6915030539459259,0.7766309231797526,0.48072891612772956,0.672289026749241
0.37334919169929204,485800,524954,139582,352473,0.6915731709469798,0.7768052166515825,0.48063129109555836,0.6725764884293347
0.37332669566131127,485834,525024,139548,352403,0.6916010939572131,0.7768595834226121,0.4806154771491149,0.672645692167135
0.37307611237751104,485846,525042,139536,352385,0.6916122691617393,0.7768787716947402,0.4806130847334225,0.6726656547838082
0.3728360617530969,486152,525551,139230,351876,0.6918873253708623,0.7773680726340061,0.48052837641086366,0.6732079725367628
0.37276704319099385,486156,525602,139226,351825,0.6918821866480555,0.7773744687247155,0.48050620800626237,0.6732445706673303
0.3726829872852374,486156,525609,139226,351818,0.6918808081193342,0.7773744687247155,0.48050288357474313,0.6732492286112207
0.3726769941384017,486183,525662,139199,351765,0.6919034785091136,0.7774176423370036,0.4804915772672692,0.6733024622556826
0.372667213008657,486211,525776,139171,351651,0.6919153611127319,0.7774624149719691,0.48045182398588127,0.6733969519746023
0.37247450866106735,486315,525969,139067,351458,0.6920048653712834,0.7776287133304125,0.48041359934563815,0.6735945818796667
0.37233381491960227,486554,526180,138828,351247,0.6922562973392422,0.7780108797502966,0.4804361263668446,0.6738940211297644
0.3722683274359404,486645,526302,138737,351125,0.692343806685209,0.7781563908139345,0.48042493832352534,0.6740357557081439
0.37226473484936307,490369,535298,135013,342129,0.6951260137304572,0.7841111512643473,0.47809766717657876,0.6824999051775708
0.37222841192359823,490422,535399,134960,342028,0.6951707925697174,0.7841958994662462,0.47807755934027474,0.6826023799431598
0.37220598916930814,490458,535458,134924,341969,0.695203098901074,0.7842534642826304,0.47806837986735756,0.6826655948959581
0.3721503490365822,490710,535809,134672,341618,0.6954414156047241,0.78465641799732,0.4780330417654228,0.683066843491089
0.3720824293275742,490741,535866,134641,341561,0.6954680022164684,0.7847059877003175,0.47802226168339,0.683125400499997
0.3720186269346548,490848,536138,134534,341289,0.6955449234436933,0.7848770831267929,0.4779500402147644,0.6833775948906348
0.37194656881569865,491104,536407,134278,341020,0.6958041551821899,0.7852864329321918,0.4779549805306221,0.6837269406824154
0.3718881922955569,491114,536428,134268,340999,0.695812211149113,0.7853024231589653,0.4779502930293847,0.6837475687196444
0.3718806273536266,491145,536455,134237,340972,0.6958446959135515,0.7853519928619628,0.4779534838458544,0.6837861631118791
0.37185431189300544,492919,537659,132463,339768,0.6977692628703669,0.7881886590915632,0.478293734195762,0.6857677855269698
0.37183562982776597,492949,537727,132433,339700,0.6977923698631223,0.7882366297718835,0.47827736359437883,0.6858329967414355
0.37182072377795417,492981,537822,132401,339605,0.6978125775868683,0.7882877984975583,0.4782494812296821,0.6859175051520187
0.37180604895797764,493000,537956,132382,339471,0.697809246977481,0.7883181799284278,0.47819693565971777,0.6860193144970519
0.3717833010657253,493003,537976,132379,339451,0.6978089498477993,0.7883229769964598,0.4781891774711221,0.6860346191698347
0.37177239737588463,493068,538124,132314,339303,0.6978588736157975,0.7884269134704869,0.47815343796305637,0.6861763537482142
0.3715508233178816,493152,538297,132230,339130,0.6979269890520091,0.7885612313753834,0.4781157381508926,0.6863473668310477
0.3715118625893875,493225,538364,132157,339063,0.6980026418598648,0.7886779600308291,0.47812161626384153,0.6864405257088558
0.37123097225658075,493292,538507,132090,338920,0.6980559682135279,0.788785094550211,0.4780892402493121,0.6865802640255682
0.37119341294454156,493406,538631,131976,338796,0.698170261478139,0.7889673831354276,0.4780894483434218,0.686738634117842
0.3711383642536473,493555,538750,131827,338677,0.6983281326536936,0.7892056375143512,0.47810966720106945,0.686916966826789
0.3708889973084246,493674,538889,131708,338538,0.6984455125801797,0.7893959212129547,0.4781054521612725,0.6870886453301783
0.3708818371024609,493728,538944,131654,338483,0.6985003678343048,0.789482268437531,0.4781072789811286,0.6871611761707576
0.370660918615198,493758,539046,131624,338381,0.6985167211229731,0.7895302391178511,0.4780752204677751,0.6872490116841196
0.37063040833774397,493865,539265,131517,338162,0.6986036555729013,0.7897013345443266,0.4780279345290525,0.6874659387853014
0.3704920381705509,493937,539407,131445,338020,0.6986632047779948,0.789816464177095,0.47799861420785333,0.6876083387842368
0.37037557042367997,493957,539430,131425,337997,0.6986829952063911,0.7898484446306417,0.4779980781643276,0.6876369518681349
0.37036869069193534,493966,539439,131416,337988,0.6986921675743217,0.7898628358347378,0.4779984613970321,0.6876489294381388
0.37036758433241024,494256,539831,131126,337596,0.6989675063602796,0.7903265524111663,0.4779636529615013,0.6881027462571757
0.37032894080265055,494426,540087,130956,337340,0.6991236809754185,0.7905983862663141,0.47793116181236966,0.6883862154139349
0.37026756827620244,494583,540305,130799,337122,0.699271522354836,0.7908494328266563,0.4779096868453398,0.6886357481223495
0.3702574497145049,494742,540501,130640,336926,0.6994261149506146,0.7911036774323533,0.47789939173701246,0.6888719724196488
0.3702534006099266,494754,540573,130628,336854,0.6994264678648121,0.7911228657044814,0.47787220849065076,0.6889278677463337
0.3700390884817233,494833,540653,130549,336774,0.6995067025462721,0.7912491884959912,0.4778751233720205,0.6890336696147016
0.36998612205231507,494903,540732,130479,336695,0.6995761857737401,0.791361120083405,0.47787396138600957,0.6891328172775116
0.3698377805665446,494952,540777,130430,336650,0.6996268577601231,0.7914394721945947,0.4778779004932758,0.6891953668097542
0.3697782879276228,494958,540802,130424,336625,0.6996292074606308,0.7914490663306587,0.47786939059241523,0.6892159948469833
0.3697744387706807,495016,540963,130366,336464,0.6996678734487309,0.7915418096459444,0.4778243574435389,0.6893617219486974
0.3697270403830123,495136,541199,130246,336228,0.6997670627720746,0.7917336923672251,0.47777600872304804,0.6895986116665525
0.36967361996186,495175,541275,130207,336152,0.6997994334617117,0.7917960542516413,0.477760625211057,0.6896751350304663
0.3696638152361249,495221,541417,130161,336010,0.6998272551372661,0.791869609294799,0.4777183549127082,0.6898002340949515
0.36963899830301394,495314,541591,130068,335836,0.6999058622842371,0.7920183184037916,0.4776850338266283,0.6899779013833428
0.36962818939084996,495678,541972,129704,335455,0.7002727752037338,0.7926003626583432,0.4776928636823592,0.6904736396973934
0.369271512705578,495695,542029,129687,335398,0.7002821500136187,0.792627546043858,0.47767518145479915,0.6905228808185205
0.36919680643559194,495696,542039,129686,335388,0.7002813862660108,0.7926291450665354,0.47767108173088507,0.690530200444634
0.3690790816207251,495802,542176,129580,335251,0.7003830478038461,0.7927986414703333,0.47766137625267585,0.6906918976396867
0.3689093217383993,495840,542281,129542,335146,0.7004084303274138,0.7928594043320722,0.47763218353159215,0.6907870527791622
0.3689009261125463,495848,542323,129534,335104,0.7004098371076185,0.792872196513491,0.47761688585021156,0.6908203238069508
0.3688196618975783,495881,542389,129501,335038,0.7004368610864236,0.7929249642618431,0.4776031282806977,0.6908862004419724
0.36865265088073795,495904,542427,129478,335000,0.7004572781006249,0.7929617417834219,0.477597220924734,0.6909267910958744
0.36861584885643695,495923,542485,129459,334942,0.7004688785333972,0.7929921232142915,0.477580103389034,0.690978028478669
0.368609656741391,496006,542679,129376,334748,0.7005312957158227,0.7931248420965106,0.4775326494558023,0.6911623499726179
0.36844569114311054,496079,542828,129303,334599,0.7005904641661265,0.7932415707519564,0.47750087351418363,0.6913100733359995
0.36832129402441605,496249,543003,129133,334424,0.7007622614226244,0.7935134046071042,0.4775059369623537,0.691539643427741
0.36828564500076433,496321,543279,129061,334148,0.700795057394141,0.7936285342398726,0.477415352058484,0.6917712097811498
0.36827295153466955,497222,544756,128160,332671,0.7015961028427777,0.7950692536721555,0.47719049730416574,0.693353579862777
0.36823341919170505,497448,544971,127934,332456,0.7018276514857587,0.7954306327972344,0.4772054231551804,0.6936470303278727
0.36817217562160187,497514,545071,127868,332356,0.7018878912720898,0.7955361682939387,0.4771927468743556,0.6937574901401309
0.368021355892438,497646,545160,127736,332267,0.7020303391271816,0.7957472392873476,0.4772181978239481,0.6939045480829567
0.36795863715312926,497662,545198,127720,332229,0.702042214339965,0.795772823650185,0.4772088295648505,0.6939404807929683
0.36793386945371986,497952,545472,127430,331955,0.7023395521293377,0.7962365402266135,0.4772288158984267,0.6943157779864241
0.3678317641652753,498202,545767,127180,331660,0.7025841511077291,0.7966362958959484,0.4772191511433769,0.6946784321893201
0.3677693387216565,498293,545868,127089,331559,0.7026744308369967,0.7967818069595863,0.4772185515452119,0.6948061929360284
0.3677642770780628,498973,546685,126409,330742,0.7033363911562573,0.7978691423801773,0.477185657260787,0.69580232750802
0.36766145620562063,499163,546877,126219,330550,0.703528445402597,0.7981729566888718,0.47719303277121333,0.6960565181603251
0.36757740784621706,499201,546916,126181,330511,0.703566732297059,0.7982337195506106,0.47719423353219576,0.6961077555431195
0.36756192755243544,499246,546979,126136,330448,0.7036087348809232,0.798305675571091,0.47718798537599466,0.696179620963143
0.3675251347695394,499393,547236,125989,330191,0.7037357704295497,0.7985407319046599,0.4771442411781061,0.6964484508676752
0.3674565739166581,499575,547588,125807,329839,0.7038863062464441,0.7988317540319356,0.4770747247563178,0.6968037854444576
0.3673230701194564,499608,547613,125774,329814,0.7039212973360471,0.7988845217802879,0.4770798140984568,0.6968423798366925
0.36728250845337673,502308,550278,123074,327149,0.7066571303002661,0.8032018830091049,0.47721326333430236,0.7004123611184122
0.3670774689448162,502441,550725,122941,326702,0.7067289054979135,0.803414553025191,0.4770767381400463,0.7007983050407603
0.3670020545737196,502510,550759,122872,326668,0.7068054800316305,0.8035248855899274,0.4770955947625915,0.7008668433580049
0.3669506073180432,502602,551005,122780,326422,0.7068676716917923,0.8036719956762427,0.4770298602799716,0.701091755505856
0.3669150314208146,502696,551243,122686,326184,0.7069338570713777,0.8038223038079126,0.4769687809256513,0.7013126751303725
0.3668927439303188,502723,551271,122659,326156,0.706960890693406,0.8038654774202008,0.47696950836532276,0.70134927326094
0.36685894042865097,502805,551437,122577,325990,0.7070268886907758,0.8039965972797426,0.47693508701038284,0.7015142975587716
0.36685020408704394,502811,551450,122571,325977,0.7070315477099457,0.8040061914158066,0.47693218282759203,0.7015269405493313
0.36670945259478704,502988,551655,122394,325772,0.707204462327599,0.8042892184296958,0.47692726353846754,0.7017811312016364
0.36667910019569316,503100,551897,122282,325530,0.7072915275444429,0.8044683089695578,0.476873393952779,0.7020166900783799
0.366634789804799,503134,552007,122248,325420,0.7073106887371302,0.8045226757405873,0.4768405360041928,0.7021125106384112
0.366603806976491,503845,552781,121537,324646,0.708014605326245,0.8056595808641758,0.4768432728325822,0.7031006601637334
0.3664890313576856,503862,552806,121520,324621,0.7080301366197927,0.8056867642496905,0.47684040777235615,0.7031286078270759
0.366483668711309,504021,553361,121361,324066,0.708111472332821,0.8059410088553876,0.4766687914112402,0.7036037181038974
0.3664831792769362,504262,553762,121120,323665,0.7083222832536229,0.8063263733206264,0.4766073359394494,0.7040309181007034
0.3664667368523248,504293,553814,121089,323613,0.7083493110950982,0.8063759430236239,0.4765992475241162,0.7040861480068326
0.36645970469712785,504337,553860,121045,323567,0.7083932045312489,0.8064463000214269,0.47660029276212273,0.7041460358568521
0.36643714542703,504483,554126,120899,323301,0.7085162733906026,0.8066797573323184,0.47655272154308154,0.7044201891258304
0.3663649921721229,504563,554199,120819,323228,0.7085981759912816,0.8068076791465056,0.4765594156193743,0.7045219984708636
0.36635051990738365,504658,554306,120724,323121,0.7086913831009871,0.806959586300853,0.47655822105378465,0.7046564134231296
0.36626832431076295,504789,554408,120593,323019,0.7088289603943018,0.8071690582715844,0.4765770673444128,0.7048114564126247
0.36618686117571253,504929,554764,120453,322663,0.7089267978594982,0.807392921446412,0.4764861143746349,0.7051415050082878
0.3659940575459134,504940,554838,120442,322589,0.7089253212164301,0.8074105106958627,0.47645827711086663,0.7051980657555285
0.36598999965361334,505385,555341,119997,322086,0.7093612639637713,0.8081220757872788,0.47645197723068916,0.7058288844424009
0.3658177503055634,505395,555395,119987,322032,0.70936255550459,0.8081380660140522,0.4764326586789091,0.7058714713579703
0.365768955229958,505527,555614,119855,321813,0.7094779223104924,0.808349137007461,0.47639946058063914,0.7061050339730465
0.365722943187606,505559,555667,119823,321760,0.7095059047018122,0.8084003057331359,0.47639145667369626,0.7061615947202872
0.3657051424896578,505584,555848,119798,321579,0.7094999663201383,0.8084402813000694,0.4763225529284966,0.7062986713547763
0.3655847813250711,505628,555951,119754,321476,0.7095324389640839,0.8085106382978723,0.4762980428211184,0.7063964881764748
0.36555039664919886,505752,556371,119630,321056,0.7095981059873708,0.8087089171098625,0.4761708389706277,0.7067584769588151
0.3654510884369121,505861,556636,119521,320791,0.7096765595078598,0.8088832105816924,0.47610581488700676,0.7070073442466741
0.365368090417998,505890,556673,119492,320754,0.7097041012701415,0.8089295822393353,0.4761035345668916,0.707051262003355
0.36532106396058706,505914,556724,119468,320703,0.7097228355806099,0.8089679587835915,0.4760925169248606,0.707101168545038
0.36527621155708057,505977,556943,119405,320484,0.7097550588478216,0.8090686972122638,0.4760254769879201,0.7072888171417658
0.36522857661189145,506094,557208,119288,320219,0.7098431061228726,0.8092557828655126,0.4759644955055102,0.707543007794071
0.3651926869295362,506268,557511,119114,319916,0.7099921549532762,0.8095340128113697,0.47591464016492147,0.7078604133991745
0.3651533787943224,506299,557546,119083,319881,0.7100224857258974,0.8095835825143672,0.4759142544261617,0.7079043311558555
0.36512075376239483,506308,557600,119074,319827,0.7100225610556465,0.8095979737184633,0.47589453223399014,0.7079462526508692
0.36503039407568816,506408,557701,118974,319726,0.7101227634781667,0.8097578759861972,0.47589861564933666,0.7080800021825794
0.36502534836404066,506486,557812,118896,319615,0.7101944963102518,0.8098825997550297,0.47588739244083894,0.7082057666676205
0.3649504203225019,506516,557850,118866,319577,0.7102230184071652,0.8099305704353499,0.4758851748364754,0.708251015265413
0.3649185186928279,506970,558652,118412,318775,0.710609309953324,0.8106565267308621,0.4757503129627579,0.7090867834834633
0.36487804196218376,506995,558809,118387,318618,0.710608095910333,0.8106965022977956,0.4756925288326934,0.7092078900246139
0.36486134680711413,507077,558890,118305,318537,0.7106905545768109,0.8108276221573374,0.4756967148138732,0.7093163535752048
0.3648157290818066,507190,559045,118192,318382,0.7107955321023286,0.8110083117198769,0.47568312801586893,0.7094946862841519
0.3647995947777515,507295,559159,118087,318268,0.7108990460153667,0.8111762091009975,0.47568390197795685,0.709640413385866
0.3647958100362231,507353,559239,118029,318188,0.7109528266986537,0.8112689524162832,0.475676734871441,0.7097322414225626
0.36464516175713735,507377,559277,118005,318150,0.7109741038994087,0.8113073289605394,0.4756715861000849,0.7097734974970206
0.3646180029610733,507446,559381,117936,318046,0.7110363178551461,0.8114176615252757,0.4756591274873995,0.7098886152531693
0.36458721584755016,507481,559564,117901,317863,0.7110419206780974,0.8114736273189826,0.47559474998711393,0.7100336769343276
0.3645769219497229,507494,559589,117888,317838,0.7110525635884662,0.811494414613788,0.47558999627957715,0.710058962915447
0.3645646533048903,507595,559735,117787,317692,0.7111448536198414,0.8116559159041994,0.4755745645676595,0.7102233217927229
0.3645483923321339,507629,559805,117753,317622,0.7111717636668589,0.8117102826752289,0.4755600814663951,0.7102925255305231
0.3645298732070009,507686,559832,117696,317595,0.7112348790124868,0.8118014269678373,0.4755760558604164,0.7103484208572081
0.36446741346779754,507763,559927,117619,317500,0.7113084714915144,0.8119245517139924,0.47557156103363335,0.710462873192801
0.3644530191495573,507808,560028,117574,317399,0.7113424128220042,0.8119965077344727,0.4755486797598133,0.7105600245939437
0.36444314167506575,507916,560336,117466,317091,0.7114107872193804,0.8121692021836253,0.4754645907519948,0.7108368395451451
0.36444065151227334,507954,560412,117428,317015,0.7114412920943871,0.8122299650453643,0.47544942463537776,0.7109126974885032
0.36442324494975786,507984,560455,117398,316972,0.7114687614759464,0.8122779357256844,0.47544501838663694,0.7109612731890745
0.36437919903652405,508127,560806,117255,316621,0.7115705787011817,0.812506595968544,0.4753590730195438,0.7112899909436262
0.36430733414781136,508197,560883,117185,316544,0.7116393062470033,0.8126185275559578,0.4753591873386463,0.7113878077653248
0.36430499337534317,508270,561057,117112,316370,0.711692297783024,0.8127352562114036,0.47531765306590035,0.7115521666426006
0.3642460789102291,508374,561245,117008,316182,0.7117797167128657,0.8129015545698469,0.47528512489026464,0.7117464694448862
0.3642000863963285,508397,561258,116985,316169,0.7118047436941765,0.8129383320914257,0.4752906310913332,0.711770424584894
0.3641971649267156,508528,561419,116854,316008,0.7119299449107162,0.8131478040621573,0.4752833551568442,0.7119647273871796
0.36417364571007804,508586,561620,116796,315807,0.7119595132224292,0.8132405473774429,0.4752225272517627,0.7121370713111247
0.3641280336482824,508645,561692,116737,315735,0.7120159916458209,0.8133348897154059,0.4752194869466346,0.7122242414039309
0.3640962727602388,508783,561906,116599,315521,0.7121389881969656,0.8135555548448788,0.4751921426296525,0.7124584694395628
0.36398269930791816,508819,561992,116563,315435,0.7121650548842089,0.813613119661263,0.4751716222564019,0.7125396507473671
0.36394360105908263,508900,562029,116482,315398,0.7122548990792611,0.8137426404981275,0.4751949008757817,0.7126181703729483
0.36390801880652834,509023,562149,116359,315278,0.7123785932208134,0.8139393202874403,0.4752019283551101,0.7127798675680009
0.36376139747519554,509047,562199,116335,315228,0.7123974256418122,0.8139776968316965,0.47519150596594995,0.7128291086891282
0.3637605100168758,509082,562223,116300,315204,0.7124346422013007,0.8140336626254033,0.47519800617004493,0.7128683685019187
0.363756474032656,509084,562230,116298,315197,0.7124356464685536,0.814036860670758,0.4751958809462025,0.7128743572869207
0.36368364392733166,509189,562373,116193,315054,0.7125331295881157,0.8142047580518786,0.47518389043284476,0.7130393815847523
0.3635538431546552,509239,562455,116143,314972,0.7125767724479476,0.8142847091857457,0.4751720173855597,0.7131272170981142
0.3635535630451111,509272,562537,116110,314890,0.7126000150559547,0.8143374769340979,0.47515182275946555,0.7132037404620281
0.36346631577266375,509286,562558,116096,314869,0.7126126247141356,0.8143598632515806,0.4751493687514228,0.7132270301814801
0.3634228849456327,509379,562728,116003,314699,0.7126902999327016,0.8145085723605732,0.4751195542982184,0.7134020357876484
0.363384972887417,509421,562839,115961,314588,0.7127185496173808,0.8145757313130215,0.4750909294387555,0.7135038451326815
0.3633623418381816,509468,562914,115914,314513,0.7127599743698079,0.8146508853788564,0.4750807081804805,0.7135850264404858
0.363149179241559,509549,563045,115833,314382,0.7128310113644694,0.8147804062157209,0.47506232553976624,0.7137260955983096
0.36309728388924145,509635,563272,115747,314155,0.7128888901322866,0.8149179221659721,0.4750038912971954,0.7139343722322664
0.3630339659699986,509855,563602,115527,313825,0.7130869080569568,0.8152697071549869,0.4749654620539062,0.7143003535379413
0.36289817598656804,509955,563843,115427,313584,0.7131587441257105,0.8154296094227208,0.4749077573249345,0.7145272619474597
0.3628103986493083,509966,563872,115416,313555,0.7131661485845086,0.8154471986721715,0.4749003108476325,0.7145538787696907
0.3626653011573858,510017,564040,115365,313387,0.7131937850729321,0.8155287488287158,0.47485096228598667,0.7146996058714048
0.3625702626493278,510370,564454,115012,312973,0.7135343500863449,0.8160932038338168,0.47484053203129073,0.7152099834376824
0.3625574883957551,510385,564582,114997,312845,0.7135267908944372,0.8161171891739769,0.4747913191753793,0.7153051385771578
0.36244054824255945,510409,564618,114973,312809,0.7135483726658755,0.816155565718233,0.4747871448810123,0.7153450638105042
0.36229223192280513,510490,564673,114892,312754,0.713634473875434,0.8162850865550976,0.47480242530667444,0.7154355610060893
0.362265376631663,510548,564738,114834,312689,0.7136910110506166,0.8163778298703832,0.4748020526631984,0.7155174077344493
0.36225718081027913,510653,564993,114729,312434,0.7137659504402079,0.8165457272515039,0.47474076043605423,0.7157569591345274
0.3621683602388056,510697,565110,114685,312317,0.7137953252910337,0.8166160842493069,0.47471061259129194,0.7158640918440068
0.36214247246406395,510892,565319,114490,312108,0.7139872416629609,0.8169278936713881,0.47471360170078175,0.7161329217485389
0.36201799277256763,510911,565369,114471,312058,0.7140000245960655,0.8169582751022575,0.4747008213476047,0.7161788357668872
0.36192423959391573,510940,565413,114442,312014,0.7140259835360651,0.8170046467599004,0.47469556920452677,0.7162274114674586
0.36177780570509566,510945,565457,114437,311970,0.7140231921809538,0.817012641873287,0.4746786052051185,0.7162600170746914
0.3617735342185635,511095,565764,114287,311663,0.7141415950818064,0.817252495274888,0.4746164539647252,0.7165641142686795
0.3617246418389468,511165,565914,114217,311513,0.7141954956216203,0.8173644268623017,0.4745845012297148,0.7167105067909495
0.36171659007229395,511197,565957,114185,311470,0.7142252371124341,0.8174155955879766,0.4745811648102314,0.7167604133326324
0.3616215701103225,511219,565985,114163,311442,0.7142459955090239,0.817450774086878,0.474579559674862,0.716793684360421
0.36151692769089294,511296,566064,114086,311363,0.7143224375839646,0.8175738988330332,0.474582312319002,0.7168974899671215
0.3615117307886222,511326,566159,114056,311268,0.7143394002759978,0.8176218695133535,0.47455509821482433,0.7169806675365932
0.361505086151124,511335,566244,114047,311183,0.714333212167169,0.8176362607174495,0.4745220536034945,0.7170432170688358
0.3614546966222242,511389,566280,113993,311147,0.714390685955537,0.8177226079420258,0.47453253271644635,0.7171031049188553
0.3614210022515172,511408,566321,113974,311106,0.714405252263249,0.8177529893728953,0.474523743909647,0.7171430301522016
0.36127941809810493,511426,566388,113956,311039,0.7144134312954727,0.8177817717810874,0.47450302185720356,0.7171995908994423
0.3612670279807989,511576,566602,113806,310825,0.7145503010582434,0.8180216251826884,0.47448195010471367,0.7174418039817435
0.3611725884250073,511588,566646,113794,310781,0.7145558838827832,0.8180408134548164,0.47446843635055097,0.7174790675328668
0.3611504080354454,511762,566830,113620,310597,0.7147274393037105,0.8183190434006735,0.47447227496588146,0.7177172880918333
0.3611167298269887,511779,566848,113603,310579,0.7147441940362917,0.8183462267861883,0.4744726397540577,0.7177405778112854
0.36106360259377657,511812,566916,113570,310511,0.7147701169972203,0.8183989945345405,0.47445880703940196,0.7178077852874184
0.3610181365173023,511817,566983,113565,310444,0.714762725649717,0.8184069896479272,0.4744317760474601,0.717855695567434
0.36089224263285236,511871,567145,113511,310282,0.7147950143888749,0.8184933368725035,0.47438684875849846,0.7179994264074809
0.3608813107478841,512021,567435,113361,309992,0.7149166262680872,0.8187331902741045,0.47433244152610204,0.7182922114520208
0.3607207906816542,512074,567464,113308,309963,0.7149742562689434,0.8188179384760035,0.4743455070595014,0.7183467759375942
0.36070375788791165,512118,567543,113264,309884,0.715011131777742,0.8188882954738064,0.4743322209471306,0.7184286226659542
0.360665472093867,512554,568379,112828,309048,0.7153657778828576,0.8195854693611265,0.4741774004494266,0.7192750376128969
0.3605489143030658,512597,568452,112785,308975,0.7154026277732481,0.819654227336252,0.4741662958848304,0.7193522263973665
0.3604560549832855,512651,568610,112731,308817,0.7154356564118065,0.8197405745608284,0.47412326903495083,0.7194932955551903
0.3604380823443607,512719,568702,112663,308725,0.7154986018500403,0.8198493081028875,0.47411600107636154,0.719599762844114
0.3604168031370478,512728,568754,112654,308673,0.7154989799079545,0.8198636993069836,0.47409758091211873,0.719640353498016
0.3601687926171794,512775,568808,112607,308619,0.7155443970337508,0.8199388533728186,0.4740967637250216,0.7197075609741491
0.3601124129269938,512788,568845,112594,308582,0.7155525526204376,0.819959640667624,0.47408686680232576,0.7197408320019377
0.3601011074685774,512835,568937,112547,308490,0.7155903775849077,0.8200347947334589,0.47406939724821867,0.7198333254591901
0.359978865765914,512881,568988,112501,308439,0.7156351919700775,0.8201083497766165,0.4740694113612646,0.7198978712531
0.35986144088464744,513804,570711,111578,306716,0.7163940867412911,0.821584247707801,0.47376384835617763,0.7216585740436742
0.3598483584189949,513842,570758,111540,306669,0.7164300883850214,0.8216450105695399,0.47376175548589344,0.7217151347909149
0.3597667507422464,513864,570791,111518,306636,0.7164497740355136,0.8216801890684413,0.47375801522142985,0.7217517329214824
0.35974832838158854,514092,571176,111290,306251,0.7166451618659104,0.8220447662388748,0.47370050531297336,0.7221596357221709
0.3597238432207478,514214,571344,111168,306083,0.7167572787493804,0.8222398470055102,0.47368634379738345,0.722352607683345
0.35972169573852386,514276,571416,111106,306011,0.7168169222963744,0.8223389864115053,0.47368498616550553,0.7224417740378185
0.35968116299469266,514372,571692,111010,305735,0.7168763895114049,0.8224924925885299,0.4736111315723567,0.7226893104845659
0.3596291855372261,514429,571825,110953,305602,0.7169178617875891,0.8225836368811382,0.4735807647198537,0.7228157403901627
0.3595636358417712,514615,572074,110767,305353,0.7170901313939486,0.8228810550991235,0.4735623531663613,0.7231051983319238
0.3595058635498496,514687,572191,110695,305236,0.7171526856214152,0.8229961847318918,0.4735462489810264,0.7232309628169648
0.359490356134034,514701,572230,110681,305197,0.7171616005644763,0.8230185710493746,0.47353603862618693,0.7232662301064207
0.3593375260054934,514785,572254,110597,305173,0.7172570555321943,0.8231528889542712,0.4735662657917517,0.7233380955264441
0.35931979259237934,514842,572464,110540,304963,0.7172831064351263,0.8232440332468796,0.47350239950851003,0.7235157628148354
0.3592988129891602,514870,572514,110512,304913,0.7173065263232979,0.823288805881845,0.473494184207235,0.7235676656181856
0.3592842383247352,515108,572953,110274,304474,0.7175027558865374,0.8236693732790519,0.47341831018665315,0.7240181553344437
0.35920678840472375,515113,572975,110269,304452,0.7175043235822439,0.8236773683924385,0.4734111579210505,0.7240361216894495
0.3591914550482441,515113,572994,110269,304433,0.7175005258194774,0.8236773683924385,0.47340289144358044,0.7240487646800092
0.3591791009627747,515115,573136,110267,304291,0.7174745297691028,0.8236805664377932,0.4733420874412245,0.7241445852400404
0.3591452108888469,515198,573276,110184,304151,0.7175455612559547,0.8238132853200124,0.47332136550804155,0.7242929740239777
0.35905388362368706,515277,573389,110105,304038,0.7176172095435511,0.8239396081115222,0.47331045518092785,0.7244207347706861
0.359029425940144,515517,573580,109865,303847,0.7178652741514361,0.8243233735540837,0.47334351302041966,0.7247075310302241
0.3588496633371282,515563,573686,109819,303741,0.7178989394217463,0.8243969285972413,0.4733196909063033,0.7248086749547015
0.3588305330316134,515702,573915,109680,303512,0.7180189048339736,0.8246191927493915,0.47328740282135834,0.7250535497192258
0.3587343516401409,515809,574135,109573,303292,0.7181024939077905,0.8247902881758669,0.4732435794866525,0.7252711422409635
0.3586978915112572,515856,574221,109526,303206,0.7181413323569824,0.8248654422417019,0.47322895538572046,0.7253596431748812
0.35860662703832435,516013,574461,109369,302966,0.7182805020709899,0.8251164888020442,0.47320064485719054,0.7256238151355229
0.3585322414541299,516040,574481,109342,302946,0.7183086867690279,0.8251596624143324,0.4732050093487425,0.7256550899016442
0.35849491643508247,516128,574588,109254,302839,0.7183921804866262,0.8253003764099383,0.47320108992625026,0.7257848469100199
0.3584798405608378,516150,574631,109232,302796,0.7184098027202003,0.8253355549088397,0.4731930607518833,0.725828099246145
0.3583991063827373,516152,574638,109230,302789,0.7184107865729036,0.8253387529541943,0.47319099001641013,0.725834088031147
0.3583398440278043,516201,574731,109181,302696,0.7184505881763471,0.825417105065384,0.4731743133394199,0.7259285777500667
0.357904689311351,516242,574910,109140,302517,0.7184636538739883,0.825482664995155,0.4731164860624368,0.7260749702723367
0.3577701710579504,516365,575059,109017,302368,0.7185804319122548,0.8256793447844677,0.47311127481162224,0.7262559646635068
0.3576920826914223,516371,575073,109011,302354,0.7185847816236809,0.8256889389205317,0.4731081026603289,0.7262692730746223
0.3576685148052492,516508,575260,108874,302167,0.7187106211122045,0.8259080050273273,0.47309318463263256,0.7264848693346926
0.35764817112827063,516551,575334,108831,302093,0.7187470518974579,0.8259767630024529,0.47308187217518327,0.726562723539718
0.35764052676574,516634,575431,108748,301996,0.7188265337783104,0.826109481884672,0.4730798990902556,0.726682499239757
0.3575944226118726,516673,575516,108709,301911,0.7188559922776334,0.8261718437690884,0.4730618967962505,0.7267650113886728
0.3575928816257944,516695,575632,108687,301795,0.7188589968153974,0.8262070222679898,0.47302227263447666,0.7268568394253694
0.35746589164170994,516741,575652,108641,301775,0.7189097923966609,0.8262805773111475,0.47303580304890275,0.7269007571820504
0.3574523975637982,516933,576085,108449,301342,0.7190518635733135,0.8265875896651966,0.47294097626937526,0.7273166450294083
0.35742359139084345,517024,576221,108358,301206,0.7191330300967543,0.8267331007288345,0.47292601383953276,0.7274676954955687
0.35738592120004675,517087,576423,108295,301004,0.7191676416215906,0.826833839157507,0.47286901811597515,0.7276440319428483
0.35720829825527933,517123,576518,108259,300909,0.7191915039320822,0.8268914039738912,0.4728452938395689,0.7277312020356546
0.3571317440613735,517390,576979,107992,300448,0.7194171579441792,0.8273183430287409,0.47277472223719785,0.728215628200257
0.35700727244188446,517724,577538,107658,299889,0.7197028461489272,0.8278524166029723,0.4726942046743154,0.7288098487565619
0.35697156250863316,517810,577650,107572,299777,0.719782773809643,0.8279899325532235,0.47268727292644186,0.7289416020266049
0.3569631608916676,517829,577690,107553,299737,0.719797378238316,0.8280203139840929,0.4726791593756019,0.7289808618393955
0.35691048281784965,517891,577785,107491,299642,0.71985214071818,0.828119453390088,0.4726680149971342,0.7290853328666517
0.3567157635489663,517907,577817,107475,299610,0.7198647745556886,0.8281450377529254,0.4726619112112174,0.7291172730533289
0.35645808824116887,517913,577857,107469,299570,0.7198639089672304,0.8281546318889894,0.4726475446489683,0.7291478823988944
0.3564542575409645,522800,591770,102582,285657,0.7228786387979529,0.8359690557131482,0.4690598167903317,0.7416577888474184
0.35643572654095224,522812,591895,102570,285532,0.7228678445952765,0.8359882439852762,0.4690129334434968,0.7417489514635592
0.35640567367275944,522909,591988,102473,285439,0.7229639768555963,0.8361433491849781,0.4690200081263112,0.741875381369156
0.3563600980319279,522980,592054,102402,285373,0.7230347495770846,0.8362568797950692,0.469026056604552,0.7419665439852968
0.35627450573364094,523034,592082,102348,285345,0.7230930110898391,0.8363432270196456,0.46903999225192716,0.7420211084708702
0.35616743171734067,523112,592149,102270,285278,0.7231718521594708,0.8364679507884781,0.4690489490800808,0.7421175944514572
0.356157319162982,523165,592294,102217,285133,0.7232055299065216,0.8365526989903771,0.469013204429746,0.7422493477215002
0.35588967306388,523181,592304,102201,285123,0.7232224490207804,0.8365782833532145,0.46901661609075873,0.7422666486559503
0.3558842552791256,523201,592312,102181,285115,0.7232444973667702,0.8366102638067613,0.46902277248225704,0.7422852804315119
0.3558186993044059,523254,592378,102128,285049,0.7232939654314434,0.8366950120086603,0.4690202504051515,0.7423644654776489
0.35570565487173844,523294,592429,102088,284998,0.7233310599679149,0.8367589729157539,0.46901784761988413,0.7424250187482242
0.35566100252332755,523495,592760,101887,284667,0.7235024875731906,0.8370803764738991,0.4689743830934688,0.7427790224838952
0.3556040546999214,523612,593006,101770,284421,0.7235915853036334,0.8372674621271479,0.4689267054623873,0.7430205701456406
0.3554625308496109,523637,593040,101745,284387,0.7236143336267569,0.8373074376940813,0.4689243174167642,0.7430598299584312
0.35540080649757,523715,593261,101667,284166,0.7236623201190326,0.8374321614629139,0.46886862385583933,0.7432587907046072
0.35523861807194357,525970,596750,99412,280677,0.7256263920129086,0.8410379576003146,0.4684783383212199,0.7470809663769648
0.3552262215933284,526040,596822,99342,280605,0.72569453066585,0.8411498891877285,0.4684814340497764,0.7471754560958844
0.35516278357417164,526093,596908,99289,280519,0.7257398133660953,0.8412346373896274,0.46847064250165404,0.7472679495531368
0.3551488541055051,526099,596912,99283,280515,0.7257460879852583,0.8412442315256915,0.4684718137222164,0.7472746037586946
0.3550966957045174,526123,596936,99259,280491,0.7257695842312517,0.8412826080699477,0.4684731612497651,0.7473065439453717
0.3550589069912178,526177,597003,99205,280424,0.7258198453503013,0.8413689552945239,0.46847077049092756,0.7473870598326201
0.35502301660164903,526242,597107,99140,280320,0.7258756641949506,0.8414728917685511,0.46845815503463306,0.7474995159065457
0.35496826767305967,527202,598014,98180,279413,0.7268254941622568,0.8430079535387971,0.46853404146403893,0.748741856084173
0.3548877991779771,527435,598521,97947,278906,0.7269983823498601,0.8433805258226172,0.4684330471172941,0.7492342672954447
0.3548744640372177,527546,598692,97836,278735,0.7270948567244966,0.843558017339802,0.46841431384840504,0.7494219158921726
0.3548722815768708,527600,598856,97782,278571,0.7271255882054607,0.8436443645643783,0.46837160084370805,0.749566977573331
0.35467866612993904,528659,601686,96723,275741,0.7278049094778369,0.8453377295796809,0.4676970305526189,0.7521547981147305
0.3546776375291276,528785,601930,96597,275497,0.7279042178620758,0.8455392064370257,0.4676554215695379,0.7524010037203663
0.35464885286738745,528811,601973,96571,275454,0.7279261803501461,0.8455807810266365,0.46764987831451454,0.7524469177387146
0.3546180363471043,528859,602071,96523,275356,0.7279629936533334,0.8456575341151488,0.4676319489269893,0.7525440691398574
0.3545288402238298,528998,602245,96384,275182,0.7280915862849598,0.845879798267299,0.4676254350303162,0.7527523457738142
0.3544902123956274,529002,602257,96380,275170,0.7280938849428827,0.8458861943580084,0.46762235703760147,0.7527629925027066
0.3544429817622269,529074,602380,96308,275047,0.7281538967162513,0.8460013239907769,0.46760539977763127,0.7528927495110822
0.3543887183490766,529080,602405,96302,275022,0.7281559410880171,0.8460109181268409,0.4675978912667866,0.7529133775483112
0.35430194605183385,529407,602818,95975,274609,0.7284576029245796,0.8465337985423309,0.46758109033098544,0.7534057887595829
0.35428999714767384,529451,602908,95931,274519,0.7284912822000243,0.8466041555401339,0.46756461510881264,0.7534949551140564
0.3542555413607551,529579,603114,95803,274313,0.7286004345910719,0.8468088304428334,0.4675397481930232,0.7537172055796845
0.3542376610320843,529609,603128,95773,274299,0.728632887255057,0.8468568011231535,0.4675480716176835,0.7537464840841385
0.3540901805838018,529638,603166,95744,274261,0.7286593519799512,0.8469031727807964,0.46754601855219435,0.7537910672613752
0.35399303383992853,529662,603224,95720,274203,0.7286759295996549,0.8469415493250525,0.46753336169747,0.7538456317469485
0.35395241286264145,529676,603308,95706,274119,0.7286755415857755,0.8469639356425352,0.46750527809748416,0.7539108429614143
0.35392955333566656,530172,603657,95210,273770,0.7291883575670836,0.8477570508904957,0.4675943197783793,0.7544731233310421
0.35381616873054267,530201,603693,95181,273734,0.7292152052774066,0.8478034225481386,0.46759309071218297,0.7545163756671673
0.3538137901188473,530205,603722,95177,273705,0.7292140873700816,0.847809818638848,0.4675830101937779,0.7545383345455078
0.3537416038511404,530214,603731,95168,273696,0.7292228549077383,0.847824209842944,0.46758352477412923,0.7545503121155117
0.3536780452881596,530241,603746,95141,273681,0.729251564083768,0.8478673834552322,0.46759001646403353,0.7545782597788542
0.35362104223537005,530252,603790,95130,273637,0.7292556600478054,0.8478849727046829,0.4675770385929269,0.7546148579094216
0.35361600172152574,530321,603894,95061,273533,0.7293158509828666,0.8479953052694194,0.4675665548418951,0.7547299756655703
0.35353660263670017,530396,604045,94986,273382,0.7293736552759388,0.8481152319702198,0.46753951946377115,0.7548803607111749
0.3535057921940198,530552,604333,94830,273094,0.7294990970497576,0.8483646795078847,0.4674940632751336,0.7551758074379379
0.3534753134918581,530587,604379,94795,273048,0.7295309713146784,0.8484206453015917,0.4674915371914225,0.7552297065029555
0.3533717097939053,530679,604610,94703,272817,0.7295926630347361,0.848567755387907,0.4674395682509035,0.75544463734247
0.3533066629387688,530775,604774,94607,272653,0.7296724815009415,0.8487212615649316,0.46741708195771386,0.7556176466869708
0.3532342990374612,530830,604961,94552,272466,0.7296995396884354,0.8488092078121852,0.4673659150319029,0.7557786784614678
0.35312564872282415,531274,606123,94108,271304,0.7299875650088968,0.849519173880924,0.467096361252931,0.7568473438740385
0.3531129854741213,531325,606209,94057,271218,0.7300301561226492,0.8496007240374683,0.46708493987872013,0.7569385064901794
0.3529553932924304,531358,606305,94024,271122,0.7300496181706319,0.8496534917858205,0.46706098378869665,0.757024345741874
0.3528095027812417,531385,606348,93997,271079,0.7300726713472873,0.8496966653981087,0.46705597886323064,0.7570709251807781
0.3526768745077805,531403,606406,93979,271021,0.73008215507385,0.8497254478063008,0.467040601717863,0.7571214971430168
0.35267342598975004,531447,606467,93935,270960,0.7301215406097967,0.8497958048041038,0.46703617320816865,0.757191366301373
0.3526613419823731,531453,606470,93929,270957,0.7301279780933992,0.8498053989401678,0.4670377521150377,0.7571973550863749
0.35261628211521845,531693,606670,93689,270757,0.7303693984242935,0.8501891643827293,0.46706806176940047,0.7574901401309149
0.3525247149432008,531699,606732,93683,270695,0.7303639958581951,0.8501987585187933,0.46704543358359,0.7575353887287074
0.3524276281233928,531802,606908,93580,270519,0.730449492588122,0.8503634578545592,0.4670214541015711,0.7577210410637679
0.3524113304239771,531993,607420,93389,270007,0.7305707508031578,0.8506688711859312,0.46690093934332855,0.758188831714476
0.35226697769031623,532023,607456,93359,269971,0.7305987052483008,0.8507168418662513,0.46690022369872547,0.758232749471157
0.3522249377752077,532081,607552,93301,269875,0.7306474500852888,0.850809585181537,0.46688802447805566,0.758335224236746
0.3522074661658251,532192,607853,93190,269574,0.7307171928174995,0.8509870766987218,0.46681666074584777,0.7586093775057243
0.35217913871558393,532227,607872,93155,269555,0.7307544127940615,0.8510430424924287,0.4668252493862375,0.758645310215736
0.352166558028005,532235,607921,93147,269506,0.7307539588827586,0.8510558346738474,0.46680892790109424,0.758683239187415
0.3521491435271181,532294,608140,93088,269287,0.7307791789151012,0.8511501770118104,0.4667468700512261,0.7588682261019198
0.352064970638409,532301,608147,93081,269280,0.7307859799185936,0.8511613701705517,0.4667472782625775,0.7588775419897006
0.35200715604279054,532468,608395,92914,269032,0.7309319619996865,0.8514284069576675,0.4667238748210784,0.7591536915203463
0.3519801741200791,532580,608610,92802,268817,0.7310200789630161,0.8516074974975295,0.46668828153068287,0.7593712840420839
0.35195263378600183,532610,608645,92772,268782,0.7310482123145957,0.8516554681778497,0.4666879882234908,0.7594145363782091
0.35194713188960625,532618,608660,92764,268767,0.7310545771583774,0.8516682603592685,0.4666855928178761,0.7594298410509919
0.35189317953821797,532669,608801,92713,268626,0.731086045065081,0.8517498105158128,0.4666517735901951,0.7595576017977002
0.3518354997355374,532726,608899,92656,268528,0.7311331695374857,0.8518409548084211,0.4666383444651265,0.7596607419838449
0.35181565924711866,532729,608904,92653,268523,0.7311356813492459,0.8518457518764531,0.4666377023088856,0.7596660653482911
0.35180650415194303,532797,609036,92585,268391,0.7311888665438314,0.8519544854185122,0.466615520833607,0.7597991494594456
0.3517882686613427,532816,609107,92566,268320,0.7311968790029014,0.8519848668493817,0.4665953834015078,0.7598590373094651
0.3517567231575781,532826,609150,92556,268277,0.7311999657472587,0.852000857076155,0.466582485096009,0.759894304598921
0.35172961500464783,532913,609233,92469,268194,0.7312852357263575,0.8521399720490836,0.4665892101360071,0.7600074260934024
0.3516867200959246,532917,609240,92465,268187,0.7312885169821212,0.8521463681397929,0.4665882186074244,0.7600147457195159
0.3516631968784151,532925,609267,92457,268160,0.7312924703325173,0.8521591603212116,0.46658092509840726,0.760038035438968
0.35162725338410195,533209,609692,92173,267735,0.7315398379279717,0.8526132827615761,0.4665399715285926,0.7605098186130107
0.35154963933976635,533295,609816,92087,267611,0.7316156689318202,0.8527507987118274,0.4665294971354488,0.7606495569297229
0.3515409461492778,533328,610012,92054,267415,0.731614972064832,0.8528035664601795,0.46646491857190336,0.7608019382369948
0.35150565542664636,533416,610189,91966,267238,0.731682492792444,0.8529442804557854,0.4664337773969159,0.7609782746842746
0.35149178287256044,533435,610236,91947,267191,0.73169530662112,0.8529746618866548,0.4664234731841587,0.7610221924409556
0.3513926395749638,533464,610340,91918,267087,0.7317083876036531,0.8530210335442977,0.46639459208046136,0.7611106933748734
0.3513660259752128,533571,610487,91811,266940,0.7318041598799205,0.853192128970773,0.4663845714115893,0.7612797101960396
0.35133766723497417,533636,610637,91746,266790,0.7318501476081662,0.8532960654448002,0.4663537460029206,0.7614227756155306
0.35092491011927107,533641,610645,91741,266782,0.7318543952050214,0.8533040605581869,0.46635281739005807,0.7614314260827557
0.35074106627087853,533846,611132,91536,266295,0.7319966016784286,0.8536318602070414,0.4662500065503442,0.7618918971073503
0.35072475598730457,533869,611207,91513,266220,0.7320084659590128,0.8536686377286202,0.4662301890878859,0.7619571083218161
0.3505440884782406,533898,611244,91484,266183,0.7320349798583365,0.8537150093862631,0.46622864238670836,0.762001026078497
0.35047596308011475,534105,611469,91277,265958,0.7322320571237109,0.8540460070804724,0.4662335213613438,0.7622884877585907
0.35024595106023904,534272,611803,91110,265624,0.7323604021599939,0.8543130438675881,0.4661754248194926,0.7626218634570328
0.3501943867311287,534373,611956,91009,265471,0.7324478454062207,0.8544745451579995,0.4661602384655714,0.7627908802781991
0.3500645267840341,534382,611962,91000,265465,0.7324571695498088,0.8544889363620954,0.46616198976921414,0.7628008615865356
0.35004613431245857,534397,611987,90985,265440,0.7324696977339366,0.8545129217022556,0.4661588089156862,0.7628274784087665
0.34995554475440394,534412,612024,90970,265403,0.7324798161385364,0.8545369070424157,0.4661507489297266,0.7628620802776667
0.3497194835513774,534447,612044,90935,265383,0.7325167440191512,0.8545928728361225,0.466158914461605,0.7628986784082342
0.3496772772903527,534495,612144,90887,265283,0.7325528135088114,0.8546696259246349,0.4661406074623312,0.7629971606504885
0.34958627429057787,534516,612191,90866,265236,0.7325679403876121,0.854703205400859,0.4661312785218892,0.763042409248281
0.34952062002105233,534609,612485,90773,264942,0.7326176841558265,0.8548519145098515,0.466055092259222,0.763299927003365
0.3493959198935178,534649,612585,90733,264842,0.7326443873291818,0.8549158754169451,0.466033084793512,0.7633930858811732
0.3493090253150054,534654,612598,90728,264829,0.7326476246855114,0.8549238705303318,0.46603013113073677,0.7634050634511771
0.3489416587269448,534656,612606,90726,264821,0.7326483574006726,0.8549270685756866,0.4660278123044257,0.7634117176567348
0.34872769883697863,534698,612678,90684,264749,0.7326830193395057,0.8549942275281348,0.46601811437575824,0.7634875756000928
0.34872371082728293,534726,612730,90656,264697,0.7327053229063213,0.8550390001631003,0.4660100256567572,0.7635408092445547
0.34863950427603807,534743,612760,90639,264667,0.7327191794205091,0.8550661835486151,0.46600575336186484,0.763572084010676
0.34856293483809975,534856,613129,90526,264298,0.7327772226047694,0.8552468731111544,0.46590852667935556,0.7638928167185584
0.34849909947032454,534958,613257,90424,264170,0.7328707802165796,0.8554099734242431,0.4659040336522341,0.764045863446386
0.34848541976000413,535010,613313,90372,264114,0.7329203301723823,0.8554931226034648,0.46590549871421194,0.7641177288664095
0.3483850373510353,535153,613523,90229,263904,0.7330453311650527,0.8557217828463243,0.465886812295199,0.7643526223225973
0.3481880409900524,535181,613563,90201,263864,0.7330700287540216,0.8557665554812899,0.46588360853244937,0.7643978709203898
0.3480032507494667,535187,613574,90195,263853,0.7330748332529288,0.8557761496173538,0.4658819371479359,0.7644091830698378
0.3478175645777788,535207,613592,90175,263835,0.733094596730649,0.8558081300709006,0.46588393618030655,0.7644344690509572
0.3478064151493141,535223,613626,90159,263801,0.7331064709206747,0.8558337144337381,0.46587758704581717,0.7644677400787458
0.34767294041350816,535471,614272,89911,263155,0.7332665803223042,0.8562302720577183,0.46573103728398435,0.7650626260556065
0.34766854028377325,535564,614453,89818,262974,0.7333389017525458,0.8563789811667109,0.46570094181216454,0.7652449512878882
0.34761517939741926,535603,614523,89779,262904,0.7333704124213302,0.8564413430511272,0.4656907156259401,0.7653174821284674
0.3475657667357984,535682,614741,89700,262686,0.7334189314150162,0.856567665842637,0.465639160552249,0.7655151120335318
0.3475314730155368,535693,614766,89689,262661,0.7334267619243989,0.8565852550920877,0.46563415123876645,0.7655390671735397
0.34753140284827266,535767,614941,89615,262486,0.7334780665871538,0.8567035827702109,0.4655977015889348,0.7657047568919271
0.3474859506845176,535785,614990,89597,262437,0.7334892532191333,0.856732365178403,0.4655862353631248,0.7657493400691638
0.34747812348950036,535908,615273,89474,262154,0.7335760937977813,0.8569290449677157,0.46552887860379905,0.7660195008148075
0.3474366600738591,535912,615286,89470,262141,0.7335781550546085,0.8569354410584251,0.4655254786752583,0.7660308129642556
0.3474270090723587,535944,615390,89438,262037,0.7335946444185408,0.8569866097840999,0.46549828286144596,0.7661213101598406
0.34720287929105753,536053,615594,89329,261833,0.7336809761371957,0.85716090325593,0.4654664146218416,0.7663295867937975
0.34695476745033604,536120,615828,89262,261599,0.7337122236467408,0.8572680377753117,0.4654029522165931,0.766529878381085
0.3469394062895642,536153,615883,89229,261544,0.7337397127845577,0.857320805523664,0.46539604665131995,0.766588435389993
0.3468948812896955,536216,615983,89166,261444,0.7337931925401104,0.8574215439523364,0.4653848857706004,0.7666968989405839
0.3468071974094272,536272,616059,89110,261368,0.7338433146982409,0.8575110892222674,0.4653801728843535,0.7667847344539459
0.3467932927005123,536293,616103,89089,261324,0.7338589965199057,0.8575446686984914,0.46537214638023733,0.7668279867900711
0.3467765874568537,536322,616161,89060,261266,0.7338812061594779,0.8575910403561343,0.46536217887812664,0.7668858783784234
0.34647959233732495,536343,616260,89039,261167,0.7338858404364813,0.8576246198323585,0.4653319486414663,0.766965728845116
0.3464194666762619,536463,616462,88919,260965,0.733985359778878,0.8578165025536392,0.46530606934536073,0.7671799942640748
0.3463790536144997,536472,616474,88910,260953,0.7339934556929397,0.8578308937577352,0.46530540025291733,0.767193968095746
0.34634413977887146,536568,616627,88814,260800,0.7340747848742573,0.8579843999347598,0.46528817762824154,0.7673596578141334
0.34630304470859063,536608,616697,88774,260730,0.7341074133893395,0.8580483608418534,0.4652784822748536,0.7674328540752684
0.3459817642357331,536690,616835,88692,260592,0.7341754004661492,0.8581794807013953,0.46526083093127585,0.7675792465975383
0.3458515844694675,536694,616864,88688,260563,0.7341742437797634,0.8581858767921047,0.46525098868023973,0.7676012054758788
0.34582831304917583,536735,616911,88647,260516,0.7342126530775279,0.8582514367218755,0.4652510388802111,0.7676597624847868
0.34582405390534987,536771,616993,88611,260434,0.7342381949239623,0.8583090015382598,0.46523465804098585,0.767738282110368
0.3457256052512372,536813,617029,88569,260398,0.7342799771295382,0.8583761604907081,0.46523960819592286,0.7677901849137182
0.34571667077659873,536833,617062,88549,260365,0.7342966874148354,0.8584081409442549,0.4652355716941316,0.7678254522031742
0.34567971846375845,536899,617150,88483,260277,0.7343560264220942,0.8585136764409593,0.46523067911327853,0.7679279269687631
0.3455093476718496,536911,617177,88471,260250,0.7343646050351021,0.8585328647130873,0.4652253554321681,0.7679538783704383
0.3454176678186167,536939,617296,88443,260131,0.7343733715779716,0.8585776373480529,0.46519036418060444,0.7680516951921369
0.34532653455316553,536951,617332,88431,260095,0.7343801416429897,0.8585968256201809,0.4651814156493685,0.768083635378814
0.345247743725306,537080,617643,88302,259784,0.7344681751881914,0.8588030995455578,0.4651158762750893,0.7683764204233539
0.3451942465837248,537121,617707,88261,259720,0.7345031501308954,0.8588686594753286,0.46510908983848676,0.76844628958171
0.3451717027456137,537253,617947,88129,259480,0.7346089181366511,0.8590797304687375,0.46507358033241,0.7686938260284574
0.34510072761081534,537275,618012,88107,259415,0.7346215217340774,0.859114908967639,0.4650576004057866,0.7687517176168096
0.34500531953560964,537292,618032,88090,259395,0.7346373328753802,0.8591420923531538,0.465057421121694,0.7687763381773731
0.344869595497586,537428,618306,87954,259121,0.7347409072688804,0.8593595594372719,0.46501011478419774,0.7690491606052399
0.34484268598498646,537493,618425,87889,259002,0.7347928035027722,0.859463495911299,0.4649923264453015,0.7691715979875021
0.3447052417391314,537514,618475,87868,258952,0.7348072476491565,0.8594970753875232,0.4649819332190877,0.769218842846962
0.34465687713186843,537868,619053,87514,258374,0.735103865053196,0.8600631294153014,0.4649133346183534,0.769839014804942
0.3446249019812828,537897,619118,87485,258309,0.7351246110815153,0.8601095010729443,0.46490062790888625,0.7699015643371846
0.3446089064424662,537914,619145,87468,258282,0.7351390031178704,0.860136684458459,0.46489764134758904,0.7699308428416386
0.34459632506363136,537951,619223,87431,258204,0.735166460673758,0.8601958482975206,0.4648834142488511,0.7700073662055524
0.3445557292193887,537979,619242,87403,258185,0.7351952812286385,0.8602406209324861,0.464888729119157,0.7700386409716737
0.34453099417178246,538041,619324,87341,258103,0.7352510718405812,0.8603397603384811,0.4648844573665179,0.770134461531705
0.3445252424243236,538064,619412,87318,258015,0.7352601964906297,0.86037653786006,0.46485974655198037,0.7702083232133957
0.34450042547004134,538080,619508,87302,257919,0.7352595544934897,0.8604021222228974,0.4648285918651541,0.7702828503156423
0.34447025300455336,538165,619577,87217,257850,0.7353447545548703,0.8605380391504712,0.46484018028196267,0.7703853250812313
0.3444689840995554,538192,619605,87190,257822,0.7353705943035942,0.8605812127627595,0.46484141865974776,0.7704219232117987
0.3444650290782971,538287,619767,87095,257660,0.7354487479717629,0.8607331199171067,0.46482029335419595,0.7705929362946322
0.34427803690790126,538403,619863,86979,257564,0.7355646246755965,0.860918606547678,0.46483536596947506,0.7707340054524561
0.3442069119161544,538413,619914,86969,257513,0.7355660265229087,0.8609345967744515,0.46481951987651154,0.7707745961063581
0.34418417397837653,538458,619989,86924,257438,0.735603385269025,0.8610065527949318,0.46481021574573544,0.7708544465730509
0.34395107587696017,538536,620132,86846,257295,0.7356655217370873,0.8611312765637642,0.4647888782636614,0.7710015045158766
0.3438895122776976,538578,620197,86804,257230,0.7357013886555294,0.8611984355162124,0.464782205346163,0.7710727045153443
0.34382936100092,538588,620206,86794,257221,0.7357112297770524,0.8612144257429859,0.4647832142727698,0.771085347505904
0.34378082953001665,538648,620332,86734,257095,0.7357558022001318,0.8613103671036263,0.46476039275915026,0.7712091157292776
0.34373813047723667,538747,620542,86635,256885,0.7358289146930863,0.8614686703486829,0.4647219114474475,0.7714147306810114
0.3437328640321847,538769,620571,86613,256856,0.7358487112892352,0.8615038488475844,0.46472044439077403,0.7714486671293558
0.3437012567170201,538778,620581,86604,256846,0.7358571843381126,0.8615182400516804,0.4647205912922572,0.7714613101199155
0.34365782196067773,538835,620686,86547,256741,0.7359024694834732,0.8616093843442888,0.4647048220773923,0.7715691082499506
0.3435374721006491,538848,620699,86534,256728,0.7359149976441346,0.8616301716390942,0.46470561348526623,0.7715864091844007
0.34340489098200144,538963,620906,86419,256521,0.7360073217954786,0.8618140592469883,0.4646757521754612,0.7718006746033594
0.34335985654589096,538968,620930,86414,256497,0.7360083202555507,0.861822054360375,0.4646684449839555,0.7718199717994768
0.3433370788426121,538978,620959,86404,256468,0.7360141364180731,0.8618380445871483,0.46466144281973937,0.771845923201152
0.3433157400540663,539046,621036,86336,256391,0.7360778455378918,0.8619467781292074,0.46466198079101306,0.771942409181739
0.3432210959007099,539109,621266,86273,256161,0.7361049705576581,0.8620475165578798,0.4645989443067974,0.7721373774045803
0.34318576290119707,539649,622296,85733,255131,0.7365265145942116,0.8629109888036433,0.46443592424770536,0.7731820876771432
0.34318518838777523,539806,622643,85576,254784,0.7366394494288583,0.8631620353639855,0.46436961965643225,0.7735174596372526
0.3431125413899292,539876,622847,85506,254580,0.7366798835560119,0.8632739669513994,0.4643203927332649,0.7736997848695343
0.34300908915049544,539949,622998,85433,254429,0.7367344571869094,0.8633906956068451,0.4642937296368622,0.7738488390740274
0.34294661522509173,539977,623055,85405,254372,0.7367555722924444,0.8634354682418106,0.4642838718109218,0.773905399821268
0.3428894381660078,540003,623120,85379,254307,0.7367727513479455,0.8634770428314215,0.46426990094770715,0.7739659530918434
0.3428711288083671,540014,623157,85368,254270,0.7367781091980542,0.8634946320808722,0.46426019905929566,0.7739978932785204
0.3428128145826138,540021,623171,85361,254256,0.7367834377524067,0.8635058252396135,0.4642578353358689,0.7740118671101917
0.34275153191299934,540058,623236,85324,254191,0.7368134114016998,0.8635649890786751,0.4642489344911948,0.7740797400068804
0.3427179425797967,540351,624063,85031,253364,0.7369879283414741,0.8640335027231356,0.46405402202309487,0.7748250110293458
0.3425407181364821,540397,624149,84985,253278,0.7370241299002693,0.8641070577662933,0.46404092238520417,0.7749128465427076
0.34253432248018323,540660,624419,84722,253008,0.7372756338489508,0.8645276007304336,0.46405436884537443,0.7752675156989345
0.3423540765517986,540669,624440,84713,252987,0.737281874371529,0.8645419919345296,0.46405014466457645,0.7752874783156076
0.34217982934062297,540780,624636,84602,252791,0.7373715006283161,0.8647194834517143,0.46402314709940484,0.7754917624262299
0.3421695804637336,540844,624719,84538,252708,0.7374292047838463,0.864821820903064,0.46401953390764805,0.7755895792479284
0.34200298646056504,540848,624754,84534,252673,0.7374268160659698,0.8648282169937734,0.4640074399323268,0.7756155306496035
0.3418709451874198,540857,624812,84525,252615,0.7374256141679871,0.8648426081978695,0.463988490729358,0.7756601138268403
0.3418428581226113,540911,624840,84471,252587,0.7374827494717473,0.8649289554224459,0.464002175421681,0.7757146783124136
0.34179153954953,540940,624907,84442,252520,0.7375029823784042,0.8649753270800886,0.46398884244673616,0.7757785586857678
0.34167311573063053,540942,624921,84440,252506,0.7375024915532595,0.8649785251254434,0.46398419025219945,0.7757892054146601
0.3416114016516265,541207,625266,84175,252161,0.7377410747706994,0.8654022661349383,0.46396873309540815,0.7761951119536814
0.3416094515486211,541245,625352,84137,252075,0.7377679332083831,0.8654630289966773,0.46395199027599077,0.7762776241025972
0.34155960341792124,541254,625444,84128,251983,0.7377598872043326,0.8654774202007733,0.46391954044662803,0.7763448315787302
0.34131075211881046,541314,625497,84068,251930,0.737818942033438,0.8655733615614136,0.4639260342934717,0.7764200241015325
0.34119317420714634,541324,625514,84058,251913,0.7378271415665721,0.8655893517881871,0.463923869466027,0.7764379904565384
0.34109902009611415,541362,625559,84020,251868,0.7378622409634154,0.8656501146499259,0.4639234361194974,0.7764932203626675
0.34108877849535246,541406,625635,83976,251792,0.7378980741537096,0.8657204716477289,0.46391343577474997,0.7765730708293602
0.3409223555502485,541414,625660,83968,251767,0.7379023399104073,0.8657332638291476,0.4639071729813191,0.7765950297077007
0.3407861138679492,541500,625859,83882,251568,0.7379622212403926,0.8658707797793989,0.4638675848646389,0.7767846745660959
0.34073402578563405,541501,625872,83881,251555,0.7379607680883186,0.8658723788020761,0.46386287844587804,0.7767939904538768
0.3407171532548908,541615,626149,83767,251278,0.7380374742593394,0.8660546673872929,0.46380518666442877,0.7770541698911838
0.34069464599477983,541661,626205,83721,251222,0.738079639308289,0.8661282224304505,0.46380406656243095,0.7771220427878726
0.3406237239088281,541677,626239,83705,251188,0.7380913838717801,0.8661538067932879,0.4637979101236733,0.7771553138156612
0.34052587785896393,541678,626253,83704,251174,0.7380897293034204,0.8661554058159653,0.463792809677969,0.7771652951239978
0.34038942122733007,541703,626364,83679,251063,0.7380964384353041,0.8661953813828988,0.46376021238507725,0.7772557923195829
0.3403678291877873,541720,626368,83662,251059,0.7381153777397962,0.8662225647684135,0.4637664285567526,0.7772697661512541
0.3402559398193059,541730,626413,83652,251014,0.7381179402731198,0.866238554995187,0.463753153509459,0.7773063642818215
0.34006918239474226,541773,626584,83609,250843,0.7381334837467659,0.8663073129703125,0.4637050148199566,0.7774487642807569
0.3400237224948004,541777,626609,83605,250818,0.7381331006666642,0.8663137090610219,0.4636969289258858,0.7774680614768743
0.3399885535481959,541814,626686,83568,250741,0.7381605807912093,0.8663728729000835,0.46368335472828415,0.7775439194202324
0.3399641849134253,541815,626695,83567,250732,0.7381599318590162,0.8663744719227608,0.46368024235992844,0.77755057362579
0.3398988639989112,541909,626849,83473,250578,0.7382381100546388,0.8665247800544307,0.4636622808143345,0.7777155979236217
0.3394954645869215,542117,627096,83265,250331,0.7384299246391941,0.8668573767713174,0.46365974377636926,0.7780183642764982
0.33945444957866866,542142,627152,83240,250275,0.7384476828350707,0.8668973523382508,0.46364900529721353,0.7780722633415158
0.33928072716424296,542693,628246,82689,249181,0.7388670885265953,0.867778413833465,0.46346820799375543,0.7791668801557616
0.3392779726302917,542698,628259,82684,249168,0.738870274487166,0.8677864089468517,0.46346535355269236,0.7791788577257656
0.3392537234073606,542703,628273,82679,249154,0.7388732592258579,0.8677944040602383,0.46346210340775557,0.7791915007163253
0.33919340843781354,542710,628290,82672,249137,0.7388779609032252,0.8678055972189798,0.4634585824081981,0.7792074708096638
0.3391931838681511,542735,628354,82647,249073,0.7388940910527834,0.8678455727859132,0.4634447083014186,0.7792666932391276
0.3391737406893245,542785,628643,82597,248784,0.7388939589801784,0.8679255239197803,0.46335327480647553,0.7794922708075345
0.33906081170307967,542916,628906,82466,248521,0.7389930172730613,0.8681349958905117,0.46330927393409577,0.7797544465065088
0.3390575758704094,542923,628925,82459,248502,0.7389973147317345,0.8681461890492531,0.4633049678797933,0.7797717474409589
0.3390367402793315,542927,628937,82455,248490,0.7389995404792083,0.8681525851399624,0.4633020555286279,0.7797823941698513
0.3390276961522499,542932,628951,82450,248476,0.7390025238123368,0.8681605802533492,0.4632988105467867,0.779795037160411
0.3390178865850161,542941,628971,82441,248456,0.7390089398492966,0.8681749714574452,0.46329502556505947,0.7798143343565284
0.3389793829677209,543026,629142,82356,248285,0.7390731296220482,0.8683108883850191,0.46326635772346625,0.7799846820188061
0.338958202580133,543029,629175,82353,248252,0.7390699702645702,0.868315685453051,0.463254689456784,0.780008637158814
0.3389100357758229,543038,629212,82344,248215,0.7390729652145557,0.8683300766571471,0.46324418852633825,0.7800392465043795
0.33876752818626377,543059,629266,82323,248161,0.7390864577325222,0.8683636561333713,0.4632324653999531,0.7800891530460624
0.3387015931280404,543068,629296,82314,248131,0.7390908605914381,0.8683780473374674,0.46322473225039323,0.7801151044477376
0.33840509644437966,544136,631234,81246,246193,0.7399389376588635,0.870085803556866,0.46294868849808996,0.7821153586383899
0.3383449485280249,544148,631263,81234,246164,0.7399470048320084,0.8701049918289941,0.4629427493872356,0.7821426408811765
0.33833047998481725,544176,631396,81206,246031,0.7399526801011667,0.8701497644639596,0.4629031654377614,0.782249773590656
0.3383050468733432,544287,631620,81095,245807,0.7400361937056671,0.8703272559811444,0.4628656858067857,0.7824726894768397
0.3381934277470626,544298,631655,81084,245772,0.7400418928065162,0.8703448452305951,0.46285693390807287,0.7825032988224052
0.3381332897058287,544369,631807,81013,245620,0.7400935474959377,0.8704583758406862,0.46282954251744635,0.7826516876063425
0.33806571105008953,544616,632233,80766,245194,0.7402938850476718,0.8708533344419891,0.4627747485021443,0.7830995156403775
0.3379956428961236,544639,632306,80743,245121,0.7403058279889508,0.8708901119635679,0.46275654342386435,0.7831633960137316
0.33789367663100867,544643,632317,80739,245110,0.7403082462142054,0.8708965080542772,0.4627540443175639,0.7831733773220682
0.3377093439268739,544678,632401,80704,245026,0.7403318701889058,0.8709524738479841,0.4627369955627447,0.7832525623682052
0.33763734025413206,544693,632436,80689,244991,0.7403421955349466,0.8709764591881443,0.46273008310898806,0.7832858333959938
0.3374931617349328,544843,632744,80539,244683,0.7404538863286415,0.8712163125897452,0.46267749219378274,0.7835905960105376
0.3374578571646114,544865,632788,80517,244639,0.740470501451274,0.8712514910886466,0.46267024327199946,0.7836345137672186
0.3373936065683635,545014,632938,80368,244489,0.7406128039831715,0.8714897454675702,0.46267929423270215,0.7838334745133946
0.33737630533506513,545310,633321,80072,244106,0.7408783153119199,0.8719630561800628,0.46266388717079393,0.7842852950707642
0.3373293024620184,545341,633351,80041,244076,0.7409081522300297,0.8720126258830603,0.4626662435988367,0.7843258857246663
0.3373290495933886,545357,633416,80025,244011,0.7409135828835739,0.8720382102458977,0.4626480246832936,0.7843797847896838
0.33718810749578865,545475,633704,79907,243723,0.7409921517795358,0.8722268949218238,0.4625888011913374,0.7846499455353275
0.3370839308479141,545482,633751,79900,243676,0.740990789676374,0.8722380880805651,0.4625735541661402,0.7846858782453392
0.3370829919818181,545550,633831,79832,243596,0.741053364807443,0.8723468216226242,0.46257316337977294,0.7847843604875936
0.3369222244027469,545598,633988,79784,243439,0.7410772934497546,0.8724235747111365,0.46253346513098664,0.784920771701527
0.3368484578863351,545615,633995,79767,243432,0.7410955525166403,0.8724507580966513,0.4625384661032036,0.7849367417948655
0.33666155023635536,545644,634029,79738,243398,0.741122258741101,0.8724971297542942,0.46253834749121153,0.7849786632898792
0.3365913080972305,545680,634086,79702,243341,0.7411524317264527,0.8725546945706784,0.4625324004929791,0.785040547401566
0.33650882463788334,545762,634198,79620,243229,0.7412247439078982,0.8726858144302202,0.4625258483338418,0.7851696389893859
0.3363813268385444,545773,634264,79609,243163,0.7412241804775958,0.872703403679671,0.46250498925033706,0.7852208763721804
0.3363286769546827,545781,634281,79601,243146,0.7412300120328446,0.8727161958610897,0.4625019702354622,0.7852375118860747
0.3363091810583838,545790,634287,79592,243140,0.7412392149619528,0.8727305870651858,0.46250371797772516,0.7852474931944112
0.33624635712184403,545818,634357,79564,243070,0.741257510451006,0.8727753597001513,0.4624890376427225,0.785312704408877
0.33614006599639734,545909,634522,79473,242905,0.7413295476674238,0.8729208707637892,0.4624658281593757,0.7854830520711548
0.3361155550180057,545960,634592,79422,242835,0.7413744405336115,0.8730024209203335,0.462461628119727,0.7855635679584032
0.3360646831606813,545970,634603,79412,242824,0.7413837914820913,0.8730184111471069,0.4624618723280983,0.7855775417900744
0.3360578562278751,545986,634634,79396,242793,0.7413960546941623,0.8730439955099443,0.4624570141112297,0.7856088165561957
0.3360241414148929,546015,634705,79367,242722,0.7414152984807107,0.8730903671675871,0.46244240802222375,0.7856753586117731
0.3357779445318686,546054,634819,79328,242608,0.741437448012859,0.8731527290520034,0.4624155180108276,0.7857771679568062
0.33571155347837045,546104,634868,79278,242559,0.7414854039375425,0.8732326801858704,0.46241909206992204,0.7858430445918277
0.335675909099586,546300,635157,79082,242270,0.7416538487123896,0.873546088630629,0.4623951612288894,0.7861657735613774
0.3356513615050153,546303,635173,79079,242254,0.7416540954069015,0.873550885698661,0.4623902643811639,0.7861784165519371
0.3356481238122416,546370,635283,79012,242144,0.741709408253355,0.8736580202180427,0.4623777030989639,0.7862961959903089
0.33543661221339005,546398,635368,78984,242059,0.7417246627611046,0.8737027928530082,0.46235718407874316,0.7863713885131112
0.33541153635658694,546436,635448,78946,241979,0.7417524838383542,0.8737635557147472,0.46234317411861064,0.7864499081386923
0.33539220202244746,546448,635460,78934,241967,0.7417639399734378,0.8737827439868753,0.46234393878372937,0.7864658782320308
0.33513893129465233,546906,636224,78476,241203,0.742139433293402,0.8745150963730968,0.46225351398409303,0.7872790221511848
0.3349971272289749,546954,636371,78428,241056,0.7421652912612796,0.8745918494616091,0.4622179029429785,0.7874087791595605
0.334996194340601,547163,637169,78219,240258,0.7422460429858975,0.874926045201173,0.46200136448225665,0.7880788576592235
0.3348689656415377,547164,637192,78218,240235,0.7422425665050773,0.8749276442238504,0.46199284674540425,0.788094827752562
0.33483609465969666,547190,637237,78192,240190,0.7422635382146554,0.8749692188134612,0.46198710431288714,0.7881420726120218
0.33480632327536686,547199,637295,78183,240132,0.742262254538904,0.8749836100175573,0.46196857054573515,0.7881866557892586
0.33478666660871836,547250,637416,78132,240011,0.7422967971843044,0.8750651601741016,0.46194454808359486,0.7883011081248515
0.3345799103597965,547334,637579,78048,239848,0.7423609926213386,0.8751994780789981,0.46191914511867116,0.7884654670021274
0.33444966704101164,547478,637835,77904,239592,0.7424757400712425,0.875429737344535,0.4618847511163718,0.7887316352244363
0.33444824826192376,547480,637846,77902,239581,0.7424758344105842,0.8754329353898898,0.46188137271940377,0.7887402856916614
0.33440885984883784,547494,637850,77888,239577,0.7424911957887337,0.8754553217073725,0.4618861697532531,0.7887522632616654
0.3343329203620844,547545,637973,77837,239454,0.7425253170153017,0.8755368718639168,0.4618613972963717,0.7888680464383697
0.3343245766217432,547549,637995,77833,239432,0.7425255053332291,0.8755432679546261,0.4618546422570567,0.7888853473728198
0.33425224302642964,547570,638045,77812,239382,0.7425396845199658,0.8755768474308503,0.4618446966342362,0.7889325922322797
0.3340816208917121,547953,640306,77429,237121,0.7425266011290083,0.8761892731162714,0.4611393643978291,0.7906919641817424
0.33379981445169826,547985,640355,77397,237072,0.7425536631662705,0.8762404418419462,0.46113486039349005,0.7907458632467599
0.3336590855387872,548054,640470,77328,236957,0.7426101312393429,0.8763507744066826,0.4611215255224127,0.790868300629022
0.33359272150185737,548073,640503,77309,236924,0.7426254110995245,0.876381155837552,0.46111733704870367,0.7909029024979223
0.3333919455353396,548102,640554,77280,236873,0.742648605056008,0.8764275274951949,0.46111069981559005,0.790956136142384
0.33335291839232484,548126,640585,77256,236842,0.7426700547037739,0.8764659040394511,0.4611095548034804,0.7909927342729515
0.33327541622530654,548138,640621,77244,236806,0.7426766536044487,0.8764850923115791,0.46110103057053614,0.7910246744596287
0.33324033832727706,548184,640679,77198,236748,0.7427180480333927,0.8765586473547368,0.4610993865567353,0.7910938781974289
0.33315090926158186,548233,640740,77149,236687,0.7427622970431386,0.8766369994659264,0.4610979391458006,0.7911670744585639
0.3331462108382216,548260,640858,77122,236569,0.7427696939776939,0.8766801730782146,0.4610644191745479,0.7912635604391509
0.33305989672630554,548423,641067,76959,236360,0.742915640075448,0.876940813774621,0.46105725983404655,0.7915110968858984
0.3329447269348532,548458,641253,76924,236174,0.7429185701603175,0.8769967795683279,0.4610010330239865,0.791658154828724
0.3325386420206311,548467,641283,76915,236144,0.7429229117936932,0.8770111707724239,0.46099348602647616,0.7916841062303992
0.332328859310283,548482,641323,76900,236104,0.742932160279227,0.877035156112584,0.4609847832207799,0.7917207043609666
0.33231269725723367,548496,641360,76886,236067,0.742940859038236,0.8770575424300667,0.4609767904687626,0.7917546408093111
0.33225673879010886,548505,641381,76877,236046,0.7429470116329406,0.8770719336341628,0.46097273184153775,0.7917746034259843
0.3322189141267442,548557,641450,76825,235977,0.7429930909499707,0.8771550828133845,0.46096955732193173,0.7918551193132327
0.3321872427208231,548719,641760,76663,235667,0.7431174967978121,0.8774141244871134,0.46092287222202155,0.7921691978155574
0.3320133265982993,548773,641853,76609,235574,0.7431610382448837,0.8775004717116898,0.46091131891962717,0.792267014637256
0.33200800128723185,548819,641949,76563,235478,0.7431947492833727,0.8775740267548474,0.4608949854211736,0.7923615043561757
0.33194692858476194,548881,642037,76501,235390,0.7432485133161054,0.8776731661608425,0.46088899487622154,0.7924613174395415
0.33192834436007634,548914,642066,76468,235361,0.7432807186876779,0.8777259339091947,0.46089271020504124,0.7925025735139994
0.3318374714486373,548928,642128,76454,235299,0.7432843775524132,0.8777483202266775,0.46087505541301166,0.7925531454762381
0.3317453942006362,548965,642155,76417,235272,0.7433215946930225,0.877807484065739,0.46088135536301966,0.7925957323918076
0.33170311454690393,548975,642190,76407,235237,0.7433260766600419,0.8778234742925124,0.46087233926450155,0.7926256763168174
0.3312463931453138,549082,642249,76300,235178,0.7434375371494011,0.8779945697189877,0.4608979368454275,0.7927361361290756
0.33102120561534554,549093,642285,76289,235142,0.7434429687622701,0.8780121589684385,0.46088898737428424,0.792767410895197
0.3310041798301605,549173,642394,76209,235033,0.7435132321264414,0.8781400807826256,0.4608830221045061,0.792893175380238
0.3309984433039662,549290,642768,76092,234659,0.7435727772414126,0.8783271664358744,0.4607913373342572,0.7932198968731222
0.3309085366902129,549347,642915,76035,234512,0.7436088678565917,0.8784183107284828,0.46076030268514806,0.7933556426664998
0.330905308566419,549350,642979,76032,234448,0.7435994409095966,0.8784231077965148,0.46073692747555417,0.7934002258437366
0.33072231950214337,549579,643340,75803,234087,0.7437906133177712,0.8787892839896255,0.4607010199351339,0.7937928239716424
0.3305219332176266,549643,643527,75739,233900,0.743826694360405,0.8788916214409753,0.46065774365765144,0.7939598445311413
0.33049839099166334,549731,643641,75651,233786,0.7439051124522991,0.8790323354365812,0.4606535095510872,0.7940942594834074
0.3304353472913816,549807,643775,75575,233652,0.7439656735523436,0.879153861160059,0.46063613559855965,0.7942339978001196
0.330340922980363,549865,643937,75517,233490,0.7439998592818503,0.8792466044753446,0.4605998314628389,0.7943803903223896
0.33020254009442085,549939,644090,75443,233337,0.744054279233144,0.8793649321534678,0.4605742406591465,0.79453144078855
0.3301853298842503,549978,644129,75404,233298,0.7440913401891691,0.879427294037884,0.46057681598047745,0.7945833435919002
0.3301556481800375,550010,644159,75372,233268,0.744122150706619,0.8794784627635589,0.4605797001931887,0.7946245996663581
0.330092723036972,550063,644219,75319,233208,0.7441711018694143,0.8795632109654579,0.46058049941303647,0.7946997921891604
0.33003144038471477,550147,644456,75235,232971,0.7442201047527807,0.8796975288703545,0.46052705375760816,0.7949133921875634
0.32998461984761474,550154,644467,75228,232960,0.7442259497655532,0.8797087220290958,0.46052597434667564,0.7949253697575673
0.32977553622637334,550193,644526,75189,232901,0.7442589740350144,0.8797710839135121,0.4605208421394487,0.794990580972033
0.3297306402711171,550222,644571,75160,232856,0.7442833022348437,0.8798174555711549,0.46051659157695096,0.7950398220931602
0.3294090602412437,550237,644585,75145,232842,0.7442977531889566,0.879841440911315,0.46051796836683623,0.7950591192892776
0.32940193132689777,550298,644676,75084,232751,0.7443496581362596,0.8799389812946328,0.4605104378840042,0.795160263213755
0.32933681314910357,550305,644688,75077,232739,0.7443553005650448,0.8799501744533741,0.4605089736927329,0.7951729062043147
0.32924500062686257,550401,644817,74981,232610,0.7444398397942407,0.8801036806303987,0.4605026028724467,0.7953226258293635
0.3292010414263472,550406,644836,74976,232591,0.7444417694365622,0.8801116757437853,0.46049753941042904,0.7953385959227021
0.3291660600827728,550465,644861,74917,232566,0.7445046517931192,0.8802060180817485,0.46051453745672727,0.795394491249387
0.32910107605855843,550480,644890,74902,232537,0.7445160780741042,0.8802300034219085,0.46051013493729975,0.795423769753841
0.32907499267323637,550483,644925,74899,232502,0.7445124827695151,0.8802348004899405,0.460498005701819,0.7954490557349604
0.3289647710893442,550491,644932,74891,232495,0.744520281713228,0.8802475926713592,0.460498919629286,0.7954590370432969
0.3288615410858423,550519,644969,74863,232458,0.744545060124165,0.8802923653063248,0.4604973031933403,0.7955022893794221
0.3288172188117503,550520,645013,74862,232414,0.7445373500734773,0.8802939643290021,0.46048080646874656,0.7955322333044319
0.32878983692627295,550546,645047,74836,232380,0.7445604295883202,0.8803355389186129,0.46047944409176034,0.7955721585377783
0.32855244577644904,550558,645061,74824,232366,0.7445714222344959,0.880354727190741,0.460479467121215,0.7955894594722284
0.328547643889306,550651,645190,74731,232237,0.7446524812643801,0.8805034362997336,0.46047175167936205,0.7957371828356099
0.32854224144042554,550657,645200,74725,232227,0.7446573727107131,0.8805130304357977,0.4604706081078256,0.7957478295645022
0.3284267839221858,550730,645509,74652,231918,0.7446791536621967,0.8806297590912434,0.46038458869841226,0.7960020202168073
0.3280691459588092,550822,645575,74560,231852,0.7447717300918758,0.8807768691775587,0.46040068639423204,0.7961071566646194
0.3280492658987595,550839,645616,74543,231811,0.7447830344271458,0.8808040525630735,0.4603925764027899,0.7961457510568541
0.32795568694279464,550866,645664,74516,231763,0.7448044351927418,0.8808472261753616,0.4603862836702799,0.7961956575985372
0.3276654909681451,550892,645742,74490,231685,0.7448186423417903,0.8808888007649724,0.46036799890359126,0.7962648613363374
0.32761120354816853,550942,645873,74440,231554,0.7448497881348485,0.8809687518988394,0.46034015282228247,0.7963853024569323
0.32755169943968887,550967,645923,74415,231504,0.7448684816048375,0.881008727465773,0.46033219427015015,0.7964352089986153
0.3275428703501946,550980,645955,74402,231472,0.7448769934970284,0.8810295147605783,0.4603257486830947,0.7964651529236251
0.3275110120214093,551102,646129,74280,231298,0.7449823035239658,0.8812245955272138,0.46031384085443827,0.7966621174081338
0.32744196133512227,551158,646335,74224,231092,0.7450052324655632,0.8813141407971448,0.4602598929597083,0.7968364575937461
0.3274279924199641,551161,646344,74221,231083,0.7450068707145895,0.8813189378651768,0.46025778598001676,0.7968444426404154
0.3274002092281977,551161,646367,74221,231060,0.7450022384089346,0.8813189378651768,0.46024894616242795,0.7968597473131982
0.3271508797178022,551164,646412,74218,231015,0.7449966262100227,0.8813237349332088,0.4602330040014162,0.7968916874998753
0.32712740186545275,551168,646418,74214,231009,0.7450000189234504,0.8813301310239182,0.46023250104794144,0.7968983417054329
0.32709752235813827,551496,647147,73886,230280,0.7452304231344984,0.8818546104620856,0.460100296752244,0.7976016912328846
0.32681993137321463,551603,647379,73779,230048,0.7453067279915471,0.8820257058885609,0.46005945043378466,0.7978272688012914
0.32677007859364526,551603,647391,73779,230036,0.7453043111215121,0.8820257058885609,0.4600548459792126,0.7978352538479607
0.32647096755784755,551652,647492,73730,229935,0.7453403057606834,0.8821040579997506,0.4600381605545289,0.7979350669313267
0.32639752445865455,551801,647683,73581,229744,0.7454731300519966,0.8823423123786741,0.4600319804182465,0.7981613099202892
0.32635180478212067,551834,647767,73548,229660,0.7454941451648943,0.8823950801270264,0.46001462152832484,0.7982391641253147
0.3263144715172086,551972,647985,73410,229442,0.7456088569857773,0.8826157452564992,0.45999314975453287,0.7984760538431697
0.3262892514743492,552002,648109,73380,229318,0.7456183598670751,0.8826637159368195,0.4599591204480252,0.7985785286087587
0.3262479000097249,552215,648421,73167,229006,0.7458002940982625,0.8830043077670927,0.45993540090418744,0.7989278744005393
0.3261437235856709,552340,648664,73042,228763,0.745894971333131,0.8832041856017602,0.4598985515452072,0.7991727491650635
0.32604732573856066,552418,648824,72964,228603,0.7459523545885918,0.8833289093705927,0.459872365435108,0.7993311192573375
0.32577846631770924,552509,648969,72873,228458,0.7460276866956197,0.8834744204342306,0.4598577751735779,0.7994881585084997
0.3257454030293788,552566,649142,72816,228285,0.7460583122436701,0.883565564726839,0.45981719352787864,0.7996412052363274
0.3257055906985167,552605,649164,72777,228263,0.7460986790959515,0.8836279266112552,0.45982630605382563,0.7996817958902296
0.32566813129219296,552676,649298,72706,228129,0.7461532355052056,0.8837414572213463,0.4598069508991043,0.799818207104163
0.3256337614378154,552814,649465,72568,227962,0.746278086304173,0.8839621223508192,0.4598050868392445,0.8000211603736735
0.3256266222268209,552821,649483,72561,227944,0.7462824987742425,0.8839733155095606,0.4598013480783562,0.8000377958875678
0.32562469314984943,552889,649578,72493,227849,0.7463414502449383,0.8840820490516197,0.4597955702734462,0.8001462594381588
0.32559668637739814,552904,649634,72478,227793,0.7463473922980854,0.8841060343917797,0.4597808967367351,0.8001935042976187
0.32557792426631105,552930,649664,72452,227763,0.7463712048361258,0.8841476089813906,0.45978110650809834,0.8002307678487419
0.3255404351141622,552954,649722,72428,227705,0.7463870780334992,0.8841859855256468,0.45976971353880847,0.8002853323343153
0.32552341046752264,552954,649740,72428,227687,0.746383451099853,0.8841859855256468,0.45976283244116956,0.8002973099043191
0.32550663119941103,552980,649803,72402,227624,0.746400612691537,0.8842275601152576,0.45975042879721445,0.8003565323337829
0.3254986928046507,552986,649861,72396,227566,0.7463958157583938,0.8842371542513215,0.45973095497598615,0.8003991192493524
0.32536398423753243,552989,649925,72393,227502,0.7463863653419327,0.8842419513193536,0.45970784278842874,0.8004437024265891
0.32511049152068616,553007,650029,72375,227398,0.7463860794414673,0.8842707337275457,0.45967618591629844,0.8005248837343933
0.3249542359479154,553566,652602,71816,224825,0.7465094225632306,0.8851645874041786,0.45894601747020314,0.802608980915073
0.32463535331219096,553751,653337,71631,224090,0.7465736544306555,0.8854604065994864,0.45874948636719115,0.8032211678263838
0.32452367517241565,554102,654163,71280,223264,0.7468098624370686,0.8860216635592326,0.45859310664465164,0.8040043678205281
0.32449051440435484,554436,654962,70946,222465,0.7470318729071935,0.886555737133464,0.45843965344741766,0.8047582893102184
0.3244583626002052,554494,655084,70888,222343,0.747073783395031,0.8866484804487498,0.45841938262766024,0.8048780650102575
0.32413209555356837,554641,655393,70741,222034,0.7471800282468675,0.8868835367823187,0.45836811197040744,0.8051814967836898
0.32408163647573784,554649,655398,70733,222029,0.7471881883028094,0.8868963289637374,0.4583697988590526,0.8051901472509148
0.32403558484381545,554730,655644,70652,221783,0.747231473244714,0.8870258498006018,0.45831288510823925,0.8054077397726525
0.3239891596001585,554743,655752,70639,221675,0.7472246265715488,0.8870466370954073,0.4582778119694836,0.8054882556599009
0.32396164402669936,554751,655762,70631,221665,0.747231778959338,0.887059429276826,0.4582776062710603,0.8055002332299048
0.3238590269602514,554755,655819,70627,221608,0.7472248876781942,0.8870658253675353,0.4582578181920312,0.8055408238838069
0.323824407068964,554807,655875,70575,221552,0.7472731876698786,0.887148974546757,0.4582598898802493,0.8056126893038303
0.32379646044311505,554836,655997,70546,221430,0.7472818510915291,0.8871953462043999,0.45822669187245474,0.805713167807752
0.32373618071260524,554843,656007,70539,221420,0.7472878570016308,0.8872065393631412,0.4582260395589875,0.8057244799572002
0.3237077273622462,554856,656027,70526,221400,0.7472987231209044,0.8872273266579467,0.4582242875653552,0.8057464388355406
0.3236867967300615,554871,656034,70511,221393,0.7473144969889018,0.8872513119981068,0.4582283498705514,0.8057610780877676
0.32352424450107964,554991,656186,70391,221241,0.7474213545110641,0.8874431947193875,0.4582245204458143,0.8059420724789378
0.3234494365913817,555064,656274,70318,221153,0.7474872510885122,0.8875599233748332,0.4582238813609414,0.8060492051884172
0.3233258878378844,555095,656316,70287,221111,0.7475143006658607,0.8876094930778309,0.4582218586425251,0.8060977808889885
0.3229994096889989,555208,656447,70174,220980,0.7476173407020338,0.8877901826403702,0.45822284396135865,0.8062601435045971
0.32295192106030435,555255,656522,70127,220905,0.7476560638030003,0.8878653367062052,0.45821549674568834,0.8063413248124013
0.3226144488595444,555261,656561,70121,220866,0.7476550823380506,0.8878749308422692,0.4582034325173169,0.806371268737411
0.32252182852085287,555344,656744,70038,220683,0.7477132799944851,0.8880076497244884,0.4581713538950967,0.8065482706052466
0.32246241541411846,555353,656760,70029,220667,0.7477203639231687,0.8880220409285845,0.45816932909720465,0.8065649061191409
0.32246040464886505,555399,656919,69983,220508,0.7477410210331823,0.888095595971742,0.4581297976273552,0.8067013173330743
0.322434540647648,555406,656948,69976,220479,0.7477431970105674,0.8881067891304835,0.4581219676761078,0.8067252724730821
0.3222654010023761,555410,656955,69972,220472,0.747746367490932,0.8881131852211928,0.45812111039167247,0.8067325920991956
0.32223717796395623,555481,657105,69901,220322,0.7477974558669982,0.8882267158312839,0.45809616802437103,0.8068796500420213
0.32218747473294673,555584,657236,69798,220191,0.7478889969383591,0.8883914151670499,0.45809270955294273,0.8070353584520721
0.3221393088135446,555607,657282,69775,220145,0.7479060643971853,0.8884281926886287,0.4580856121211422,0.8070812724704204
0.32203812439881874,555640,657352,69742,220075,0.7479297459698696,0.8884809604369809,0.45807391969609035,0.807149810787665
0.32189431972268123,555730,657486,69652,219941,0.7480057845170488,0.8886248724779415,0.4580635270223934,0.807298864992158
0.321878533254883,555778,657686,69604,219741,0.7480204533414877,0.8887016255664538,0.458009467112333,0.8074638892899896
0.3218777562510451,555791,657699,69591,219728,0.7480327147809244,0.8887224128612592,0.45801036679329865,0.8074811902244396
0.3217590220780434,556236,658456,69146,218971,0.7483894925488803,0.8894339779526753,0.45792349006991073,0.8082810257324783
0.3216526679566456,556281,658520,69101,218907,0.7484280858879825,0.8895059339731556,0.4579194452424718,0.8083535565730575
0.32158679144029545,556446,658783,68936,218644,0.7485638689857852,0.8897697727149166,0.45789394426894026,0.8086383565709282
0.321438990677518,556549,658905,68833,218522,0.7486571094506241,0.8899344720506827,0.4578939227646624,0.808788076195977
0.3213868712216379,556566,658927,68816,218500,0.7486721221106902,0.8899616554361974,0.4578932169909658,0.8088140275976521
0.32137845747118476,556639,659136,68743,218291,0.7487135162239936,0.8900783840916432,0.45784705229174805,0.80900167619438
0.321371218140619,556690,659263,68692,218164,0.7487462612451818,0.8901599342481875,0.4578219717373945,0.8091201210533076
0.32136209319052933,556701,659312,68681,218115,0.7487489714303084,0.8901775234976382,0.45780842803489763,0.8091600462866538
0.3213064531004568,556709,659331,68673,218096,0.7487542931292717,0.8901903156790569,0.45780484194598864,0.8091780126416597
0.3211937922405188,556761,659413,68621,218014,0.7487972408762187,0.8902734648582786,0.4577971573146606,0.8092671789961332
0.3210987732113194,556881,659717,68501,217710,0.7488732226933675,0.8904653475795594,0.45773624484011977,0.8095493173117808
0.3209087288759911,556888,659721,68494,217706,0.748880420490154,0.8904765407383007,0.45773785990404475,0.8095566369378943
0.32089773889519413,556913,659765,68469,217662,0.7489001416274408,0.8905165163052342,0.4577324485196576,0.8096025509562426
0.32081235244790807,556930,659891,68452,217536,0.7488942000871892,0.890543699690749,0.4576926269352682,0.8096977060957181
0.32079038160570483,556942,659962,68440,217465,0.7488936196762507,0.8905628879628771,0.45767127070007163,0.8097529360018472
0.32078392729800254,557161,660389,68221,217038,0.7490579654419725,0.8909130739292145,0.4576083117736438,0.8101827976808763
0.3207524527796263,557225,660480,68157,216947,0.7491127875021544,0.8910154113805642,0.4576026213245408,0.8102859378670211
0.3206887342398358,557228,660494,68154,216933,0.7491133965181153,0.8910202084485962,0.45759869658263547,0.8102972500164691
0.32055704239680016,557244,660518,68138,216909,0.749126849479336,0.8910457928114337,0.45759680463013297,0.8103238668387001
0.320499159922668,557304,660647,68078,216780,0.7491694401285771,0.891141734172074,0.45757505843831153,0.810449631323741
0.3204787597681039,557402,660773,67980,216654,0.7492560561958844,0.8912984383944533,0.4575713670039198,0.8105986855282341
0.32037811472723143,557476,660864,67906,216563,0.749322287780104,0.8914167660725765,0.45757013641512223,0.8107084799199366
0.3202786617867006,557622,661061,67760,216366,0.7494494263900623,0.891650223383468,0.4575611541311399,0.8109367191705665
0.3202540695282181,557639,661101,67743,216326,0.7494607915343733,0.8916774067689828,0.45755370300474263,0.8109746481422456
0.3202344369371397,557667,661178,67715,216249,0.7494772701554387,0.8917221794039483,0.45753725863419875,0.8110445173006018
0.3200627202387847,557668,661189,67714,216238,0.7494761966839454,0.8917237784266256,0.45753357448822957,0.811052502347271
0.3199507892281873,557690,661259,67692,216168,0.7494872297288762,0.8917589569255271,0.45751709054275447,0.8111137210384021
0.3192912031178404,557708,661308,67674,216119,0.7494979228843954,0.8917877393337192,0.4575067103302992,0.8111583042156388
0.31909848316048084,557818,661589,67564,215838,0.7495669771173106,0.8919636318282266,0.4574502196559475,0.8114184836529459
0.31907133679135935,557899,661655,67483,215772,0.7496462050554114,0.8920931526650911,0.457461498219841,0.8115163004746445
0.3190510388421769,557909,661681,67473,215746,0.7496523894162991,0.8921091428918645,0.457456194294804,0.8115402556146523
0.31900128016897555,558011,661963,67371,215464,0.7497120786177194,0.8922722432049531,0.45739581335339935,0.8117957771080689
0.318982511734088,558082,662168,67300,215259,0.7497518659092509,0.8923857738150442,0.4573505429215325,0.8119794331814622
0.3189801522904778,558132,662240,67250,215187,0.7497944598189097,0.8924657249489112,0.45734579292215816,0.8120606144892665
0.31876710176332634,558138,662255,67244,215172,0.7497982896466636,0.8924753190849752,0.4573428395606989,0.8120745883209377
0.31873643605321555,558141,662273,67241,215154,0.7497980892770495,0.8924801161530073,0.4573374281186548,0.8120885621526088
0.31872879162881673,558368,662793,67014,214634,0.7499525208793966,0.8928430943007634,0.45724355756530055,0.812585631307771
0.3186040877830103,558382,662834,67000,214593,0.7499602443788775,0.8928654806182461,0.45723442863506536,0.8126222294383385
0.31843361711890783,558432,662999,66950,214428,0.7499840852397246,0.8929454317521132,0.4571948804312319,0.8127652948578296
0.3183963709760338,558439,663006,66943,214421,0.7499906660617738,0.8929566249108545,0.45719537105641267,0.8127746107456104
0.3182187792609361,558500,663263,66882,214164,0.7500085274022363,0.8930541652941723,0.4571263002726388,0.8129862144823461
0.31815555716282296,558661,663491,66721,213936,0.7501463605895243,0.8933116079452239,0.4571125359202456,0.8132450630785416
0.3181239908859209,558662,663509,66720,213918,0.7501438757536525,0.8933132069679012,0.45710624781638576,0.8132577060691013
0.3179912583927319,558666,663515,66716,213912,0.7501472322353868,0.8933196030586106,0.4571057805676901,0.813264360274659
0.31793887777774,558704,663683,66678,213744,0.7501567570688376,0.8933803659203495,0.4570598345695758,0.8134014369091481
0.31783244174236513,558728,663762,66654,213665,0.750168232269554,0.8934187424646056,0.4570409573902445,0.8134699752263927
0.31781847863411206,558740,663805,66642,213622,0.7501732645949744,0.8934379307367337,0.4570302115668544,0.8135065733569602
0.31769582006242714,558970,664200,66412,213227,0.750356136255879,0.8938057059525218,0.4569847200307398,0.813922461204318
0.31748383072204744,558977,664238,66405,213189,0.7503564675468885,0.8938168991112632,0.4569736309643031,0.8139524051293278
0.3173865771749953,558986,664270,66396,213157,0.750360289348322,0.8938312903153592,0.4569656719443845,0.8139796873721145
0.31704805295887195,559058,664371,66324,213056,0.7504220854093081,0.8939464199481277,0.4569599053153064,0.8140948051282632
0.31704157044841685,559314,665013,66068,212414,0.7505847651076062,0.8943557697535266,0.456833836058504,0.8146923527873469
0.31701435185762783,559320,665068,66062,212359,0.750580528385503,0.8943653638895906,0.45681597663485757,0.814732943441249
0.31699694017739655,559351,665199,66031,212228,0.7505894938323889,0.8944149335925882,0.4567808582744682,0.8148407415712842
0.3169910356583082,559384,665213,65998,212214,0.7506243080948707,0.8944677013409404,0.4567902746781186,0.8148720163374055
0.31689668652019976,559395,665226,65987,212201,0.7506342338967121,0.8944852905903912,0.45679030491882794,0.814887986430744
0.3168827539100456,559405,665248,65977,212179,0.7506412061035146,0.8945012808171645,0.45678653463470875,0.8149092798885288
0.31674900285153484,560115,666561,65267,210866,0.7511860938940037,0.8956365869180757,0.4566120149085822,0.8162554256728566
0.3166920812771735,560209,666868,65173,210559,0.7512313586448551,0.8957868950497456,0.4565394021728058,0.8165222593157214
0.3166399100792343,560219,666893,65163,210534,0.7512377167009955,0.895802885276519,0.4565345298554655,0.8165455490351735
0.3164147485890052,560343,667166,65039,210261,0.7513240013440468,0.896001164088509,0.45648789540443285,0.8168097209958152
0.31632024826483973,560348,667182,65034,210245,0.7513264744072096,0.8960091592018958,0.45648415924661717,0.8168236948274864
0.3163062731469707,560396,667278,64986,210149,0.7513618194991851,0.8960859122904081,0.4564697142726815,0.8169195153875176
0.31625840046053644,560409,667318,64973,210109,0.7513685709344091,0.8961066995852135,0.45646059751068435,0.8169547826769736
0.3162434284573522,560522,667506,64860,209921,0.7514594230519666,0.8962873891477529,0.45644073262173174,0.8171550742642611
0.3158406158568794,560545,667568,64837,209859,0.7514731310600672,0.8963241666693317,0.4564278694224391,0.8172116350115018
0.31518450957516464,560554,667609,64828,209818,0.7514751222018125,0.8963385578734278,0.456416615709804,0.8172449060392905
0.3150231229564253,560589,667657,64793,209770,0.7515053190890386,0.8963945236671347,0.4564142688028294,0.8173001359454195
0.3149423522419731,560594,667672,64788,209755,0.7515079921303964,0.8964025187805214,0.45641090773496945,0.817313444356535
0.31491409760622335,560597,667683,64785,209744,0.7515091929665012,0.8964073158485534,0.45640814797928814,0.8173227602443158
0.3147702674697792,560672,667845,64710,209582,0.7515619784747906,0.8965272425493538,0.45638114897880944,0.8174804649160339
0.3147099703258699,560753,668095,64629,209332,0.7516038597717764,0.8966567633862184,0.4563241344739138,0.8177007191199946
0.3146103906941745,560771,668138,64611,209289,0.751615695426568,0.8966855457944105,0.4563161308119641,0.8177413097738967
0.3145746689031994,560836,668386,64546,209041,0.7516397507203645,0.8967894822684376,0.4562528168223478,0.8179495864078535
0.31454539469803133,560846,668418,64536,209009,0.7516446909932261,0.8968054724952109,0.4562453630790457,0.817977534071196
0.3144903716556037,560850,668424,64532,209003,0.7516480370708496,0.8968118685859203,0.4562449055296053,0.8179841882767538
0.3144339150466884,560918,668605,64464,208822,0.7516890013028501,0.8969206021279794,0.45620781392458704,0.818149877995141
0.3143608748379809,560993,668943,64389,208484,0.7517063007977566,0.8970405288287798,0.4561156027630706,0.8184246966846752
0.3140254418985422,561088,669070,64294,208357,0.7517888696958962,0.8971924359831271,0.4561105158849514,0.8185724200480566
0.31379051401885016,561163,669353,64219,208074,0.7518172347378541,0.8973123626839276,0.45603876747640826,0.8188106406070232
0.31358843810296744,563124,672030,62258,205397,0.7535080587537286,0.9004480461541906,0.4559139993879306,0.8218968611446964
0.3133420528068619,563177,672181,62205,205246,0.7535378387245423,0.9005327943560896,0.45588161488410645,0.822032606938074
0.3131185024975991,563215,672289,62167,205138,0.7535592416655784,0.9005935572178284,0.4558584998510729,0.8221297583392168
0.3130238373110369,563356,672471,62026,204956,0.7536827515716329,0.9008190194153334,0.45585344874323025,0.8223446891787313
0.3130129910800409,563461,672670,61921,204757,0.7537619135399992,0.900986916796454,0.45582628378383844,0.8225469770276862
0.3127841668756658,563519,672765,61863,204662,0.7538086452716188,0.9010796601117397,0.45581678643418505,0.8226487863727193
0.3123036423679265,563530,672812,61852,204615,0.7538116627919109,0.9010972493611904,0.4558043001046636,0.8226873807649542
0.31221363653634515,563545,672823,61837,204604,0.7538264842039479,0.9011212347013505,0.4558068471523042,0.8227046816994042
0.31217789003224183,563548,672837,61834,204590,0.7538270687413003,0.9011260317693826,0.45580300634511095,0.8227159938488524
0.3121732478987991,563550,672849,61832,204578,0.7538269206434476,0.9011292298147372,0.4557994627947774,0.8227253097366332
0.31209006946536766,563616,672893,61766,204534,0.7538930192504782,0.9012347653114416,0.4558122908931516,0.8227985059977682
0.31193810686336354,563655,673046,61727,204381,0.753906462124177,0.9012971271958579,0.45577306074790913,0.8229262667444766
0.3118735658992585,563662,673081,61720,204346,0.7539073544962364,0.9013083203545993,0.45576324264620866,0.8229542144078189
0.31182062269003563,563817,673523,61565,203904,0.7539942570852997,0.9015561688695869,0.4556686116992904,0.8233514704796152
0.3116331987089336,563937,673778,61445,203649,0.7540791010372955,0.9017480515908677,0.45562750714017364,0.8236010031880299
0.3113886914096169,564094,674095,61288,203332,0.7541934322837798,0.9019990981512099,0.4555798832003838,0.8239164125314661
0.3113352193814034,564126,674189,61256,203238,0.7542108051059897,0.9020502668768848,0.4555593689812366,0.8240002555214934
0.3111157013533632,564164,674235,61218,203192,0.754244668411977,0.9021110297386238,0.45555915339078923,0.8240561508481783
0.31098357860377657,564249,674384,61133,203043,0.7543111112061753,0.9022469466661976,0.45554171413162736,0.824211859258229
0.310535969055833,564254,674389,61128,203038,0.7543157786101223,0.9022549417795843,0.4555420730589847,0.8242185134637868
0.310453146098557,564275,674426,61107,203001,0.7543321545285061,0.9022885212558085,0.4555376963447999,0.8242571078560216
0.3103872290508931,564299,674460,61083,202967,0.7543525403264509,0.9023268978000646,0.45553574181903017,0.8242957022482564
0.3102290843240624,564330,674518,61052,202909,0.7543760306450474,0.9023764675030621,0.45552803895231697,0.8243549246777202
0.3098719375079967,564399,674701,60983,202726,0.7544174400662135,0.9024868000677986,0.4554910822371076,0.8245226106577749
0.3097411248631894,564452,674893,60930,202534,0.7544388702850912,0.9025715482696975,0.4554438029765723,0.8246856386939392
0.30961490985628304,564477,674985,60905,202442,0.7544486887160885,0.902611523836631,0.4554209810385474,0.8247634928989646
0.3095971737987875,564477,674998,60905,202429,0.7544460670039559,0.902611523836631,0.4554162044413966,0.8247721433661895
0.3095097360602578,566828,678378,58554,199049,0.7564294663031856,0.9063708261510565,0.4552082145444208,0.8285856685713221
0.3094892600798599,566882,678454,58500,198973,0.7564752817289339,0.9064571733756328,0.45520405737889214,0.8286721732435726
0.30938580327473686,566889,678539,58493,198888,0.7564660487072706,0.9064683665343742,0.45517605192753013,0.8287333919347036
0.3093750985023245,566890,678554,58492,198873,0.7564641529213455,0.9064699655570515,0.455171007287361,0.828744038663596
0.30913824853458227,566926,678629,58456,198798,0.7564897815180501,0.9065275303734358,0.45515934663663987,0.8288179003452867
0.3090052434415197,567030,678721,58352,198706,0.7565889809645879,0.9066938287318791,0.45517121800424,0.8289483227742181
0.3086909128252834,567079,678866,58303,198561,0.7566151910901026,0.9067721808430688,0.4551396730995349,0.8290774143620381
0.30859900764439563,567230,679217,58152,198210,0.7567152929248461,0.907013633267347,0.4550775123210213,0.8294114554810359
0.3083368122077902,567235,679225,58147,198202,0.7567193384824071,0.9070216283807337,0.45507677743369224,0.8294201059482609
0.3081593009486868,567266,679257,58116,198170,0.75674797381359,0.9070711980837313,0.4550786467638383,0.8294620274432746
0.3080466930471487,567288,679311,58094,198116,0.7567619773823032,0.9071063765826327,0.45506855051223366,0.8295125994055133
0.3077401963564813,567318,679445,58064,197982,0.7567688848064358,0.9071543472629529,0.4550327528166941,0.8296217283766599
0.30725884708329,567442,679701,57940,197726,0.7568575636538922,0.907352626074943,0.45499353321952657,0.8298745881878535
0.307124197817376,567572,679891,57810,197536,0.756966341076839,0.9075604990229972,0.45498102949746805,0.8300875227657007
0.3070916741620495,567588,680019,57794,197408,0.7569586051182473,0.9075860833858346,0.4549413397007231,0.830183343325732
0.3069872110608287,567598,680067,57784,197360,0.7569602311750823,0.907602073612608,0.4549282058885999,0.8302219377179668
0.3069268748547439,567677,680217,57705,197210,0.7570193485822615,0.9077283964041178,0.45490802904733896,0.8303743190252387
0.3069051069644103,567875,680576,57507,196851,0.7571709068237449,0.9080450028942311,0.45486366705621606,0.8307449582748041
0.3068601510043344,567927,680659,57455,196768,0.7572129807253859,0.9081281520734527,0.4548561332579414,0.8308347900498333
0.30674853067935837,567958,680757,57424,196670,0.7572282649417651,0.9081777217764503,0.45483396932046144,0.830920629301528
0.3066727979903461,567979,680837,57403,196590,0.7572358695628988,0.9082113012526744,0.4548139998206301,0.8309878367776611
0.30661130927644253,568052,680990,57330,196437,0.757287558957705,0.9083280299081201,0.4547901511718581,0.8311382218232656
0.3065237900542134,568083,683441,57299,193986,0.7568280428834986,0.9083775996111176,0.4539129892834656,0.8327897956426931
0.30650666680411043,568105,683498,57277,193929,0.7568414212027238,0.9084127781100192,0.4539019161826873,0.8328423638665992
0.30650493597828965,568125,683546,57257,193881,0.7568543527801217,0.908444758563566,0.4538932355227532,0.8328876124643917
0.30623032437629494,568202,683644,57180,193783,0.7569216390373035,0.908567883309721,0.45389129333799844,0.8330040610616519
0.3061386685906121,568287,683801,57095,193626,0.7569860635717666,0.9087038002372949,0.4538714531247005,0.8331650928361488
0.30602653848359596,568345,683854,57037,193573,0.7570409355821561,0.9087965435525807,0.453877538634035,0.8332389545178396
0.3059357962425443,568346,683887,57036,193540,0.7570354106188434,0.908798142575258,0.4538660137530316,0.8332615788167359
0.30564430334276793,568350,683895,57032,193532,0.7570383185131333,0.9088045386659673,0.4538648587137501,0.8332695638634051
0.3055176130057672,568389,684092,56993,193335,0.7570426709152802,0.9088669005503837,0.45381047696531923,0.8334266031145674
0.3054926966824557,568402,684116,56980,193311,0.7570525241299654,0.908887687845189,0.45380745027217173,0.833451223675131
0.30545501156099264,568429,684192,56953,193235,0.7570677136149897,0.9089308614574771,0.4537916895852776,0.8335197619923757
0.3053695816691485,568498,684269,56884,193158,0.7571301669154928,0.9090411940222136,0.4537938818631078,0.8336169133935184
0.30530470126897,568587,684390,56795,193037,0.7572063427802067,0.9091835070404969,0.45378885645945616,0.8337566517102306
0.3051316052232832,568602,684449,56780,192978,0.7572113944066698,0.9092074923806569,0.4537740283515994,0.8338058928313579
0.3050224920749154,568696,684655,56686,192772,0.7572760666855044,0.9093578005123268,0.45374041270162946,0.8340055189980896
0.3046033794583326,568812,684920,56570,192507,0.7573536852308496,0.9095432871428982,0.4536950480644986,0.8342590442298389
0.30456152311273554,568828,684997,56554,192430,0.7573562325565666,0.9095688715057357,0.4536741570793372,0.8343209283415258
0.30432843349309247,568867,685085,56515,192342,0.7573825449742776,0.909631233390152,0.45365931072321747,0.8344054367521089
0.3043239005037035,568882,685129,56500,192298,0.7573906168994651,0.9096552187303121,0.45364992811067845,0.8344446965648995
0.30425535041899654,568912,685249,56470,192178,0.7574003065749054,0.9097031894106322,0.4536195911051292,0.8345445096482653
0.30420966790511794,568915,685257,56467,192170,0.7574020821684373,0.9097079864786642,0.45361800454802054,0.8345518292743789
0.3041030849979055,569044,685430,56338,191997,0.7575129086725726,0.909914260404041,0.45361163324229914,0.8347527862822222
0.30406817317376045,569057,685467,56325,191960,0.7575201301792414,0.9099350476988465,0.4536039167046625,0.8347860573100108
0.30396947618362313,569068,685587,56314,191840,0.7575083535599836,0.9099526369482972,0.4535653227381232,0.834873227402817
0.30325912996202176,569158,685821,56224,191606,0.757562810344823,0.9100965489892577,0.45351993937747165,0.8350888236628873
0.30325575291418516,569258,686021,56124,191406,0.7576354068761052,0.9102564512569917,0.4534912158970237,0.835288449829619
0.3032133758319733,569291,686121,56091,191306,0.7576525044317982,0.9103092190053439,0.4534694586319073,0.8353769507635368
0.3032001380733811,569312,686153,56070,191274,0.7576697640905905,0.9103427984815681,0.4534670420919739,0.8354122180529928
0.30310147123550013,569321,686186,56061,191241,0.7576732716091279,0.9103571896856641,0.45345904084963284,0.8354401657163352
0.3030891461791235,569340,686236,56042,191191,0.7576846422137902,0.9103875711165336,0.4534492535696764,0.8354860797346835
0.30306224538893645,569502,686468,55880,190959,0.7578207626457818,0.9106466127902626,0.4534359897131301,0.8357482554336579
0.3029510879745667,569603,686727,55779,190700,0.7578825490478884,0.9108081140806739,0.45338645101207486,0.835987806833736
0.30293626788077666,569634,686881,55748,190546,0.7578864850668287,0.9108576837836714,0.45334436914800064,0.836110909636554
0.3028994768315829,570128,687591,55254,189836,0.758300798005558,0.9116476009862772,0.4533031623120904,0.836912075985704
0.30285405608360616,570136,687642,55246,189785,0.7582995372018133,0.9116603931676959,0.45328825913634996,0.8369513357984947
0.30282021420017124,570157,687758,55225,189669,0.758299833246574,0.91169397264392,0.4532555856317796,0.8370424984146355
0.3027689139250006,570171,687849,55211,189578,0.7582972740340063,0.9117163589614028,0.45322888348356943,0.8371123675729917
0.3027141749188329,570214,687969,55168,189458,0.7583215837600283,0.9117851169365284,0.45320434308840607,0.8372208311235826
0.3027109918682215,570219,687979,55163,189448,0.7583252077412024,0.9117931120499151,0.4532029140087649,0.8372308124319192
0.3023828971810929,570255,688042,55127,189385,0.7583531148391215,0.9118506768662993,0.45319586711245435,0.8372966890669407
0.30228848850506673,570276,688091,55106,189336,0.758366922480548,0.9118842563425235,0.45318734518626125,0.8373432685058447
0.30225716914890377,570292,688107,55090,189320,0.7583817451774995,0.9119098407053609,0.45318853559165256,0.8373645619636294
0.3020205636250598,570301,688133,55081,189294,0.7583866539076725,0.9119242319094569,0.45318308310169625,0.8373878516830815
0.3019832598140456,570310,688155,55072,189272,0.7583923693474961,0.911938623113553,0.4531790713289603,0.8374084797203104
0.30192350576341775,570372,688310,55010,189117,0.7584310450746102,0.912037762519548,0.45315019997108086,0.8375528759809131
0.3015741674564836,570411,688456,54971,188971,0.7584455888277695,0.9121001244039643,0.45311458637012486,0.837675978783731
0.300941726851781,570456,688525,54926,188902,0.7584824288414148,0.9121720804244445,0.45310930029921026,0.8377518367270891
0.3008914250448971,570458,688537,54924,188890,0.7584822643020664,0.9121752784697993,0.45310585030123235,0.8377611526148699
0.3007789995879302,570487,688664,54895,188763,0.7584893579058463,0.912221650127442,0.45307274504805223,0.8378649582215704
0.3007605266407707,570584,688841,54798,188586,0.7585630556935968,0.912376755327144,0.4530511939972607,0.838047283453852
0.30055771827436994,570609,688884,54773,188543,0.7585825763801903,0.9124167308940775,0.4530465830298382,0.8380925320516446
0.3005177973612372,570618,688905,54764,188522,0.7585884902916764,0.9124311220981736,0.45304293768355164,0.8381124946683178
0.30023851602570983,570655,688951,54727,188476,0.758620937196069,0.9124902859372351,0.45304245930870446,0.8381677245744469
0.30000097632809186,571917,692652,53465,184775,0.7592966936326919,0.9145082525560377,0.452262391376034,0.8414702067927461
0.29982304865665943,571953,692742,53429,184685,0.7593190843983482,0.9145658173724219,0.4522457983940792,0.8415540497827735
0.2998033033218196,572013,692814,53369,184613,0.7593721250386647,0.9146617587330623,0.45224603839102107,0.8416418852961355
0.299786756848226,572088,693050,53294,184377,0.7594089839661918,0.9147816854338628,0.4521941479901797,0.8418488310889807
0.2997290136204137,572093,693054,53289,184373,0.7594138066066225,0.9147896805472495,0.4521948832823379,0.8418548198739827
0.2997043540008699,572241,693329,53141,184098,0.7595249712112613,0.9150263359034958,0.45216068648909186,0.8421362927690744
0.29956176476820895,572301,693450,53081,183977,0.7595681126882293,0.9151222772641362,0.4521434310539751,0.8422567338896693
0.29954065813477393,572304,693467,53078,183960,0.7595680618926186,0.9151270743321682,0.4521386569924576,0.8422700423007847
0.2995300692077728,572311,693488,53071,183939,0.7595717069423493,0.9151382674909095,0.45213418560134744,0.8422886740763463
0.2992658610760518,572336,693538,53046,183889,0.7595897650423289,0.915178243057843,0.452127146935635,0.8423385806180294
0.29922203103944545,572346,693577,53036,183850,0.7595931572832666,0.9151942332846165,0.45211754585389474,0.8423711862252622
0.2991687430554142,572395,693630,52987,183797,0.7596376215543617,0.9152725853958061,0.45211982385813865,0.8424390591219509
0.2991148026708208,572436,693735,52946,183692,0.7596625951276893,0.915338145325577,0.45210007179125095,0.8425362105230938
0.2991013876799249,572438,693749,52944,183678,0.7596620232687451,0.9153413433709316,0.4520959384356339,0.8425468572519861
0.2989862518857803,572947,694737,52435,182690,0.7600355193605454,0.9161552459136976,0.45196358082929183,0.8435429918239776
0.2988848442102464,572953,694776,52429,182651,0.7600344046585309,0.9161648400497616,0.45195227055624665,0.8435729357489874
0.29865174428496155,573018,694837,52364,182590,0.7600952198277543,0.9162687765237887,0.45195862302865863,0.8436567787390148
0.2985875065070026,573023,694880,52359,182547,0.7600921730627248,0.9162767716371754,0.45194545639532363,0.8436887189256919
0.29842202262354367,573029,694919,52353,182508,0.7600910577491408,0.9162863657732394,0.45193414871903265,0.8437186628507016
0.29830364630958006,573046,695010,52336,182417,0.7600918297615864,0.9163135491587542,0.45190906395301156,0.843790528270725
0.2982979349539526,573714,696263,51668,181164,0.760590268341153,0.917381696307217,0.4517514884127823,0.8450688011583641
0.29802985999139875,573761,696372,51621,181055,0.7606211162668118,0.917456850373052,0.4517330074881922,0.8451726067650647
0.29773916038701265,574613,698750,50769,178677,0.761098797289776,0.9188192176941453,0.4512562403650805,0.8473219151602099
0.2974283545020524,574638,698774,50744,178653,0.7611220310786396,0.9188591932610788,0.4512585086366392,0.8473545207674429
0.297398151735473,574647,698788,50735,178639,0.761129314380035,0.9188735844651749,0.4512574257814494,0.8473698254402257
0.29733444533247044,574693,698957,50689,178470,0.7611468916167662,0.9189471395083325,0.4512173674086287,0.8475128908597167
0.2972012219898077,574707,698975,50675,178452,0.7611589818844514,0.9189695258258153,0.4512170227733453,0.8475341843175014
0.2969046669041089,574774,699020,50608,178407,0.761225135233498,0.919076660345197,0.45122994769954955,0.8476087114197479
0.29660116233918143,574961,699472,50421,177955,0.7613439333721932,0.9193756775858595,0.4511504331730268,0.8480339151548866
0.29657298959939915,574963,699483,50419,177944,0.761343960525152,0.9193788756312142,0.4511474005175582,0.8480425656221117
0.29645122658501655,574998,699536,50384,177891,0.7613725622089892,0.919434841424921,0.4511437121332189,0.8481011226310197
0.296322072933934,575091,699944,50291,177483,0.761394686120687,0.9195835505339137,0.45103938323261716,0.8484344983294617
0.29629203548515204,575112,699993,50270,177434,0.7614083761911734,0.9196171300101378,0.45103109155716586,0.8484810777683658
0.2961405794829839,575119,700037,50263,177390,0.7614073615902204,0.9196283231688792,0.45101854204505176,0.8485150142167102
0.2960977858997138,575185,700171,50197,177256,0.7614544158623882,0.9197338586655835,0.45099956404329455,0.8486480983278647
0.29602342332914466,575200,700225,50182,177202,0.7614603623608767,0.9197578440057437,0.4509869259266519,0.848694012346213
0.29596170432373303,576209,702125,49173,175302,0.7622090436105868,0.9213712578871793,0.45074996049545735,0.8506297207429554
0.29588332815418605,576218,702169,49164,175258,0.7622102613418555,0.9213856490912754,0.4507383132024966,0.8506649880324113
0.2957901815352867,576225,702179,49157,175248,0.7622160927762721,0.9213968422500168,0.4507377949380634,0.8506763001818595
0.29576553291906404,576234,702223,49148,175204,0.7622173103861524,0.9214112334541128,0.45072614878717077,0.8507115674713154
0.2957249166121725,576249,702290,49133,175137,0.7622206167245184,0.9214352187942729,0.4507089732890432,0.8507661319568888
0.2956816148405862,576265,702337,49117,175090,0.7622290767777827,0.9214608031571103,0.450699279369186,0.8508080534519024
0.29557437137121445,576276,702396,49106,175031,0.7622295116660495,0.9214783924065612,0.45068320882916024,0.8508546328908064
0.2954699906180287,576321,702486,49061,174941,0.7622618101305837,0.9215503484270414,0.45067082053820473,0.8509444646658357
0.295459049086763,576663,703334,48719,174093,0.7624741341125604,0.9220972141826915,0.45051902465396404,0.8517363151272052
0.2951015767787052,576664,703348,48718,174079,0.7624724318663825,0.9220988132053689,0.45051452642631473,0.8517462964355417
0.2950910288367474,577003,704067,48379,173360,0.7627072715630897,0.922640881892987,0.4504070815802415,0.8524503113835491
0.29481123844458634,577009,704087,48373,173340,0.7627099600700467,0.922650476029051,0.45040262400319725,0.8524676123179992
0.29480230312473543,577042,704090,48340,173337,0.7627463213717331,0.9227032437774032,0.4504157260922372,0.852491567458007
0.2947911389444121,577072,704176,48310,173251,0.7627625849376225,0.9227512144577235,0.4503983615974425,0.8525687562424766
0.29453512299254014,577075,704186,48307,173241,0.7627639289423755,0.9227560115257555,0.4503961331844175,0.8525774067097016
0.2944032630091937,577566,705029,47816,172398,0.7631437984441838,0.9235411316603293,0.4503105033155439,0.8534650777311023
0.29429433990427645,577579,705180,47803,172247,0.763127902297051,0.9235619189551346,0.4502630657824268,0.8535742067022489
0.29415360243997357,577591,705230,47791,172197,0.7631312545433838,0.9235811072272627,0.45025065850964396,0.8536154627767069
0.2941361131009804,577600,705270,47782,172157,0.7631332645245029,0.9235954984313588,0.4502404764317507,0.8536480683839397
0.29371072161083134,577674,705372,47708,172055,0.7631955406341638,0.9237138261094819,0.4502363905892696,0.8537651824017557
0.2936114262809828,577708,705436,47674,171991,0.7632206965359217,0.9237681928805115,0.45022850124381986,0.8538303936162214
0.29350996574533494,578037,706058,47345,171369,0.7634635038935467,0.9242942713413561,0.4501512738543488,0.8544632085647611
0.2934093913917547,578039,706066,47343,171361,0.7634641287203487,0.9242974693867109,0.450149325795009,0.8544698627703188
0.29335481551310816,578139,706425,47243,171002,0.7635036338261194,0.9244573716544447,0.4500663260063337,0.8547752908054184
0.29325313268614317,578142,706444,47240,170983,0.7635031591758726,0.9244621687224768,0.45006095349007386,0.8547899300576454
0.2932428488048444,578179,706514,47203,170913,0.7635304436798591,0.9245213325615383,0.4500522692970227,0.8548611300571131
0.2929423948348755,578262,706924,47120,170503,0.7635406317984406,0.9246540514437576,0.4499442104100107,0.855189182391109
0.2927857484951649,578286,707041,47096,170386,0.763543890642763,0.9246924279880138,0.4499135239514925,0.8552830066894729
0.2927165718589114,578473,707824,46909,169603,0.7635952030518833,0.9249914452286763,0.44971962151820305,0.8559284646285722
0.2923441193709506,578473,707837,46909,169590,0.7635925823649269,0.9249914452286763,0.4497150764590184,0.8559371150957973
0.29232632782773726,578492,707877,46890,169550,0.7636057685834646,0.9250218266595457,0.4497092202937104,0.8559763749085878
0.2920626268262031,578497,707904,46885,169523,0.7636059176399558,0.9250298217729324,0.44970192031878087,0.8559976683663726
0.2920606214823128,578514,707929,46868,169498,0.7636198904373872,0.9250570051584471,0.44970045310985407,0.856025616029715
0.29194572339437874,578528,707963,46854,169464,0.7636286935202806,0.9250793914759299,0.44969455674388703,0.8560575562163921
0.2918599547960431,578532,707990,46850,169437,0.763627724026874,0.9250857875666393,0.4496868300736404,0.856078184253621
0.29155008302639474,578546,708016,46836,169411,0.7636381395373394,0.925108173884122,0.44968373074908163,0.856104801075852
0.2913366414651982,578599,708134,46783,169293,0.7636736222768178,0.925192922086021,0.44966515974953625,0.856218587990889
0.29118598262459905,578711,708547,46671,168880,0.7637156070572474,0.9253720126258831,0.44956877331506195,0.8565679337826696
0.2911360727695329,578763,708643,46619,168784,0.763754396355281,0.9254551618051047,0.44955748225501513,0.856666416024924
0.29100859290297554,578772,708681,46610,168746,0.7637567989916022,0.9254695530092008,0.4495480611719418,0.8566976907910453
0.2909674274183096,578791,708712,46591,168715,0.7637717928409664,0.9254999344400703,0.4495453602826556,0.8567309618188339
0.2909030120632181,578863,708980,46519,168447,0.7637982662557982,0.9256150640728387,0.44948258444546424,0.8569572048077966
0.29071885108635,579376,709818,46006,167609,0.7642027033372535,0.9264353627063139,0.4494094759981818,0.8578561879786453
0.290612820292088,579400,709854,45982,167573,0.764222263374681,0.9264737392505701,0.44940717655326257,0.8578961132119917
0.29059593623660396,579604,710121,45778,167306,0.7643963618360473,0.9267999398767474,0.44940122894415474,0.8582095262937606
0.29045113520100607,579692,710301,45690,167126,0.7644583796318153,0.9269406538723532,0.44937608188571565,0.8583878590027076
0.2903616917652554,579723,710370,45659,167057,0.7644790974625365,0.9269902235753508,0.44936527831714457,0.8584544010582849
0.2903487812874227,579730,710435,45652,166992,0.7644738115664955,0.9270014167340921,0.4493456263346161,0.8585023113383005
0.29024605830881234,579750,710451,45632,166976,0.7644929265778224,0.9270333971876389,0.4493485898708806,0.8585262664783083
0.2902353684887916,579751,710469,45631,166958,0.7644904144473736,0.9270349962103163,0.449342747748446,0.858538909468868
0.29017960637641915,579775,710522,45607,166905,0.76450653708966,0.9270733727545724,0.44933453305711785,0.8585901468516625
0.29011805855484796,579794,710561,45588,166866,0.7645198968428087,0.9271037541854419,0.4493290606073522,0.8586287412438972
0.28999528527707374,579801,710573,45581,166854,0.7645252962761169,0.9271149473441832,0.44932786928440904,0.8586413842344569
0.2898441246148622,579855,710770,45527,166657,0.764545892531235,0.9272012945687595,0.44928232445520583,0.8588084047939558
0.28981636471854366,579914,710912,45468,166515,0.7645831586397261,0.9272956369067226,0.44925807196322354,0.8589421543256661
0.2897035727220172,579924,710953,45458,166474,0.7645860608242,0.927311627133496,0.44924806933580813,0.8589760907740105
0.28968019466988426,579966,711044,45416,166383,0.7646146195502853,0.9273787860859443,0.44923432041579847,0.8590645917079283
0.2895852291893335,580006,711144,45376,166283,0.7646391283415044,0.9274427469930379,0.44921658986175117,0.8591577505857364
0.2895307206325255,580037,711213,45345,166214,0.7646598350865778,0.9274923166960354,0.44920580832526624,0.8592242926413137
0.28932920279340135,580077,711471,45305,165956,0.764652487848912,0.927556277603129,0.4491331332633398,0.8594225879669339
0.2891960674319569,580077,711483,45305,165944,0.7646500687566437,0.927556277603129,0.44912896032704636,0.8594305730136031
0.28898317556531405,580115,711544,45267,165883,0.7646802016351949,0.9276170404648679,0.4491239560905781,0.8594964496486247
0.28871221343610753,580156,711747,45226,165680,0.7646850568785882,0.9276826003946388,0.4490708667756016,0.8596588122642331
0.28845647066844826,580177,711788,45205,165639,0.7647002380128288,0.927716179870863,0.4490655706617439,0.8597000683386911
0.2883301308528715,580196,711835,45186,165592,0.7647119762734678,0.9277465613017324,0.4490573368595645,0.8597439860953721
0.2879596013991882,580464,712468,44918,164959,0.764883540740975,0.9281750993792593,0.4489516850074095,0.8603435300161232
0.28782644917640887,580560,712685,44822,164742,0.7649469414903078,0.928328605556284,0.44891725852410025,0.8605518066500799
0.2878216086703975,580606,712811,44776,164616,0.7649728783948121,0.9284021605994416,0.4488931257282068,0.8606662589856728
0.2878131254423901,580618,712834,44764,164593,0.7649816336317978,0.9284213488715697,0.4488902564610051,0.8606895487051248
0.28779004825357335,580661,712937,44721,164490,0.7650088560959505,0.9284901068466953,0.44887283375515424,0.8607867001062677
0.2876976665908506,580682,713041,44700,164386,0.7650113259966205,0.9285236863229195,0.4488456957169348,0.8608698776757392
0.28759680147797895,580688,713058,44694,164369,0.7650145944666973,0.9285332804589834,0.44884235390872707,0.860885182348522
0.28757209981260434,580698,713108,44684,164319,0.765015674509806,0.9285492706857569,0.4488292680664644,0.8609251075818684
0.2874809596907406,580757,713246,44625,164181,0.7650536907747559,0.9286436130237199,0.4488065329060288,0.8610561954313556
0.2874565929665015,580790,713336,44592,164091,0.7650723696100856,0.9286963807720721,0.44878937599584584,0.8611380421597156
0.2874553041800695,580818,713469,44564,163958,0.765076801688175,0.9287411534070377,0.44875518335577813,0.8612451748691949
0.2874357645675023,580839,713488,44543,163939,0.7650964012060524,0.9287747328832617,0.4487575396325658,0.8612717916914259
0.28741740455182796,581429,714797,43953,162630,0.7654906031301659,0.9297181562628921,0.448555267368499,0.8625354253268379
0.2873696644199172,581520,715008,43862,162419,0.7655495337614822,0.92986366732653,0.4485209729369516,0.8627363823346813
0.28728968956180223,581595,715164,43787,162263,0.7656017041366279,0.9299835940273304,0.44849891151709764,0.8628900944830648
0.2868588339596654,581629,715259,43753,162168,0.7656204586332829,0.9300379607983601,0.44848051643626896,0.8629759337347593
0.28680892950602976,581673,715323,43709,162104,0.765656607671822,0.930108317796163,0.448477096305617,0.8630477991547828
0.28672811043435076,581682,715354,43700,162073,0.7656603916637972,0.9301227090002591,0.44847020437366425,0.8630744159770137
0.2867234126380076,581725,715412,43657,162015,0.7656966328960306,0.9301914669753847,0.4484684347142977,0.8631416234531467
0.28664372991780274,581929,715635,43453,161792,0.7658790574168775,0.930517667601562,0.4484780712165257,0.8634257580304616
0.2866409069877872,581984,715821,43398,161606,0.7659028571594014,0.9306056138488156,0.4484371689121247,0.8635861243844029
0.286610417305427,581993,715884,43389,161543,0.7659001870029649,0.9306200050529116,0.4484192261670405,0.8636340346644185
0.286506930513698,582011,715942,43371,161485,0.765908554352555,0.9306487874611038,0.4484068375357197,0.8636846066266571
0.286183181136615,582450,717169,42932,160258,0.7661503225210706,0.9313507584164559,0.4481698097673241,0.8647931972725742
0.286050911451982,582501,717298,42881,160129,0.7661811256963686,0.9314323085730002,0.4481469827257907,0.8649129729726133
0.2860409632288109,582505,717313,42877,160114,0.7661825574414958,0.9314387046637096,0.4481435093220743,0.864925615963173
0.2859063741053368,582524,717394,42858,160033,0.7661873929025955,0.931469086094579,0.4481236508764399,0.8649921580187502
0.28578844902477807,582566,717432,42816,159995,0.7662265100909477,0.9315362450470273,0.4481283817359719,0.865045391663212
0.2856340117290921,582570,717476,42812,159951,0.766222096426375,0.9315426411377367,0.44811491285692967,0.8650773318498891
0.285579756339546,582621,717658,42761,159769,0.7662422106119537,0.931624191294281,0.44807383646125176,0.8652323748393841
0.28551864368131297,582628,717697,42754,159730,0.7662421456063662,0.9316353844530223,0.4480633687731913,0.8652629841849496
0.2854217642394715,582630,717701,42752,159726,0.7662435666341124,0.9316385824983769,0.4480628393847413,0.8652669767082843
0.2853778831849316,582664,717786,42718,159641,0.7662642971632134,0.9316929492694065,0.4480479833903649,0.8653461617544213
0.28537063567903687,582712,717880,42670,159547,0.7662988017211451,0.9317697023579189,0.44803597131152584,0.8654406514733409
0.28536094070051665,582800,718121,42582,159306,0.766348214006289,0.9319104163535247,0.44799030840458415,0.86565957483619
0.2852762118952519,582849,718173,42533,159254,0.766392289384755,0.9319887684647143,0.4479931930436226,0.8657267823123231
0.28524523858818684,582885,718255,42497,159172,0.7664158427714436,0.9320463332810985,0.4479802327190003,0.8658053019379043
0.28519352632380024,582887,718274,42495,159153,0.7664142400285693,0.9320495313264533,0.44797453966111805,0.8658192757695755
0.2851652248523934,582927,718382,42455,159045,0.7664370047940524,0.9321134922335469,0.4479543290640424,0.8659177580118298
0.2849975249362906,582940,718410,42442,159017,0.7664458339184165,0.9321342795283523,0.44795020555576903,0.8659450402546165
0.28473627008856606,582983,718534,42399,158893,0.7664687112563748,0.9322030375034779,0.4479257666246388,0.8660561654874306
0.284728587832491,583001,718584,42381,158843,0.7664786715514369,0.93223181991167,0.44791619448595366,0.8661014140852231
0.28455144579144376,583010,718632,42372,158795,0.7664790161891264,0.932246211115766,0.44790349420193876,0.8661393430569021
0.28454696858914597,583103,718882,42279,158545,0.7665321506722864,0.9323949202247587,0.44785692615506323,0.8663675823075321
0.2845009227328934,583116,718940,42266,158487,0.7665349312648281,0.932415707519564,0.4478424891095314,0.8664148271669919
0.2844723830394814,583139,719007,42243,158420,0.7665470279524481,0.9324524850411429,0.4478291988763165,0.8664747150170115
0.28440947754363854,583148,719034,42234,158393,0.7665516035659922,0.9324668762452389,0.4478237297090576,0.8664986701570193
0.2842369998380543,583201,719110,42181,158317,0.7665952738798882,0.9325516244471379,0.44782006755682785,0.8665845094087139
0.2840575120263398,583236,719333,42146,158094,0.7665892851838426,0.9326075902408448,0.44775823775938167,0.8667561879121033
0.2840286985401954,583331,719595,42051,157832,0.7666422041112864,0.932759497395192,0.4477084654078589,0.866993743050514
0.2840252715443854,583393,719745,41989,157682,0.7666809648994156,0.9328586368011871,0.447683207764642,0.8671348122083379
0.28400061065649507,583401,719789,41981,157638,0.7666809997482074,0.9328714289826058,0.4476714830531235,0.867169414077238
0.2839188928250952,583413,719864,41969,157563,0.7666792384892261,0.9328906172547339,0.44765080639035293,0.8672273056655903
0.2839138580636623,583417,719891,41965,157536,0.7666782484185914,0.9328970133454433,0.447643227847907,0.8672479337028192
0.28372023047427297,583475,719988,41907,157439,0.7667232327224953,0.9329897566607289,0.44763449365267755,0.8673510738889639
0.28367546671466426,583584,720141,41798,157286,0.7668136652149016,0.933164050132559,0.44762814243801413,0.8675254140745764
0.28356367650445524,583654,720277,41728,157150,0.7668641286110296,0.9332759817199727,0.4476111082564952,0.8676624907090655
0.2835342434843052,583702,720348,41680,157079,0.7669032141766638,0.933352734808485,0.4476070702810475,0.8677416757552024
0.283499845493806,583719,720412,41663,157015,0.7669092264966462,0.9333799181939998,0.44759230476079476,0.86779557482022
0.2834662426081732,584087,721082,41295,156345,0.7671834664014499,0.9339683585392609,0.44751829073476307,0.8684862813571119
0.2833322071023079,584237,721812,41145,155615,0.7672031320706055,0.9342082119408618,0.4473316085384239,0.8690718514461918
0.28312570101300794,584243,721840,41139,155587,0.7672041602989381,0.9342178060769257,0.447324557474525,0.869094475745088
0.28293729563178727,584249,721850,41133,155577,0.7672088153592775,0.9342274002129898,0.44732367148278956,0.8691051224739804
0.2828694251207353,584266,721870,41116,155557,0.7672236836023346,0.9342545835985046,0.44732401526334165,0.8691297430345439
0.2826782026362151,584281,721948,41101,155479,0.7672246416985118,0.9342785689386647,0.44730365043189213,0.8691916271462308
0.2825416687229071,584762,722630,40620,154797,0.7676217930541991,0.935047698846465,0.44727365625611903,0.8699655112525944
0.2825154980271891,584809,722767,40573,154660,0.7676464071340662,0.9351228529123,0.44724666099714283,0.8700879486348565
0.28248209800639335,585020,723125,40362,154302,0.7678086806925424,0.9354602466972186,0.44721342053059865,0.8704665729310911
0.2824740290751455,585050,723192,40332,154235,0.7678285040829237,0.9355082173775389,0.447203193292984,0.870531118725001
0.2824630731731794,585055,723210,40327,154217,0.7678304306821919,0.9355162124909255,0.4471991530767849,0.8705464233977838
0.28245309920807204,585158,723620,40224,153807,0.7678622136909738,0.9356809118266916,0.4471025643768462,0.870887784142895
0.28244652371262247,585173,723638,40209,153789,0.7678752467956264,0.9357048971668516,0.4471027520398285,0.8709097430212356
0.28240432035934937,585289,723739,40093,153688,0.7679837273090856,0.9358903837974231,0.44711725035675326,0.8710541392818382
0.2823472933005914,585315,723826,40067,153601,0.7679950685824457,0.9359319583870338,0.4470985172720127,0.8711293318046405
0.28231348977658677,585321,723833,40061,153594,0.7680003212023464,0.9359415525230979,0.4470986606617709,0.8711379822718656
0.2820355286102667,585410,724027,39972,153400,0.7680600582792022,0.9360838655413811,0.44707000031311167,0.8713262962891491
0.2818633870611603,585421,724045,39961,153382,0.7680686456079437,0.9361014547908318,0.4470684996784949,0.8713455934852666
0.2817025935213785,585423,724053,39959,153374,0.768069254191284,0.9361046528361865,0.44706661290470384,0.8713522476908243
0.28165985698132634,585440,724088,39942,153339,0.7680810777905126,0.9361318362217013,0.44706184212937794,0.8713868495597245
0.2815757086755395,585457,724133,39925,153294,0.7680908856666206,0.936159019607216,0.44705365801510394,0.8714281056341824
0.2815197609520883,585485,724204,39897,153223,0.7681076674458579,0.9362037922421815,0.4470412441426934,0.8714939822692038
0.28145341935868884,585598,724652,39784,152775,0.7681428456746432,0.936384481804721,0.4469360809005915,0.8718672832009923
0.28130364039594213,585625,724682,39757,152745,0.7681667753194984,0.9364276554170091,0.44693724447782085,0.8719052121726714
0.28127423978525834,585639,724766,39743,152661,0.7681653901052301,0.9364500417344919,0.446914503531351,0.871970423387137
0.28104408221344823,585648,724798,39734,152629,0.7681689329465521,0.9364644329385879,0.4469073887821398,0.8719977056299237
0.28093191609572,585661,724841,39721,152586,0.7681746995695207,0.9364852202333933,0.44689821152504916,0.872034969181047
0.280929838993364,585693,724894,39689,152533,0.7681995427734998,0.9365363889590682,0.4468936438405081,0.8720915299282876
0.2808556469220992,585718,724961,39664,152466,0.7682137932174197,0.9365763645260017,0.44688134928537043,0.8721527486194187
0.2807521743873588,585812,725171,39570,152256,0.7682758161222355,0.9367266726576716,0.44684942520231,0.8723550364683735
0.2807505099927008,585817,725186,39565,152241,0.7682783431793735,0.9367346677710583,0.4468464221668448,0.872368344879489
0.2803303468974623,585850,725255,39532,152172,0.7683010664808283,0.9367874355194106,0.4468368284767429,0.8724362177761779
0.2802760301563929,585855,725305,39527,152122,0.7682965403935491,0.9367954306327972,0.446821898166509,0.8724728159067453
0.2802624179369462,585877,725338,39505,152089,0.7683143080978707,0.9368306091316987,0.4468199341831812,0.8725094140373127
0.2801635742720663,585919,725488,39463,151939,0.7683306953829531,0.9368977680841469,0.4467865430030494,0.8726371747840211
0.28005668671177364,585936,725517,39446,151910,0.7683437184711909,0.9369249514696617,0.4467838344187706,0.8726677841295867
0.2799890308488616,586362,726414,39020,151013,0.7686356409976761,0.9376061351302084,0.44665807418782794,0.8735481355248738
0.2799752372731342,586382,726441,39000,150986,0.768652386736302,0.9376381155837552,0.4466573178562533,0.8735794102909951
0.27994785899558305,586419,726554,38963,150873,0.7686706596747517,0.9376972794228168,0.4466344700157581,0.873679223374361
0.2797458613576975,586649,727633,38733,149794,0.7687083476378541,0.9380650546386049,0.446364631030479,0.8745502588818672
0.2797242688872025,586673,727675,38709,149752,0.7687264994984113,0.938103431182861,0.44636047682957636,0.8745941766385482
0.2796041148058589,586692,727754,38690,149673,0.7687316527837978,0.9381338126137305,0.44634165268105347,0.8746593878530139
0.27958123095413434,586707,727818,38675,149609,0.7687353923019413,0.9381577979538905,0.44632623951617506,0.87471195607692
0.2794982364141162,586745,727966,38637,149461,0.7687477120798776,0.9382185608156295,0.44629199877387504,0.8748357243002937
0.27947679904887257,586749,727986,38633,149441,0.76874811825076,0.9382249569063389,0.4462868943171057,0.8748516943936322
0.27942274037410997,586754,727998,38628,149429,0.768751244667582,0.9382329520197256,0.4462849267390352,0.8748630065430804
0.279354274132687,587437,730842,37945,146585,0.7689354462149528,0.9393250845083485,0.4456090099288542,0.8772099448432902
0.2793001639669851,587447,730850,37935,146577,0.7689449123978193,0.9393410747351219,0.4456105111367165,0.877221922413294
0.27901024305093625,587465,730922,37917,146505,0.7689503562252039,0.939369857143314,0.4455937444771528,0.8772818102633135
0.27893751511686227,587495,730975,37887,146452,0.768972915692626,0.9394178278236341,0.4455884472153329,0.8773370401694427
0.27886311396512986,587506,731089,37876,146338,0.7689621512186912,0.939435417073085,0.44555454859149324,0.8774202177389142
0.27866726726984936,587506,731102,37876,146325,0.7689595344249525,0.939435417073085,0.4455501559220026,0.8774288682061393
0.27865467258725785,587512,731134,37870,146293,0.7689597384831162,0.9394450112091489,0.4455418664296559,0.8774541541872587
0.2785325186489338,587557,731227,37825,146200,0.768990857291237,0.9395169672296293,0.445529366446666,0.8775459822239553
0.2784323125388172,587616,731480,37766,145947,0.7690052724371725,0.9396113095675923,0.44546871493810913,0.8777535934373563
0.2783769394754807,587703,731616,37679,145811,0.7690742392982498,0.9397504245405208,0.44545936198902614,0.8779019822212936
0.27834371673684655,587707,731626,37675,145801,0.769076655759003,0.9397568206312302,0.4454576668665151,0.8779112981090744
0.27829889078841497,587716,731657,37666,145770,0.7690803818261713,0.9397712118353263,0.4454509831563932,0.8779379149313054
0.2781935838913909,587726,731677,37656,145750,0.7690874292155498,0.9397872020620996,0.4454484338750177,0.8779578775479785
0.27818276267562725,587732,731695,37650,145732,0.7690904499006138,0.9397967961981637,0.4454448787238703,0.877973847641317
0.27810472661521535,587746,731749,37636,145678,0.7690950826519495,0.9398191825156464,0.44543253290084467,0.8780190962391096
0.2780800512150897,587749,731773,37633,145654,0.7690935737559048,0.9398239795836785,0.4454256920309021,0.8780370625941154
0.27803028642354055,587760,731818,37622,145609,0.7690966960874679,0.9398415688331292,0.44541512513849124,0.8780743261452387
0.2779621959485086,587769,731840,37613,145587,0.7691022331834739,0.9398559600372253,0.44541148173436224,0.8780949541824676
0.2779505512718683,587798,732012,37584,145415,0.7690997237093395,0.9399023316948681,0.44536562080905584,0.8782287037141779
0.27791614342912097,587876,732123,37506,145304,0.7691637400442284,0.9400270554637006,0.44536094345526017,0.8783544681992189
0.277914146224264,587991,732244,37391,145183,0.7692666970714824,0.9402109430715947,0.44536843819471533,0.8785115074503812
0.27787067778554375,588392,732966,36990,144461,0.7695651923703715,0.9408521511652078,0.44529340269631695,0.8792587747345139
0.27785484579926634,588407,732995,36975,144432,0.7695759535225599,0.9408761365053679,0.44528992691096275,0.8792880532389679
0.2778513532584236,588421,733027,36961,144400,0.7695850039341079,0.9408985228228507,0.4452850206742906,0.8793186625845334
0.27783204989977406,588435,733086,36947,144341,0.769588618926935,0.9409209091403334,0.4452710172596576,0.8793672382851048
0.2777288086725611,588443,733120,36939,144307,0.7695906270606689,0.9409337013217521,0.4452629197397324,0.8793951859484472
0.2776688540100465,588461,733148,36921,144279,0.7696049082206575,0.9409624837299443,0.4452610416545287,0.8794257952940128
0.27765426435281926,588468,733173,36914,144254,0.7696076213214744,0.9409736768886856,0.44525555729581634,0.8794470887517974
0.2776495057208286,588492,733245,36890,144182,0.769619683699665,0.9410120534329418,0.445241375553533,0.8795109691251516
0.277634685349065,588521,733300,36861,144127,0.7696406998157898,0.9410584250905847,0.4452350204755409,0.8795668644518365
0.27761539272176716,588548,733362,36834,144065,0.7696580930565632,0.9411015987028728,0.4452254692074347,0.8796260868813003
0.27755464818299824,588680,733588,36702,143839,0.7697586377515956,0.9413126696962816,0.44520475425556694,0.8798643074402669
0.2774973262334436,588682,733604,36700,143823,0.7697576294244438,0.9413158677416363,0.44520020630937635,0.8798762850102708
0.2773517033928299,588691,733621,36691,143806,0.7697641637725428,0.9413302589457324,0.44519825880730113,0.8798935859447209
0.27734715082692907,588749,733788,36633,143639,0.7697947079874427,0.941423002261018,0.44516637341715204,0.8800433055697697
0.277304070491291,588753,733798,36629,143629,0.7697971197770758,0.9414293983517275,0.445164685520634,0.8800526214575505
0.2772408549608669,588773,733831,36609,143596,0.7698126006110668,0.9414613788052743,0.445161968359388,0.8800878887470064
0.2772291417077736,588796,733915,36586,143512,0.7698211330411097,0.9414981563268531,0.44514334574975184,0.8801590887464741
0.27716212821307495,588904,734151,36478,143276,0.769893083768871,0.9416708507760057,0.4451092358216401,0.8803879934176598
0.2769270068629719,588910,734158,36472,143269,0.7698983108281241,0.9416804449120697,0.44510939724942333,0.8803966438848849
0.27684593894832243,588910,734169,36472,143258,0.7698960965139686,0.9416804449120697,0.4451056966364064,0.8804039635109984
0.2768312968346093,589536,735041,35846,142386,0.7704127304399644,0.9426814331080844,0.4450749182569228,0.8814007635035457
0.2768296018735401,589550,735134,35832,142293,0.770409480708335,0.9427038194255671,0.4450495363422522,0.8814719635030134
0.27681379285393104,589562,735177,35820,142250,0.7704140876734425,0.9427230076976951,0.4450401173363206,0.8815085616335808
0.27677969807506375,589570,735221,35812,142206,0.7704140715920444,0.9427357998791139,0.445028687543922,0.8815431635024811
0.2767135203666913,589574,735237,35808,142190,0.7704152716212547,0.9427421959698232,0.44502498847005345,0.8815564719135964
0.2765428765451553,589639,735515,35743,141912,0.7704311463560337,0.9428461324438503,0.4449588500657282,0.8817847111642264
0.27652805168055183,589645,735542,35737,141885,0.7704323421002086,0.9428557265799143,0.444952297298419,0.881806670042567
0.276396533614657,589673,735685,35709,141742,0.7704344994860051,0.9429004992148798,0.44491601514458734,0.881920456957604
0.276386017642854,589725,735789,35657,141638,0.7704710321966678,0.9429836483941015,0.4449028829571019,0.8820242625643046
0.2763504402692377,589740,735817,35642,141610,0.7704819725718138,0.9430076337342617,0.44489976666412684,0.8820528756482028
0.27633587534291515,589781,735864,35601,141563,0.7705178208562822,0.9430731936640325,0.44490116132146995,0.8821114326571108
0.27595308796808304,589821,735919,35561,141508,0.770550951749394,0.9431371545711261,0.44489945238131157,0.8821746476099092
0.27594633859734385,589824,735928,35558,141499,0.7705524550072114,0.9431419516391581,0.4448976882554203,0.8821826326565785
0.2757059146227848,589839,735955,35543,141472,0.7705635951195118,0.9431659369793183,0.4448949082587491,0.882210580319921
0.2755878592379628,589912,736183,35470,141244,0.7705983583022675,0.943282665634764,0.4448489738668798,0.8824108719072085
0.2755281567461233,589915,736213,35467,141214,0.7705956334634042,0.9432874627027961,0.44484016625846073,0.8824328307855489
0.2755091633373973,589934,736277,35448,141150,0.7706037428361756,0.9433178441336655,0.4448266527724472,0.8824880606916781
0.2754855793911529,589943,736312,35439,141115,0.7706066409720719,0.9433322353377616,0.4448186811736808,0.8825173391961321
0.2754653145858229,590482,737580,34900,139847,0.7709467593136602,0.9441941085608476,0.4446193024120862,0.883719754140413
0.2754362195344131,590557,737843,34825,139584,0.770976634547699,0.944314035261648,0.4445626317374285,0.8839446662882642
0.27533165049475194,590561,737850,34821,139577,0.7709796422345108,0.9443204313523574,0.4445619616218173,0.8839519859143776
0.27532357830356524,590684,738155,34698,139272,0.7710540530450476,0.9445171111416703,0.44451133658780334,0.8842367859122483
0.27530119024574773,590735,738256,34647,139171,0.7710900272260757,0.9445986612982146,0.4444988717004103,0.8843379298367258
0.2752576398381652,590738,738284,34644,139143,0.7710877028103014,0.9446034583662466,0.44449076087529027,0.8843585578739547
0.27521649261603776,590741,738305,34641,139122,0.7710867875153958,0.9446082554342786,0.44448499149013654,0.8843745279672932
0.2752087184824391,590764,738369,34618,139058,0.7710992959178585,0.9446450329558573,0.444473201703667,0.8844324195556454
0.27517083340504467,590770,738420,34612,139007,0.7710956536085403,0.9446546270919214,0.44445865527125544,0.8844703485273245
0.27516482570664746,590781,738442,34601,138985,0.7711033685039826,0.9446722163413721,0.4444558964146723,0.884492307405665
0.2750860036221173,590857,738737,34525,138690,0.7711278836852494,0.94479374206485,0.4443890390600439,0.8847391784318566
0.2749987592598142,590870,738772,34512,138655,0.7711351884672306,0.9448145293596554,0.4443827737090134,0.8847711186185337
0.27486896811202377,590943,738938,34439,138489,0.7711823509314719,0.9449312580151011,0.44435780344256365,0.8849301541313633
0.2746107699055377,591566,740940,33816,136487,0.7714668153699211,0.9459274491430838,0.4439499709569788,0.8866768830902663
0.2745604773810044,591572,740961,33810,136466,0.7714692071931041,0.9459370432791477,0.4439454782733336,0.8866948494452721
0.27445325569103596,591583,740997,33799,136430,0.7714740951480762,0.9459546325285986,0.44393807501238197,0.8867261242113935
0.27444786364416673,591590,741017,33792,136410,0.7714777909489363,0.9459658256873399,0.44393433322802595,0.8867440905663994
0.2743608532891043,591672,741262,33710,136165,0.7715189249495757,0.9460969455468817,0.44388694413976987,0.8869616830881369
0.2741754767691542,591689,741371,33693,136056,0.7715157404133117,0.9461241289323965,0.4438577408368716,0.8870455260781643
0.2741454828782828,591733,741469,33649,135958,0.7715445415974528,0.9461944859301995,0.4438434685816553,0.887140015797084
0.27409773956625316,591739,741475,33643,135952,0.7715499504269127,0.9462040800662636,0.4438439740356762,0.8871480008437532
0.2740572183848391,591756,741572,33626,135855,0.7715491794216002,0.9462312634517783,0.4438187752751011,0.8872238587871113
0.2739237892700134,591962,742064,33420,135363,0.77167731180424,0.9465606621233102,0.4437409765626757,0.8876883223350406
0.2739104886650422,592217,742725,33165,134702,0.7718254019971484,0.9469684129060318,0.4436275134050768,0.8882978475641282
0.2739068054322018,592225,742754,33157,134673,0.771828384517479,0.9469812050874505,0.4436212105209146,0.8883224681246918
0.27389442248480944,592259,742894,33123,134533,0.7718376899200116,0.9470355718584801,0.4435888621004484,0.8884382513013962
0.2738067358225723,592318,743092,33064,134335,0.7718628760746199,0.9471299141964431,0.44354767449697097,0.8886092643842298
0.27368303602285116,592320,743144,33062,134283,0.771854619451904,0.9471331122417979,0.4435312370831411,0.8886451970942415
0.2736829746502163,592343,743238,33039,134189,0.7718610547680559,0.9471698897633766,0.443509603685587,0.8887230512992669
0.27366722053247694,592352,743318,33030,134109,0.7718548795240694,0.9471842809674726,0.44348678940157377,0.8887822737287306
0.273539323881111,592372,743357,33010,134070,0.7718690721002007,0.9472162614210194,0.4434821734049347,0.8888215335415213
0.27353877067616117,592382,743453,33000,133974,0.7718607804369824,0.9472322516477929,0.4434544685533767,0.8888920681204331
0.27348326116457033,592391,743495,32991,133932,0.7718622488999102,0.947246642851889,0.4434442759337249,0.8889260045687776
0.2734183687354955,592408,743582,32974,133845,0.7718634805100588,0.9472738262374037,0.4434224807071909,0.8889952083065779
0.27333992496649684,592428,743626,32954,133801,0.7718766660881774,0.9473058066909504,0.44341620922507624,0.8890377952221473
0.27325937136897416,592440,743654,32942,133773,0.7718842554060822,0.9473249949630785,0.4434119156286908,0.8890644120443782
0.27312174513900145,592448,743665,32934,133762,0.7718908569092314,0.9473377871444972,0.4434115976717538,0.889077055034938
0.2730857921500488,592553,743881,32829,133546,0.7719630887434529,0.9475056845256179,0.44338366129565693,0.8892906550333409
0.27295833103363376,592572,743953,32810,133474,0.7719695376796516,0.9475360659564874,0.4433676885954247,0.8893512083039162
0.2729331462536384,592592,744044,32790,133383,0.7719732663846568,0.9475680464100342,0.44334583237321157,0.889425069985607
0.27292286695738766,592658,744091,32724,133336,0.7720365153426916,0.9476735819067386,0.4433577283394265,0.8895002625084093
0.27283651122347286,592665,744101,32717,133326,0.7720422145880436,0.94768477506548,0.44335732656276416,0.8895115746578574
0.2728209489644732,592790,744577,32592,132850,0.7720841544246456,0.9478846529001475,0.443251553238565,0.8899114924118767
0.27276910140224775,592823,744676,32559,132751,0.7721005869455985,0.9479374206484996,0.44323248092148104,0.8899993279252386
0.27271237662408476,592847,744766,32535,132661,0.7721089170728557,0.9479757971927558,0.4432126482024322,0.8900751858685968
0.27264266929077186,592866,744832,32516,132595,0.7721165672455854,0.9480061786236252,0.44319868909125976,0.8901317466158374
0.272614178526408,592870,744860,32512,132567,0.7721153410372525,0.9480125747143346,0.4431910774222003,0.8901530400736222
0.2725805455844609,592899,744950,32483,132477,0.7721291761658207,0.9480589463719774,0.443173332715426,0.8902322251197591
0.27222088698147184,593028,745141,32354,132286,0.7722328089950847,0.9482652202973543,0.44316375584847656,0.8904451596976063
0.2721681233026112,593067,745345,32315,132082,0.7722347224175378,0.9483275821817705,0.44311243473609024,0.8906068568926591
0.27211018999105385,593077,745380,32305,132047,0.7722386936407304,0.9483435724085439,0.4431050082296256,0.8906368008176688
0.27208768782016535,593088,745494,32294,131933,0.772227878888886,0.9483611616579947,0.4430718476716406,0.8907199783871403
0.2720742075327307,593124,745574,32258,131853,0.7722514247859371,0.9484187264743789,0.4430603466950724,0.89079716717161
0.27193070116390095,593132,745592,32250,131835,0.7722566123264828,0.9484315186557976,0.443057717647551,0.89081446810606
0.27189678170676956,593193,745734,32189,131693,0.772295209812379,0.9485290590391153,0.44303610278977124,0.8909495484788819
0.2718805526976459,593277,745872,32105,131555,0.7723599250861242,0.9486633769440118,0.4430253840312019,0.8910972718422634
0.27185226380993954,593299,745919,32083,131508,0.772374689708718,0.9486985554429133,0.443018985706584,0.8911431858606117
0.27170317731523486,593321,745946,32061,131481,0.7723934758298737,0.9487337339418148,0.4430192037883409,0.8911757914678445
0.27170307406827077,593337,745999,32045,131428,0.772400428653553,0.9487593183046522,0.4430083265140338,0.8912217054861928
0.271681504688031,593343,746061,32039,131366,0.7723945646525374,0.9487689124407163,0.4429903150953708,0.8912669540839854
0.27166413772111875,593477,746418,31905,131009,0.7724702538616549,0.9489831814794797,0.44292799062613114,0.8915936755768697
0.2716444923554656,593478,746450,31904,130977,0.7724649195513368,0.9489847805021571,0.44291782842063154,0.8916156344552102
0.27161839052668635,593505,746519,31877,130908,0.7724807577770652,0.9490279541144453,0.44290624645528737,0.8916795148285643
0.2715696297412753,593523,746621,31859,130806,0.772480055559142,0.9490567365226373,0.44288001886364453,0.8917593652952571
0.27147944453646566,593654,747015,31728,130412,0.7725449788233139,0.9492662084933688,0.44280430143458227,0.8921087110870377
0.27134406416804635,593674,747034,31708,130393,0.7725631637411132,0.9492981889469156,0.44280633814372705,0.8921346624887128
0.2713095075552172,593821,747483,31561,129944,0.7726346090591522,0.9495332452804846,0.44271917477320577,0.8925312531399533
0.27130898225328526,593866,747619,31516,129808,0.7726567669690423,0.9496052013009648,0.44269298575832006,0.8926516942605481
0.2712452677133417,593877,747650,31505,129777,0.7726626342844429,0.9496227905504155,0.44268732571167035,0.8926796419238905
0.27113355898562896,593901,747744,31481,129683,0.7726701348078788,0.9496611670946717,0.4426662790827678,0.8927581615494717
0.27110740631650976,593922,747849,31460,129578,0.7726721236104711,0.9496947465708959,0.44264036113464966,0.892842004539499
0.2710029849534179,593925,747874,31457,129553,0.7726703972885992,0.9496995436389278,0.4426333601381429,0.8928606363150606
0.27100030540947906,593952,747997,31430,129430,0.7726753666016474,0.9497427172512161,0.4426040035798678,0.8929604493984266
0.2707784991414638,594006,748127,31376,129300,0.7727086233671492,0.9498290644757924,0.4425835591554637,0.8930828867806887
0.27060588880855285,594078,748298,31304,129129,0.7727534298463229,0.9499441941085609,0.4425570778976978,0.8932445839757415
0.27057840161760227,594085,748314,31297,129113,0.7727579113755282,0.9499553872673022,0.44255470988878864,0.8932598886485242
0.27040470914576764,594181,748581,31201,128846,0.7728098036308395,0.9501088934443268,0.4425065648268271,0.8935014363102697
0.2703607903518547,594199,748619,31183,128808,0.7728219572327777,0.950137675852519,0.44250151546970623,0.8935386998613929
0.27025047449656114,594285,748844,31097,128583,0.7728712860471039,0.9502751918027701,0.4424630843351607,0.8937456456542382
0.2702254101211562,594286,748874,31096,128553,0.772866354825151,0.9502767908254475,0.44245361684386075,0.8937662736914671
0.2701936344603083,595265,750909,30117,126518,0.7735331374415171,0.951842234026563,0.44219023692331005,0.8957718512465656
0.2701912144488494,595466,751238,29916,126189,0.7736877610289609,0.9521636375847082,0.44216546471978996,0.8961245241411251
0.2700517429344964,595494,751264,29888,126163,0.7737132843037134,0.9522084102196737,0.44216852619401553,0.8961604568511368
0.27003422865931803,595504,751297,29878,126130,0.7737176317305511,0.9522244004464472,0.44216183385667224,0.896189069935035
0.2698942756127237,595679,751578,29703,125849,0.7738533069527136,0.9525042294149816,0.4421420708892216,0.8964925017084673
0.2696471644001781,595721,751606,29661,125821,0.7738937943882012,0.9525713883674298,0.4421502723540759,0.8965390811473714
0.26959097907286145,595746,751694,29636,125733,0.7739035502503528,0.9526113639343633,0.44213174612598705,0.8966142736701737
0.2695352123666399,595750,751700,29632,125727,0.7739067357620646,0.9526177600250727,0.4421314334483654,0.8966209278757313
0.2695074111274348,595752,751734,29630,125693,0.7739020954457427,0.9526209580704273,0.4421211055254006,0.8966448830157392
0.26939784236084385,595769,751803,29613,125624,0.7739068873243096,0.9526481414559421,0.44210550530880727,0.8967021091835357
0.26934221652567514,595779,751873,29603,125554,0.7739037924960641,0.9526641316827156,0.44208668113133065,0.8967553428279974
0.2693180365781034,595839,752088,29543,125339,0.7739264389374599,0.9527600730433559,0.4420410007366868,0.8969383334808348
0.26931048141907454,595853,752119,29529,125308,0.7739355760488376,0.9527824593608386,0.4420366298409759,0.8969682774058446
0.26916303580419976,595874,752181,29508,125246,0.7739461650781396,0.9528160388370628,0.442024991561917,0.8970235073119738
0.2691410174881036,595891,752229,29491,125198,0.7739551772006168,0.9528432222225776,0.4420162893510963,0.897066759648099
0.2691024464050996,595909,752245,29473,125182,0.7739717202615697,0.9528720046307697,0.4420184934362098,0.8970893839469952
0.2690744821872293,596055,752527,29327,124900,0.7740752861606551,0.9531054619416612,0.44198647171621747,0.8973741839448659
0.2690409649478376,596063,752551,29319,124876,0.7740792417526419,0.9531182541230799,0.44198191624883026,0.8973954774026507
0.2690380573778338,596085,752631,29297,124796,0.7740873045967995,0.9531534326219815,0.44196480207842126,0.8974633502993394
0.26897679070693226,596117,752708,29265,124719,0.7741069455190213,0.9532046013476563,0.44195281077975274,0.8975358811399187
0.26894247529097903,596138,752808,29244,124619,0.7741098888084947,0.9532381808238805,0.44192873547199074,0.8976163970271671
0.26880682878639084,596166,752936,29216,124491,0.7741148850967244,0.953282953458846,0.44189838870596887,0.8977202026338676
0.2687943140532584,596269,753201,29113,124226,0.7741746425212374,0.953447652794612,0.44185420943036896,0.8979650773983919
0.2687440283082897,596288,753262,29094,124165,0.7741832286959651,0.9534780342254814,0.44184209551331927,0.8980183110428538
0.26868141819766134,596296,753333,29086,124094,0.7741777341199021,0.9534908264069001,0.4418221600158266,0.8980708792667598
0.26864846604238013,596363,753565,29019,123862,0.7742046124894066,0.9535979609262819,0.44177393164672485,0.8982698400129357
0.2685589412241791,596392,753642,28990,123785,0.774220952434363,0.9536443325839247,0.44176072602615934,0.8983403745918477
0.26852459896489933,596425,753667,28957,123760,0.7742521328687669,0.953697100332277,0.44176619074848233,0.8983789689840824
0.26820640644204663,596634,754125,28748,123302,0.7743893432654421,0.9540312960718409,0.4417027759948296,0.8988228044947828
0.26804269959322014,596712,754269,28670,123158,0.7744459519757124,0.9541560198406733,0.44168792899382003,0.8989705278581642
0.2679488953378901,596729,754354,28653,123073,0.7744475110515959,0.9541832032261881,0.4416671662658771,0.8990384007548531
0.26790171539435303,596816,754727,28566,122700,0.7744679503699776,0.9543223181991167,0.4415812149520955,0.8993444942105084
0.2678419119408375,596818,754765,28564,122662,0.7744625057518457,0.9543255162444714,0.441569626134688,0.8993711110327394
0.26778551121891225,596928,755096,28454,122331,0.7745166018260555,0.9545014087389787,0.4415069554978314,0.899664561497835
0.2677132221198484,596960,755166,28422,122261,0.7745376206582116,0.9545525774646536,0.44149731607853115,0.8997324343945239
0.2675799183486438,596963,755171,28419,122256,0.7745399051603384,0.9545573745326856,0.4414969226422825,0.89973775775897
0.2675529016488216,596968,755196,28414,122231,0.774540362852039,0.9545653696460723,0.4414908250774314,0.8997577203756432
0.2675488609832717,596977,755222,28405,122205,0.7745450053934801,0.9545797608501684,0.4414860534581079,0.8997810100950953
0.2674421025205951,596986,755257,28396,122170,0.7745478389868002,0.9545941520542645,0.4414783437592208,0.8998102885995493
0.2673535512662285,597195,755701,28187,121726,0.7746877354437395,0.9549283477938284,0.4414197395808695,0.9002448082224688
0.2672168792538807,597351,756153,28031,121274,0.7747678877892583,0.9551777953314934,0.4413367082771828,0.9006493839203784
0.2669125452756457,597930,756789,27452,120638,0.775274509127657,0.956103629461673,0.44136828375478604,0.9014578698956421
0.2667300562391952,597972,756907,27410,120520,0.7752967982891847,0.9561707884141213,0.4413471608903821,0.9015643371845657
0.26669004004489294,597997,757027,27385,120400,0.7753000607796809,0.9562107639810548,0.4413183825526338,0.9016608231651527
0.2666273036192457,597998,757051,27384,120376,0.7752963314358822,0.9562123630037321,0.44131097842218253,0.901677458679047
0.26661718268161894,598047,757181,27335,120246,0.7753238732240256,0.9562907151149218,0.4412888458620985,0.9017965689585303
0.2665941010917551,598057,757203,27325,120224,0.7753304044712854,0.9563067053416952,0.4412858049377979,0.901817862416315
0.26630670536009116,598088,757244,27294,120183,0.7753561187079645,0.9563562750446927,0.44128523490923255,0.9018657726963307
0.2661415596137676,598089,757255,27293,120172,0.7753550027068568,0.95635787406737,0.4412820656600833,0.9018737577429999
0.26594272774985106,598099,757271,27283,120156,0.7753627396939198,0.9563738642941434,0.4412809786257627,0.90189105867745
0.26582195823879906,598110,757297,27272,120130,0.7753695615819297,0.9563914535435941,0.4412770481486373,0.9019156792380136
0.2657793691883946,598137,757379,27245,120048,0.7753826505479325,0.9564346271558823,0.44126148271211846,0.9019882100785929
0.2656067590688179,598155,757397,27227,120030,0.7753987472388439,0.9564634095640744,0.44126304265716104,0.9020121652186006
0.2655185380744284,598443,758332,26939,119095,0.7755261834023922,0.9569239280951483,0.44107755523207604,0.9028259745583105
0.26549647374287555,598469,758385,26913,119042,0.7755439974580018,0.9569655026847591,0.44107103638269113,0.9028785427822165
0.2654718735109224,598522,758539,26860,118888,0.7755710701502544,0.9570502508866581,0.4410428123717357,0.9030162848372614
0.26535633678688664,598524,758553,26858,118874,0.7755704457958251,0.9570534489320127,0.4410390862124994,0.9030269315661538
0.2653277103767846,598528,758563,26854,118864,0.7755728150408217,0.9570598450227221,0.4410374838533304,0.9030362474539346
0.2652461178860054,598543,758637,26839,118790,0.7755743632324602,0.9570838303628822,0.44101961420003244,0.9030954698833984
0.265208723079307,598559,758697,26823,118730,0.7755798199640094,0.9571094147257196,0.44100670765132,0.9031460418456371
0.26510733575046463,598596,758771,26786,118656,0.7756054518197567,0.9571685785647812,0.4409979025569356,0.9032199035273278
0.26491631569062757,598609,758863,26773,118564,0.7756011920186577,0.9571893658595866,0.44097336814313665,0.9032897726856839
0.26471677338830535,598636,758932,26746,118495,0.7756168802227258,0.9572325394718748,0.4409620733547049,0.9033536530590381
0.2646854545173022,598672,759147,26710,118280,0.7756130765126846,0.957290104288259,0.44090707229755954,0.903520673618537
0.26420875061969107,598674,759163,26708,118264,0.7756120501688749,0.9572933023336136,0.44090270039776497,0.903532651188541
0.2640909947762754,598750,759523,26632,117904,0.7756228883302533,0.9574148280570915,0.44081712586497707,0.9038227745508578
0.2636488324471893,598758,759564,26624,117863,0.7756234050546006,0.9574276202385102,0.44080711348266466,0.9038553801580906
0.26345523407109117,598759,759574,26623,117853,0.7756224900326721,0.9574292192611875,0.4408042799519705,0.9038626997842041
0.2633379540246581,598765,759581,26617,117846,0.7756276500217365,0.9574388133972516,0.4408044783876862,0.9038713502514292
0.26331254249034597,598794,759671,26588,117756,0.7756413029764562,0.9574851850548944,0.4407872120371154,0.9039505352975661
0.26322009621984466,598796,759681,26586,117746,0.7756414823296861,0.9574883831002491,0.44078479061478404,0.9039585203442354
0.2631806912976892,598800,759691,26582,117736,0.7756438504577309,0.9574947791909585,0.4407831925275913,0.9039678362320162
0.2630838560750399,598834,759800,26548,117627,0.7756591562737523,0.957549145961988,0.4407618240085262,0.9040629913714917
0.2630320199913243,598928,760252,26454,117175,0.7756711981325705,0.957699454093658,0.44065392368928324,0.9044263109949434
0.2629831015208022,598975,760406,26407,117021,0.7756916829689589,0.9577746081594929,0.44062334253605134,0.9045600605266537
0.26295990025026716,599003,760495,26379,116932,0.7757044371107576,0.9578193807944584,0.44060601780951497,0.9046379147316791
0.2627755655551709,599022,760528,26360,116899,0.7757185946515455,0.9578497622253279,0.4406031407450995,0.9046725166005793
0.2626172862277937,599024,760541,26358,116886,0.7757181709945863,0.9578529602706826,0.4405997506555406,0.9046824979089159
0.26247000472107274,599049,760733,26333,116694,0.7757069491959983,0.957892935837616,0.4405478231069392,0.9048268941695186
0.2623978786816259,599069,760789,26313,116638,0.7757175791283234,0.9579249162911628,0.4405379091052154,0.9048774661317572
0.26225576726020894,599089,760863,26293,116564,0.7757245926432352,0.9579568967447096,0.4405221654881937,0.9049400156639998
0.26203675977762964,599097,760883,26285,116544,0.7757293264703841,0.9579696889261283,0.4405189782202679,0.9049586474395616
0.26189678151794016,599102,760899,26280,116528,0.7757315819718045,0.957977684039515,0.4405158525618731,0.9049726212712328
0.26170470801968615,599104,760912,26278,116515,0.7757311583138765,0.9579808820848698,0.4405124645592405,0.9049826025795693
0.2616642407874572,599128,761023,26254,116404,0.775735114182199,0.9580192586291258,0.4404863871731889,0.9050724343545986
0.261526531465918,599162,761058,26220,116369,0.7757652752069788,0.9580736254001554,0.44048903853788357,0.9051183483729469
0.26151038636071167,599172,761094,26210,116333,0.7757689819809135,0.9580896156269288,0.44048149406072046,0.9051489577185124
0.2615043702233132,599201,761169,26181,116258,0.7757856370106098,0.9581359872845717,0.44046913707300217,0.9052181614563128
0.26148583846781137,599222,761233,26160,116194,0.7757957505250541,0.9581695667607958,0.4404570529712486,0.9052747222035534
0.26131111484972425,599229,761247,26153,116180,0.7758005947171468,0.9581807599195372,0.44045539943372763,0.9052886960352247
0.2612551119590123,599384,761615,25998,115812,0.7758961943825894,0.9584286084345248,0.44040002968407765,0.9056367109858937
0.2611433455671547,599388,761621,25994,115806,0.7758993635530222,0.9584350045252342,0.44039973284526407,0.9056433651914515
0.26110692384781853,599403,761697,25979,115730,0.7759005009024944,0.9584589898653942,0.44038130923517743,0.9057039184620268
0.26093896473615497,599404,761704,25978,115723,0.775900188368772,0.9584605888880716,0.44037945556120456,0.9057092418264729
0.2607056679774853,599440,761809,25942,115618,0.7759184648764348,0.9585181537044558,0.4403602867660509,0.9058030661248369
0.2606001891980385,599443,761822,25939,115605,0.7759191341601789,0.9585229507724878,0.4403573147036029,0.9058137128537292
0.26055498311239134,599492,761937,25890,115490,0.7759496157995028,0.9586013028836775,0.4403402601237376,0.9059228418248759
0.26047211631168954,599503,761972,25879,115455,0.775954613548061,0.9586188921331282,0.4403334618703979,0.9059534511704415
0.26045544593744896,599599,762236,25783,115191,0.7760065518047359,0.9587723983101528,0.4402875531910988,0.9061930025705196
0.2603054708193022,599599,762251,25783,115176,0.7760035388719405,0.9587723983101528,0.44028270367514777,0.9062029838788562
0.2594607309133822,599599,762266,25783,115161,0.7760005259625412,0.9587723983101528,0.4402778542660249,0.9062129651871927
0.25943304163828995,599685,762492,25697,114935,0.7760491548914837,0.9589099142604041,0.4402401450031824,0.9064205764005938
0.2593225509420778,600652,764006,24730,113421,0.7768017369055705,0.9604561691893915,0.4401483741714041,0.9080714847994655
0.2592352064589355,600656,764048,24726,113379,0.776797667599875,0.9604625652801008,0.44013646915375054,0.9081020941450311
0.2592090963450877,600678,764099,24704,113328,0.7768114517607897,0.9604977437790023,0.4401290467233841,0.9081506698456024
0.25910711080266613,600720,764207,24662,113220,0.7768356285020774,0.9605649027314506,0.44011144918372924,0.9082504829289684
0.2589913765727837,600839,764518,24543,112909,0.7769031145224128,0.960755186430054,0.440059998959979,0.9085366137679506
0.2589640260983709,601048,765375,24334,112052,0.7769591703721169,0.9610893821696179,0.4398696450513494,0.9092459520804042
0.25895569122893336,601055,765387,24327,112040,0.7769644025160485,0.9611005753283594,0.43986865157833266,0.9092585950709637
0.2589396877180572,601058,765414,24324,112013,0.7769622543950362,0.9611053723963914,0.4398611899841343,0.909278557687637
0.25887764683623204,601078,765511,24304,111916,0.7769646057758852,0.9611373528499381,0.43983816641287177,0.9093564118926624
0.258724464181024,601120,765624,24262,111803,0.7769877609433876,0.9612045118023864,0.43981901511914445,0.9094595520788071
0.2586765296683975,601124,765640,24258,111787,0.7769889139703001,0.9612109078930957,0.43981550582251216,0.9094728604899225
0.25854184250647505,601125,765649,24257,111778,0.7769881979224993,0.9612125069157731,0.43981301956285385,0.9094795146954803
0.25836255177084344,601142,765744,24240,111683,0.77698767505236,0.9612396903012879,0.43978941916151015,0.9095540417977268
0.25832389323284444,601171,765828,24211,111599,0.7770024611434792,0.9612860619589307,0.4397742792789168,0.9096292343205291
0.25827438609566533,601174,765851,24208,111576,0.7770011164381101,0.9612908590269628,0.43976810958102447,0.9096465352549792
0.2582196183404005,601191,765876,24191,111551,0.7770146526064372,0.9613180424124775,0.43976703409562223,0.9096744829183216
0.2582088096419133,601195,765907,24187,111520,0.7770127926423566,0.9613244385031868,0.43975870125272293,0.9096977726377736
0.25768119751034213,601204,765953,24178,111474,0.7770133779307439,0.9613388297072829,0.4397475929977318,0.9097343707683412
0.2575846269147778,601238,766038,24144,111389,0.7770334191135038,0.9613931964783125,0.43973418680646775,0.9098135558144781
0.25748170525112835,601247,766059,24135,111368,0.777039025194671,0.9614075876824085,0.4397311209049035,0.9098335184311512
0.2573983912125166,602070,769299,23312,108128,0.7772863569570789,0.9627235833458591,0.43902844529809265,0.9125371221492552
0.2570590612664483,602073,769326,23309,108101,0.7772842090749451,0.9627283804138911,0.43902102889093547,0.9125570847659283
0.25703421052521647,602082,769337,23300,108090,0.7772918142179586,0.962742771617987,0.43902118900204823,0.9125703931770438
0.2567952535623851,602097,769414,23285,108013,0.7772927151004676,0.9627667569581472,0.4390026766099579,0.9126316118681749
0.2566850749279628,602123,769455,23259,107972,0.7773128336792228,0.962808331547758,0.4390001881045045,0.9126761950454116
0.2564180489384388,602221,769621,23161,107806,0.7773863586489285,0.9629650357701373,0.4389871428342331,0.9128518660721355
0.25632302831585174,602243,769750,23139,107677,0.7773844520269801,0.9630002142690388,0.4389548634723355,0.9129523445760572
0.25631216547070723,602320,769969,23062,107458,0.7774244369313263,0.9631233390151939,0.43891629241362423,0.9131493090605659
0.2562830063240221,602352,770060,23030,107367,0.7774410548433894,0.9631745077408688,0.4389002719300035,0.9132311557889259
0.256248729382914,602363,770192,23019,107235,0.7774265548776317,0.9631920969903195,0.43886255924170614,0.9133263109284014
0.2561991429691345,602895,772299,22487,105128,0.7775834841910253,0.9640427770546642,0.43840723563366335,0.9150823557750852
0.25611240524134704,602909,772358,22473,105069,0.77758689845607,0.964065163372147,0.43839414455520276,0.9151309314756566
0.25595349129109224,602992,772633,22390,104794,0.7776221366554273,0.9641978822543661,0.4383403907314857,0.9153691520346232
0.25591240413426875,603362,774143,22020,103284,0.7777221797288139,0.9647895206449818,0.43801075132213674,0.9166201426794756
0.25586289602136125,603368,774147,22014,103280,0.7777279086620076,0.9647991147810459,0.4380119272748391,0.9166267968850333
0.25584447079370587,603380,774211,22002,103216,0.7777281387861522,0.964818303053174,0.43799647355419713,0.916677368847272
0.255600451311515,603434,774417,21948,103010,0.777745613408744,0.9649046502777502,0.4379530152389482,0.9168503781917728
0.25544638980276724,603661,774829,21721,102598,0.7779100509327534,0.9652676284255063,0.4379146747528092,0.9172755819269115
0.255354045124486,603700,775031,21682,102396,0.7779119898955199,0.9653299903099226,0.43786641484089356,0.9174359482808527
0.2551031109178409,603710,775050,21672,102377,0.777919061677896,0.965345980536696,0.43786445791870954,0.9174552454769701
0.25509209931396826,603722,775093,21660,102334,0.7779234980000479,0.9653651688088241,0.43785569492644044,0.9174918436075377
0.2548633599658635,603870,775762,21512,101665,0.7779504065794762,0.9656018241650703,0.43770367750240646,0.9180354922016037
0.25479048455078446,603875,775794,21507,101633,0.7779494315799996,0.965609819278457,0.43769556321117603,0.9180601127621674
0.25447827863167727,603950,775947,21432,101480,0.7780003478104047,0.9657297459792574,0.43767759477700147,0.9182118286488835
0.25435260776539603,604579,777793,20803,99634,0.778314323231803,0.9667355312433041,0.43734899144369244,0.9198587445244206
0.2541442549954386,604581,777802,20801,99625,0.7783146936168208,0.9667387292886588,0.437346958115081,0.9198660641505341
0.2540610205080863,604611,777892,20771,99535,0.77832926668196,0.9667866999689789,0.437330696569917,0.9199459146172269
0.2539816500707246,604630,777947,20752,99480,0.7783388966055244,0.9668170813998485,0.43732103166767566,0.919995155738354
0.253828624352087,604952,778719,20430,98708,0.7785341239921044,0.9673319667019518,0.43720797790804317,0.9207231258263692
0.25379840331067927,605321,779443,20061,97984,0.7787899107941452,0.9679220060698901,0.4371293592265541,0.9214504304938286
0.25374545989253583,605484,779909,19898,97518,0.7788735608467473,0.9681826467662964,0.4370485486789669,0.9218689800234094
0.2537096642363348,605540,780006,19842,97421,0.7789149370451913,0.9682721920362275,0.43704070453092136,0.9219707893684427
0.2534320726031546,605552,780050,19830,97377,0.7789191511475048,0.9682913803083555,0.43703170174407946,0.922008052919566
0.2533922906204322,605601,780167,19781,97260,0.7789489146182847,0.9683697324195452,0.43701470953290883,0.9221185127318242
0.25325945114415127,605723,780759,19659,96668,0.7789627598694447,0.9685648131861806,0.4368776514949347,0.9225936230086458
0.2530876520336952,605758,780840,19624,96587,0.7789845287935627,0.9686207789798875,0.43686634482380615,0.9226708117931154
0.2525521676105966,606084,781418,19298,96009,0.7792225824948638,0.9691420603727002,0.4368166676516502,0.9232723519755338
0.2524465583958032,606391,781821,18991,95606,0.7794749777620098,0.9696329603346434,0.43681440586884424,0.9237448005701323
0.2523900125786125,606395,781841,18987,95586,0.7794753100702253,0.9696393564253528,0.4368097355204735,0.9237607706634708
0.2521765083906885,606572,782066,18810,95361,0.7796222577648357,0.969922383439242,0.43681074549306587,0.9240282697268914
0.2519702147081607,606579,782086,18803,95341,0.779625843756338,0.9699335765979833,0.4368072933356857,0.9240462360818973
0.25195036943782156,606616,782231,18766,95196,0.7796369244610095,0.9699927404370449,0.43677669318506646,0.9241673426230479
0.2519183890727875,606632,782306,18750,95121,0.7796392514418581,0.9700183247998823,0.43675959618067905,0.9242278958936232
0.2518878606666525,606642,782331,18740,95096,0.7796450894113637,0.9700343150266557,0.4367557900693534,0.9242511856130753
0.25180853585784047,606791,782586,18591,94841,0.7797556095561315,0.9702725694055793,0.43673603348839085,0.9245200155176073
0.2515966289649373,606801,782631,18581,94796,0.7797574377531509,0.9702885596323527,0.4367259426873715,0.9245566136481749
0.25157220455874485,606860,782810,18522,94617,0.7797855570443858,0.9703829019703157,0.43669360351738185,0.9247149837404487
0.2514780086834444,606909,783015,18473,94412,0.779797617958541,0.9704612540815054,0.43664905419289113,0.9248840005616149
0.2514004256896706,606979,783284,18403,94143,0.7798196254629295,0.9705731856689191,0.4365929324163845,0.9251095781300218
0.2511820257757619,607096,783508,18286,93919,0.7799016066258802,0.9707602713221679,0.43657000842799243,0.9253364865395403
0.251004645003292,607129,783688,18253,93739,0.7799013191276724,0.9708130390705201,0.43652687592975925,0.9254782211179199
0.2509484858928285,607361,784353,18021,93074,0.7800195826511683,0.9711840123316628,0.4364122226262005,0.9260751033564478
0.25092073499512,607361,784370,18021,93057,0.7800161766787157,0.9711840123316628,0.4364068918490714,0.926086415505896
0.2509163935989449,607399,784457,17983,92970,0.7800399344118124,0.9712447751934018,0.4363950006322493,0.9261695930753675
0.2506684816556488,607615,785242,17767,92185,0.7801167578449486,0.9715901640917072,0.43623645499861075,0.9268356790516958
0.2504860631101449,607657,785309,17725,92118,0.7801488460375083,0.9716573230441554,0.43623247085714945,0.9269082098922751
0.2503859811783187,607671,785332,17711,92095,0.7801594081546661,0.9716797093616382,0.43623093417602116,0.9269328304528387
0.25027895698922054,607819,785881,17563,91546,0.7802097848957751,0.9719163647178845,0.43611896390901916,0.9273966285802121
0.2501471662260145,608189,786989,17193,90438,0.7803886154100412,0.9725080031085,0.4359221547358115,0.928380120161644
0.2500313354499305,608340,787574,17042,89853,0.7804349622136776,0.9727494555327784,0.4358004862763752,0.9288698696906925
0.2498168052941253,608379,787783,17003,89644,0.780435334775213,0.9728118174171946,0.4357510088370834,0.9290348939885241
0.2496702833626535,608444,788148,16938,89279,0.7804326188008579,0.9729157538912216,0.43566338630036544,0.9293210248275063
0.24931595003649532,608601,788535,16781,88892,0.7805250721785719,0.973166800451564,0.43560612567423646,0.9296830136098466
0.2490202941352867,608608,788554,16774,88873,0.7805288443041124,0.9731779936103054,0.4356030295699425,0.9297003145442967
0.2487829829632533,608911,789453,16471,87974,0.7806767469458129,0.9736624974815393,0.4354452774813997,0.9305001500523353
0.24869166475170879,609454,791640,15928,85787,0.780826326505616,0.9745307667953347,0.434984376494368,0.9323167481695944
0.248672295365174,609547,791751,15835,85676,0.7809046572919213,0.9746794759043272,0.43498741880742,0.932452493962972
0.24864803303560756,609806,792502,15576,84925,0.7810343467297294,0.9750936227777582,0.43485881846213525,0.9331245687243023
0.2479869571805694,609835,792695,15547,84732,0.7810270749051371,0.9751399944354011,0.43481066358651865,0.9332722920876838
0.24748416208115342,609853,792843,15529,84584,0.7810169191111985,0.9751687768435932,0.43477203898777783,0.933382751899942
0.24733826121710756,609994,793161,15388,84266,0.7811056620985621,0.9753942390410981,0.43473030420730424,0.9336881799350416
0.24680811939096237,610028,793326,15354,84101,0.7811093907575184,0.9754486058121277,0.434692885757977,0.9338205986256404
0.2465110509087033,610493,794385,14889,83042,0.7813998340162287,0.9761921513570906,0.43455232411640016,0.9348346995526378
0.24641674414155135,610571,794673,14811,82754,0.7814264564197757,0.976316875125923,0.4344946500394238,0.9350782434760505
0.24630697193259488,610613,794930,14769,82497,0.78142040418513,0.9763840340783713,0.434432102041702,0.9352772042222265
0.2456561253188535,610623,794951,14759,82476,0.781427001393872,0.9764000243051447,0.4344296351526138,0.9352978322594555
0.24549881964223774,610638,795056,14744,82371,0.7814221971518384,0.9764240096453047,0.43440322004646814,0.9353776827261482
0.2450583710815013,610702,795159,14680,82268,0.78147069564868,0.9765263470966545,0.4343971416804364,0.9354888079589622
0.24499942573232647,610717,795234,14665,82193,0.7814718901880214,0.9765503324368147,0.434380003286032,0.9355486958089817
0.24484433748002932,610755,795418,14627,82009,0.7814761160078522,0.9766110952985535,0.4343384491097468,0.9356964191723632
0.2448204794681208,610756,795432,14626,81995,0.7814743957851594,0.9766126943212309,0.4343345271044839,0.9357064004806999
0.24435982625975028,610766,795469,14616,81958,0.7814777917698693,0.9766286845480042,0.4343271217115205,0.9357376752468212
0.24405040530009403,610829,795708,14553,81719,0.781498004767065,0.9767294229766766,0.43427865744022376,0.9359386322546644
0.24399162404421015,610859,795754,14523,81673,0.7815211887186261,0.9767773936569969,0.4342765209762742,0.9359892042169031
0.2439313211182259,610913,795977,14469,81450,0.7815348818882729,0.9768637408815731,0.4342293995976942,0.9361735257108521
0.24383696771016905,610925,796042,14457,81385,0.7815348362988823,0.9768829291537012,0.4342141642270217,0.9362247630936467
0.24365898275850528,611222,796890,14160,80537,0.781685781811113,0.9773578388888711,0.4340720056359153,0.9369866696300062
0.24337724061457244,611300,797167,14082,80260,0.7817145546221926,0.9774825626577036,0.43401797841198975,0.9372228939273055
0.24308595438807645,611332,797389,14050,80038,0.7817046945092243,0.9775337313833785,0.4339624382684719,0.9373919107484717
0.24308239880660498,611377,797445,14005,79982,0.7817420435510888,0.9776056874038588,0.43396326860313084,0.9374591182246047
0.24266005714024652,611473,797622,13909,79805,0.7818102128484388,0.9777591935808834,0.4339473207981009,0.9376407780363306
0.2425893907704516,611590,798020,13792,79407,0.7818568406433115,0.9779462792341321,0.4338717801377686,0.9379834696225535
0.24246552202244975,611611,798169,13771,79258,0.7818497034751546,0.9779798587103562,0.4338343571337372,0.9380965911170348
0.2424575397760731,611741,798363,13641,79064,0.7819511140107249,0.9781877316584103,0.4338268666708271,0.9383121873771051
0.2424388859655484,611953,798862,13429,78565,0.7820799454444561,0.9785267244660064,0.4337585012918065,0.9387853013922595
0.24224267200700744,612014,798993,13368,78434,0.7821195209755312,0.9786242648493241,0.43374270999364284,0.9389130621389677
0.24219291217845207,612025,799027,13357,78400,0.7821245827561354,0.9786418540987748,0.43373667306378505,0.9389430060639775
0.24214388845940493,612081,799245,13301,78182,0.7821413730233737,0.9787313993687059,0.43369214483400714,0.9391253312962592
0.24196982063477346,612145,799466,13237,77961,0.7821661842321471,0.9788337368200556,0.43364992196858765,0.9393149761546544
0.24168761379845782,612350,800212,13032,77215,0.7822380170103396,0.9791615364689102,0.4335030957933174,0.939947791103194
0.24141703920492286,612450,800481,12932,76946,0.7822920102113727,0.9793214387366441,0.4334606573144761,0.9401933312882742
0.24126237950905516,612541,800641,12841,76786,0.7823580801643033,0.979466949800282,0.43344806259915564,0.9403603518477731
0.24112145244307248,612549,800733,12833,76694,0.7823483132003852,0.9794797419817007,0.43342305357317223,0.9404268939033503
0.24106961374731695,612585,800799,12797,76628,0.7823739077659984,0.979537306798085,0.4334172454195038,0.9404947668000391
0.24102458717566577,612597,800876,12785,76551,0.7823714476701283,0.9795564950702131,0.43339844482349504,0.9405539892295028
0.2410208109330072,612649,801054,12733,76373,0.7823918946289504,0.9796396442494347,0.4333647166342577,0.9407070359573305
0.24100291437772858,612669,801161,12713,76266,0.7823920571247891,0.9796716247029815,0.4333399347870677,0.9407915443679137
0.24096499593853193,612670,801173,12712,76254,0.7823907364078653,0.9796732237256589,0.4333366576062547,0.9408001948351388
0.24090896357121938,612686,801205,12696,76222,0.782401576944894,0.9796988080884963,0.43333326260652344,0.9408321350218158
0.24090774684323157,612865,801930,12517,75497,0.78244950684609,0.9799850331477401,0.4331828992892963,0.9414336752042342
0.2408181825680481,612888,802011,12494,75416,0.7824580925420032,0.9800218106693189,0.43316731441608197,0.9415028789420345
0.24049171921602686,612889,802030,12493,75397,0.7824553734545623,0.9800234096919963,0.43316189831361374,0.94151618735315
0.2403327613717432,612937,802115,12445,75312,0.7824900806315714,0.9801001627805086,0.43315510666745816,0.9416046882870678
0.24032958884408728,613042,802504,12340,74923,0.7825254258663482,0.9802680601616293,0.4330781196796148,0.9419334060416193
0.24008865870337837,613130,802769,12252,74658,0.7825672309911582,0.9804087741572352,0.43303229962024126,0.9421682994978071
0.24008522230465368,613158,802947,12224,74480,0.7825618173014165,0.9804535467922006,0.43298907919963564,0.9423053761322963
0.23994595396183127,613267,803279,12115,74148,0.7826128347754534,0.9806278402640306,0.43293122849522714,0.9425988265973919
0.23993346387830283,613291,803334,12091,74093,0.7826276819715821,0.9806662168082868,0.4329240271772699,0.942651394821298
0.2398527710199594,613309,803402,12073,74025,0.7826334738641517,0.9806949992164788,0.43291045244937043,0.9427086209890945
0.23975742479678053,613309,803438,12073,73989,0.7826262832496443,0.9806949992164788,0.4328994520546011,0.9427325761291022
0.23975613437471033,613360,803587,12022,73840,0.7826514141343253,0.9807765493730232,0.4328743418067154,0.9428656602402568
0.2397139873751971,613385,803696,11997,73731,0.7826565498114254,0.9808165249399567,0.43285105085736103,0.9429548265947303
0.23967266025470157,613419,803824,11963,73603,0.7826675761354772,0.9808708917109863,0.43282556343548706,0.9430626247247654
0.23948643792477176,613428,803858,11954,73569,0.7826704712190984,0.9808852829150823,0.4328187818125629,0.9430912378086637
0.23927333432238962,613449,803994,11933,73433,0.7826659089847819,0.9809188623913064,0.4327856569893816,0.94319570883592
0.2391792291057956,613456,804001,11926,73426,0.7826720439093285,0.9809300555500479,0.43278632085488306,0.9432050247237007
0.23904518194979862,613511,804172,11871,73255,0.782697078570151,0.9810180017973015,0.4327561239007592,0.9433554097693053
0.23903358702631483,613521,804210,11861,73217,0.7827002502258718,0.9810339920240749,0.43274852563709193,0.9433873499559824
0.23885302575736378,613569,804399,11813,73028,0.7827141550852457,0.9811107451125872,0.432710047053248,0.9435450546277006
0.23878529919940517,613916,805650,11466,71777,0.7828376468403971,0.981665605981624,0.4324673879199699,0.9446083966758251
0.23872230471783007,613926,805719,11456,71708,0.7828346262712714,0.9816815962083975,0.4324503661126549,0.9446609648997311
0.23861969974078578,614005,805928,11377,71499,0.7828778610828975,0.9818079189999073,0.432418290158761,0.9448526060197936
0.23858272990938612,614113,806251,11269,71176,0.7829295146322234,0.98198061344906,0.43236311255424664,0.9451394022793316
0.23844963761222548,614135,806334,11247,71093,0.7829366009203984,0.9820157919479614,0.43234664044058685,0.9452092714376877
0.23831058411902428,614189,806499,11193,70928,0.7829617236786551,0.9821021391725377,0.4323180036714606,0.9453549985394019
0.23827434592071106,614336,806908,11046,70519,0.7830381169234408,0.9823371955061067,0.43225230854096836,0.9457249723684115
0.23781788732751563,614369,807051,11013,70376,0.7830450467352613,0.9823899632544588,0.43222200334876393,0.9458420863862274
0.23781665274940855,614403,807162,10979,70265,0.7830594380505382,0.9824443300254884,0.43220183389433475,0.9459385723668144
0.23772234933584502,614696,808314,10686,69113,0.7831444108835232,0.9829128436699489,0.4319688547515478,0.9469001050699057
0.2374756458215832,614722,808386,10660,69041,0.7831579794916013,0.9829544182595598,0.43195737779564164,0.9469653162843714
0.23738563533505952,614730,808435,10652,68992,0.783156797232293,0.9829672104409785,0.43194569849595793,0.9470032452560505
0.2373008470306951,615073,809742,10309,67685,0.7832644779123984,0.9835156752193059,0.43168621891263076,0.9481011891730752
0.23726165849929426,615099,809867,10283,67560,0.7832674645625334,0.9835572498089168,0.4316587202782382,0.9482016676769969
0.2371421737406182,615106,809945,10276,67482,0.7832594225151207,0.9835684429676582,0.43163788524059843,0.9482582284242376
0.2369052599833068,615170,810136,10212,67291,0.7832900499486355,0.9836707804190079,0.43160556399818706,0.9484279106659596
0.23680253677486862,615216,810244,10166,67183,0.7833179016589814,0.9837443354621656,0.43159120564589676,0.9485303854315486
0.23663524260817825,615227,810306,10155,67121,0.7833173459745086,0.9837619247116163,0.43157682074003195,0.9485789611321199
0.23652771761986324,615264,810422,10118,67005,0.7833339359658017,0.9838210885506778,0.4315564577333298,0.9486807704771532
0.2364985056881701,615297,810497,10085,66930,0.7833544079146044,0.98387385629903,0.4315469135092447,0.9487526358971765
0.23628471720641198,615410,811027,9972,66400,0.7833700147531865,0.9840545458615694,0.43143160195648317,0.9491805013145383
0.23606735748500263,615427,811068,9955,66359,0.783380087132891,0.9840817292470841,0.4314259776585267,0.9492190957067731
0.23571550394322183,615452,811140,9930,66287,0.7833925643819435,0.9841217048140176,0.43141416747044703,0.949283641500683
0.23543936161516366,615489,811401,9893,66026,0.7833802309224731,0.9841808686530792,0.4313499989487627,0.9494819368263033
0.23542909875904294,615584,811806,9798,65621,0.783401435204298,0.9843327758074265,0.43126545653255244,0.9498146471041895
0.23530167949814607,615705,812153,9677,65274,0.7834620981496855,0.9845262575513846,0.43120884569754137,0.9501260639242911
0.23510734495080643,615747,812252,9635,65175,0.7834874273672124,0.9845934165038328,0.4311956801090197,0.950219888222655
0.23489518777769536,615753,812327,9629,65100,0.783478911891466,0.9846030106398969,0.431175424345975,0.9502737872876726
0.23466351426184906,615775,812371,9607,65056,0.7834937452826876,0.9846381891387984,0.4311709026948225,0.9503177050443536
0.234541999942529,615798,812489,9584,64938,0.7834948973424958,0.9846749666603771,0.4311444408581749,0.9504115293427176
0.23377975538363516,615834,812650,9548,64777,0.7835014244231315,0.9847325314767614,0.43111018394325734,0.9505426171922048
0.23366190838680645,615837,812664,9545,64763,0.7835018520219571,0.9847373285447935,0.4311071535826716,0.9505539293416528
0.23338242907345952,615917,812866,9465,64561,0.7835474088437276,0.9848652503589805,0.431078057339708,0.9507415779383808
0.23172389022241602,616026,813234,9356,64193,0.7835909746340938,0.9850395438308106,0.43101045296167245,0.9510589835434843
0.231057129196647,616062,813298,9320,64129,0.7836168316166728,0.9850971086471948,0.4310054849722953,0.9511255255990615
0.23073893167349957,616070,813377,9312,64050,0.7836096642690427,0.9851099008286136,0.43098484938581144,0.9511834171874137
0.23071992518480866,616105,813478,9277,63949,0.7836270713291993,0.9851658666223204,0.43096833132458906,0.9512739143829988
0.23041426713400048,616113,813562,9269,63865,0.7836189074947287,0.9851786588037391,0.4309461940650847,0.9513351330741299
0.22912481523945916,616379,814539,9003,62888,0.7837094266520125,0.9856039988359115,0.43075773734064426,0.9521622508249551
0.22817882354570018,616384,814594,8998,62833,0.7837038265167301,0.9856119939492982,0.4307431700557241,0.9522021760583015
0.22815006491014145,616433,814713,8949,62714,0.7837326460316822,0.9856903460604878,0.43072684408159617,0.9523139667116712
0.22811800197058696,616487,814768,8895,62659,0.7837795779731555,0.9857766932850641,0.43073177036936117,0.9523864975522505
0.22767036469812718,616507,814867,8875,62560,0.7837812892362942,0.9858086737386109,0.4307099332529444,0.9524656825983874
0.2275277906966846,616543,814945,8839,62482,0.7838043374346811,0.9858662385549952,0.43070078128492867,0.9525415405417454
0.22747096811343082,616601,815075,8781,62352,0.783840604250377,0.9859589818702809,0.43068473593187284,0.9526666396062308
0.22705845437711103,616611,815098,8771,62329,0.7838467399752418,0.9859749720970543,0.43068179357676734,0.9526885984845712
0.22683761280799408,616717,815438,8665,61989,0.7838926014119593,0.9861444685008522,0.4306216855019184,0.9529853760524458
0.22660747052980568,616751,815583,8631,61844,0.7839001469802449,0.9861988352718818,0.43059160782331496,0.9531044863319291
0.22647849450285062,616783,815645,8599,61782,0.7839220875881683,0.9862500039975567,0.4305856908689302,0.9531670358641717
0.2263917511339506,616885,816040,8497,61387,0.7839526866885943,0.9864131043106453,0.43050752830748296,0.9534977498803907
0.22543842526586833,616894,816069,8488,61358,0.7839565524485886,0.9864274955147414,0.43050239259492395,0.95352303586151
0.22528972467299424,616896,816094,8486,61333,0.7839537142796145,0.986430693560096,0.43049567687143664,0.9535410022165158
0.22459507637810017,616935,816240,8447,61187,0.7839664137293209,0.9864930554445123,0.43046731906431523,0.9536641050193337
0.22436526133784307,616966,816318,8416,61109,0.7839840886934369,0.9865426251475098,0.430456211050985,0.953736635859913
0.22393501482439326,616979,816326,8403,61101,0.7839964237364077,0.9865634124423153,0.4304589741890247,0.9537506096915842
0.22312219662102106,617096,816746,8286,60681,0.7840380955285018,0.986750498095564,0.43037935839513697,0.9541079405300341
0.2208549938109332,617132,816777,8250,60650,0.784070485691932,0.9868080629119482,0.43038435493465765,0.9541525237072709
0.21951105337623322,617164,816836,8218,60591,0.7840930111537766,0.9868592316376231,0.43037935843793584,0.9542130769778462
0.217292767578932,617176,816907,8206,60520,0.784091720446965,0.9868784199097511,0.43036281721490316,0.9542683068839752
0.2168604046642103,617196,816971,8186,60456,0.7841003939583733,0.9869104003632979,0.4303515559903414,0.9543242022106602
0.21667619335195565,617207,817002,8175,60425,0.7841060009853301,0.9869279896127486,0.4303466231211769,0.9543521498740026
0.2123846193190181,617213,817031,8169,60396,0.7841066504868677,0.9869375837488127,0.43034030471802565,0.9543754395934546
0.2091691017001095,617230,817057,8152,60370,0.784119680421971,0.9869647671343275,0.43033925567198195,0.9544040526773528
0.20501122010133654,618558,819765,6824,57662,0.7850017678333521,0.9890882692498345,0.430055001553893,0.957089690040451
0.1971075281740634,618559,819787,6823,57640,0.7849984542652887,0.9890898682725119,0.43004881996404204,0.9571049947132337
0.18807648029043422,618612,819868,6770,57559,0.7850390151492078,0.9891746164744109,0.4300456036927868,0.9571941610677072
0.1788183097435172,618835,821181,6547,56246,0.7850159734357907,0.9895311985314575,0.4297417528694126,0.9582162470413739
0.1640564411944906,618979,822105,6403,55322,0.7849859433289403,0.9897614577969944,0.4295231922636016,0.958926916194939
0.15016323973380263,619299,822563,6083,54864,0.7852368140102804,0.9902731450537432,0.4295133653567401,0.95944461338733
0.14420467793645986,619310,822885,6072,54542,0.7851844564133942,0.9902907343031939,0.42942181882477753,0.9596661984324023
0.14214620761306285,619391,824098,5991,53329,0.7850295702147798,0.9904202551400584,0.4290929823504024,0.9605272526315719
0.14113873995285808,619553,824679,5829,52748,0.7850870301285431,0.9906792968137874,0.42898440139811334,0.961021660104511
0.1390010148073344,619791,825631,5591,51796,0.7851518260935659,0.9910598642109942,0.4287958810644919,0.9618135105658803
0.13682882832978782,619836,826336,5546,51091,0.7850596549889809,0.9911318202314745,0.4286046196441364,0.9623125759827097
0.13600910105113362,619930,827110,5452,50317,0.7850061085436543,0.9912821283631444,0.4284124834144184,0.9628901610251203
0.1353253417910043,620112,827938,5270,49489,0.7850357683782926,0.9915731504904203,0.4282393563758157,0.9635622357864506
0.13526971130732413,620258,829004,5124,48423,0.7849797129181758,0.9918066078013118,0.42798196599372645,0.9643687255000469
0.13508208308077507,620363,829631,5019,47796,0.7849671594894322,0.9919745051824325,0.42783832208960865,0.9648558133468724
0.13388515064100903,620465,830441,4917,46986,0.7849150675254792,0.9921376054955211,0.4276396954730355,0.965462676893737
0.13335082289149947,620498,830646,4884,46781,0.7849095497931525,0.9921903732438734,0.4275922995925973,0.9656210469860108
0.13322282892439163,620580,831676,4802,45751,0.7847924924578581,0.9923214931034152,0.42732135381089836,0.9663609946440299
0.13240805684021584,620693,832358,4689,45069,0.7847775957946471,0.9925021826659546,0.42716532317172623,0.9668900039858691
0.13216325711951216,620703,832590,4679,44837,0.7847422171572367,0.9925181728927279,0.4271010732178577,0.9670510357603661
0.13119332262899808,620717,833042,4665,44385,0.7846674590238332,0.9925405592102107,0.4269737968948086,0.9673611217393561
0.13004107035367563,620718,833494,4664,43933,0.7845788651428052,0.992542158232888,0.4268414784089252,0.967662557251121
0.12831078991825262,620989,836136,4393,41291,0.7843438159394117,0.992975493378447,0.42617414429098394,0.9696009273300865
0.1274980692816824,621073,836600,4309,40827,0.784341335537145,0.9931098112833436,0.42607155377097605,0.9699655777946499
0.127419393754732,621132,837503,4250,39924,0.7842252957769668,0.9932041536213067,0.42583099953038284,0.970605712369303
0.12416235119547636,621268,839472,4114,37955,0.7839802860381984,0.9934216207054248,0.4253104590823829,0.9720064226392043
0.12242073833733147,621297,840010,4085,37417,0.7839047045864892,0.9934679923630677,0.4251652801225205,0.9723837160943274
0.12241308473374302,621350,840251,4032,37176,0.7839134179079207,0.9935527405649667,0.42511602003556376,0.9725793497377245
0.1220233262637942,621355,840547,4027,36880,0.783860191803564,0.9935607356783533,0.42503191048373967,0.972779641325012
0.12191521085527812,621356,840798,4026,36629,0.7838116175818343,0.9935623347010307,0.4249593408081502,0.9729473273050667
0.1216325076290069,621357,841033,4025,36394,0.7837662131254985,0.9935639337237081,0.42489144482661945,0.973104366556229
0.11984958059539252,621366,841635,4016,35792,0.7836567723429442,0.9935783249278042,0.42472014714959183,0.9735109385158061
0.11948989534246546,621601,842559,3781,34868,0.7837240347702593,0.993954095256979,0.42454444869413177,0.9742821609399465
0.11692005825824003,621652,842831,3730,34596,0.7837245030334006,0.9940356454135233,0.42448563759360813,0.974497091779461
0.11637377134572557,621676,842990,3706,34437,0.7837185977287041,0.9940740219577794,0.42444898700454575,0.9746188637411674
0.11555054397734632,621676,843201,3706,34226,0.7836769064177763,0.9940740219577794,0.4243878496283306,0.9747592674784353
0.11531548237929712,621727,843426,3655,34001,0.7836866639893654,0.9941555721143237,0.42434271369611226,0.9749429235518287
0.114811905519145,621737,843849,3645,33578,0.783613730283526,0.9941715623410972,0.4242241669884947,0.9752310506524782
0.11462653940689838,621743,844086,3639,33341,0.7835732957734834,0.9941811564771612,0.4241579338381216,0.9753927478475308
0.11442877197343737,621756,844199,3626,33228,0.7835647941024574,0.9942019437719666,0.4241303450651623,0.9754765908375582
0.11441098187037879,621765,844238,3617,33189,0.7835666564420039,0.9942163349760627,0.4241225972934571,0.9755085310242353
0.11430635464322714,621786,844380,3596,33047,0.783560929849933,0.9942499144522867,0.42408976882563093,0.9756169945748262
0.1141779391895349,621786,844423,3596,33004,0.7835524380774229,0.9942499144522867,0.4240773314036403,0.9756456076587244
0.11407349762519181,621830,845249,3552,32178,0.7834361023905869,0.9943202714500897,0.4238558387107988,0.9762245235422465
0.11391303575188583,621869,845983,3513,31444,0.783332661523966,0.9943826333345059,0.42365919724876894,0.9767388936318587
0.11375021630132609,621876,845989,3506,31438,0.7833389135316156,0.9943938264932474,0.423660213984256,0.9767475440990838
0.11284690919692242,621881,846175,3501,31252,0.7833075203850076,0.994401821606634,0.42360849994823085,0.9768746394252363
0.11250102560145714,621899,846736,3483,30691,0.783215953601905,0.9944306040148262,0.42345375127244006,0.9772599179270286
0.11228529032525825,622160,847395,3222,30032,0.7833631278923155,0.9948479489336117,0.4233662571322611,0.9778721048383394
0.11209418621256861,622281,848634,3101,28793,0.783247236020756,0.9950414306775699,0.4230570767175534,0.9787770767941901
0.1120674666637329,622401,849749,2981,27678,0.7831548001624691,0.9952333133988506,0.422783683727881,0.9795988711805692
0.11089097322178365,622735,851142,2647,26285,0.7832346641411378,0.9957673869730821,0.42251490456802027,0.9807480524803884
0.11055435208217235,622736,851399,2646,26028,0.7831850939076074,0.9957689859957594,0.42244163526407014,0.9809197309837777
0.11028579718153497,622741,852250,2641,25177,0.7830227895302398,0.9957769811091461,0.42219986427035827,0.9814893309795191
0.109711192581604,622837,853001,2545,24426,0.7829767237915747,0.9959304872861707,0.4220226068172794,0.9820529421902584
0.10923443480223272,623022,855800,2360,21627,0.7826221312196163,0.9962263064814785,0.42129613976529967,0.9840385571286837
0.10913596094796141,623051,855923,2331,21504,0.7826286734688238,0.9962726781391213,0.4212724496847139,0.9841397010531611
0.10865127101859995,623090,856209,2292,21218,0.7826137634215202,0.9963350400235376,0.4212062605328605,0.9843559627337872
0.10779316138079342,623106,856508,2276,20919,0.7825719353893933,0.9963606243863751,0.42112740214677613,0.9845655702088556
0.10754449385041975,623137,857282,2245,20145,0.7824526544426633,0.9964101940893726,0.42091934783328233,0.9851012337562525
0.10733695359617312,623147,857523,2235,19904,0.7824158919270212,0.9964261843161459,0.42085474818832014,0.9852682543157514
0.10728299151512755,623527,860820,1855,16607,0.7821707906043215,0.997033812933535,0.42006821854997517,0.987715005699327
0.10720208517698959,623531,860898,1851,16529,0.7821597172272556,0.9970402090242444,0.4200477085802016,0.9877695701849004
0.10658903626406713,623533,861013,1849,16414,0.7821392678610583,0.997043407069599,0.4200159510045495,0.9878474243899258
0.1058720167628554,623550,861079,1832,16348,0.7821443059066665,0.9970705904551138,0.42000392017130206,0.987902654296055
0.10572287613729447,623659,861875,1723,15552,0.7821034636531863,0.9972448839269439,0.4198214244843942,0.988504859899029
0.10533694796666104,623688,862776,1694,14651,0.7819574362235431,0.9972912555845868,0.4195782743477138,0.9891237010158975
0.1052065311588608,623764,863275,1618,14152,0.7819399799476855,0.9974127813080645,0.419467142421954,0.9895063178354668
0.10503946513352991,623847,863570,1535,13857,0.781969919364644,0.9975455001902837,0.419416343903559,0.9897578468055488
0.10483954119063843,623847,863582,1535,13845,0.7819675669604862,0.9975455001902837,0.4194129602152439,0.9897658318522181
0.10483508329291125,623848,863605,1534,13822,0.7819641156475802,0.997547099212961,0.41940686529255045,0.9897818019455566
0.10475279909216118,623853,864007,1529,13420,0.7818906057771268,0.9975550943263477,0.41929549823236056,0.9900526281117561
0.10474834445120818,623877,864812,1505,12615,0.7817582352037495,0.9975934708706039,0.4190781284741138,0.9906042617524915
0.10455736398209925,623946,864997,1436,12430,0.7817949309743135,0.9977038034353404,0.4190529791939651,0.9907732785736577
0.10420270206916404,623948,865124,1434,12303,0.7817721645867789,0.997707001480695,0.4190180192764353,0.9908591178253524
0.10415013184482047,624001,866430,1381,10997,0.7815724059290188,0.997791749682594,0.4186715117975941,0.9917634243606473
0.10404072163747802,624067,866640,1315,10787,0.7816010330053216,0.9978972851792984,0.4186382702972482,0.9919470804340406
0.10356267399016628,624081,867081,1301,10346,0.781529495152391,0.9979196714967812,0.41851991936489796,0.9922498467869171
0.10347409248496897,624113,867253,1269,10174,0.7815296374008426,0.9979708402224561,0.4184841279739514,0.9923855925802947
0.10328932449597916,624157,867414,1225,10013,0.7815446098381232,0.998041197220259,0.4184561110399706,0.9925220037942281
0.1025817173100192,624178,867508,1204,9919,0.781548396855265,0.9980747766964831,0.41843792862572954,0.9925985271581419
0.102508124072346,624220,867733,1162,9694,0.7815487290411548,0.9981419356489314,0.41839119596931,0.9927761944465331
0.10230500045577573,624222,867782,1160,9645,0.7815412522048152,0.998145133694286,0.4183782349108984,0.9928101308948776
0.1022253688945175,624225,867798,1157,9629,0.7815412899447134,0.9981499307623181,0.4183749178129292,0.9928227738854372
0.10203631644604694,624250,868061,1132,9366,0.7815162303738333,0.9981899063292515,0.41831092848608636,0.9930144150054997
0.1017923360973314,624268,868270,1114,9157,0.7814943468635721,0.9982186887374437,0.4182593676006909,0.9931654654716601
0.10145110032857652,624316,868511,1066,8916,0.781497888895704,0.998295441825956,0.41821054951444475,0.9933577720122784
0.10137826999952948,624338,868942,1044,8485,0.7814368049728547,0.9983306203248574,0.4180984142290796,0.9936592075240434
0.10075305779860178,624427,870199,955,7228,0.7812849554846986,0.9984729333431407,0.4177814382996147,0.9945548635921132
0.10074568235840764,624434,870208,948,7219,0.7812905857358421,0.998484126501882,0.41778164938493634,0.9945655103210055
0.10043272792499702,624445,870520,937,6907,0.7812412032249274,0.9985017157513327,0.4176987421110193,0.9947804411605201
0.10033073133759274,624473,870756,909,6671,0.7812246278670432,0.9985464883862983,0.41764371878822576,0.994956112187244
0.0998138719793179,624573,871063,809,6364,0.7812701705509206,0.9987063906540322,0.41759692866446113,0.9952269383534434
0.0994087833970213,624603,871182,779,6245,0.7812785738820053,0.9987543613343525,0.417575386837012,0.9953260860162536
0.0993163368874509,624680,871565,702,5862,0.7812849804128449,0.9988774860805076,0.417498471172836,0.995632179471909
0.09884675533487075,624680,871724,702,5703,0.7812539082705758,0.9988774860805076,0.4174541099863406,0.9957379813402768
0.09878072127643966,624686,871954,696,5473,0.7812152966058454,0.9988870802165716,0.4173922920675647,0.9958950205914391
0.09866978961985351,624804,872485,578,4942,0.7812360505619537,0.9990757648924977,0.41729018245642624,0.9963268785321355
0.09866647969822762,624844,872617,538,4810,0.7812524615596592,0.9991397257995913,0.4172689639329505,0.9964413308677283
0.09827692736320026,624848,872691,534,4736,0.7812422247489227,0.9991461218903006,0.4172499013381288,0.9964932336710787
0.09800669605788581,624879,872731,503,4696,0.781267113062865,0.9991956915932981,0.41725081963929195,0.9965404785305385
0.09758730845655283,624881,872858,501,4569,0.7812444130386893,0.9991988896386529,0.41721621724479363,0.9966263177822331
0.09743161843734538,624883,872864,499,4563,0.7812453507198179,0.9992020876840075,0.41721532408344,0.9966316411466793
0.09701211200219384,624911,873320,471,4107,0.7811858164454408,0.999246860318973,0.4170992323613648,0.9969537046956732
0.09656488157858722,625109,874173,273,3254,0.7812280513196078,0.9995634668090863,0.41693890809067274,0.9976530616997902
0.09596618401994106,625119,874430,263,2997,0.7811884150192561,0.9995794570358597,0.416871339316021,0.9978307289881815
0.09532353820341799,625120,874658,262,2769,0.7811449561718099,0.999581056058537,0.41680835430310353,0.9979831102954534
0.09455596622102225,625131,874667,251,2760,0.7811547971847332,0.9995986453079878,0.41681013043089804,0.9979964187065689
0.09339178414952098,625179,875619,203,1808,0.7810195871100954,0.9996753983965001,0.4165643877457193,0.9986618392623414
0.092597533905446,625179,875726,203,1701,0.7809987075361411,0.9996753983965001,0.41653469073658894,0.998733039261809
0.09190400706323643,625179,875959,203,1468,0.7809532446624325,0.9996753983965001,0.4164700380644551,0.9988880822513041
0.09149209383445522,625198,876058,184,1369,0.7809539560465916,0.9997057798273695,0.41644995923413464,0.9989666018768852
0.0879233397451924,625207,876495,175,932,0.7808781908608798,0.9997201710314656,0.4163322683195467,0.9992633794447597
0.08236499913051565,625251,876631,131,796,0.7808980344256521,0.9997905280292685,0.4163116676276831,0.9993831551447988
0.0794869479022724,625266,877032,116,395,0.780835630719217,0.9998145133694286,0.41620637183834364,0.9996599700960003
0.07912583858820432,625346,877213,36,214,0.7808846311281448,0.9999424351836158,0.416187317769219,0.9998336448610569
0.07359076657932118,625382,877427,0,0,0.7808808299601158,1.0,0.416142038010153,1.0
