id_municipio,nome_municipio,sigla_uf,regiao,avaliacoes,municipios,risco_medio,risco_observado,risco_ponderado,observado_ponderado,soma_pesos,erro_risco_pp
2800308,Aracaju,SE,Nordeste,3664,1,0.6781378858675705,0.5556768558951966,0.6780660403417502,0.5572819421849581,3995.5,12.246102997237395
2804805,Nossa Senhora do Socorro,SE,Nordeste,1785,1,0.6695247913749053,0.7019607843137254,0.6695379267253719,0.7017313444761273,2002.49,-3.2435992938820157
2806206,Salgado,SE,Nordeste,175,1,0.6667810776307119,0.5485714285714286,0.6667810776307119,0.5510398475948564,188.97,11.820964905928333
2807501,Tomar do Geru,SE,Nordeste,113,1,0.6667810776307119,0.5929203539823009,0.6667810776307119,0.595666050730724,119.06,7.386072364841101
2805802,Riachão do Dantas,SE,Nordeste,125,1,0.6660647882130779,0.656,0.6660647882130778,0.65361267397098,135.08,1.006478821307788
2803500,Lagarto,SE,Nordeste,757,1,0.6658692768823351,0.6221928665785997,0.6660542446147146,0.6249939110526572,821.16,4.367641030373537
2801702,Cristinápolis,SE,Nordeste,185,1,0.6655283823194484,0.654054054054054,0.6655283823194484,0.6526629695511144,191.14000000000001,1.1474328265394407
2807600,Umbaúba,SE,Nordeste,183,1,0.6655283823194484,0.6065573770491803,0.6655283823194484,0.6065342909449374,213.03,5.897100527026811
2804201,Monte Alegre de Sergipe,SE,Nordeste,169,1,0.6655283823194484,0.6449704142011834,0.6655283823194484,0.6493181818181818,176.0,2.0557968118265046
2805505,Poço Verde,SE,Nordeste,153,1,0.6655283823194484,0.5882352941176471,0.6655283823194484,0.5946928802772884,175.99,7.729308820180137
2804003,Maruim,SE,Nordeste,122,1,0.6655283823194484,0.6885245901639344,0.6655283823194484,0.687812523322636,133.99,-2.299620784448597
2804904,Pacatuba,SE,Nordeste,106,1,0.6655283823194484,0.6981132075471698,0.6655283823194484,0.7143220338983052,118.0,-3.2584825227721326
2805307,Pirambu,SE,Nordeste,100,1,0.6655283823194484,0.61,0.6655283823194486,0.6234346264996935,114.19,5.552838231944845
2802809,Indiaroba,SE,Nordeste,235,1,0.6652158484258675,0.6553191489361702,0.6652158484258675,0.6570220527275742,241.24,0.9896699489697292
2800506,Areia Branca,SE,Nordeste,147,1,0.6649543679877369,0.54421768707483,0.6649543679877368,0.551784317265451,166.17000000000002,12.07366809129069
2803401,Japoatã,SE,Nordeste,137,1,0.6649543679877369,0.6058394160583942,0.6649543679877369,0.6071687183200579,138.1,5.911495192934268
2803906,Malhador,SE,Nordeste,128,1,0.6649543679877369,0.625,0.6649543679877369,0.6325855622663216,139.08,3.9954367987736883
2806305,Santa Luzia do Itanhy,SE,Nordeste,123,1,0.6649543679877369,0.7804878048780488,0.6649543679877368,0.7784675953967293,132.08,-11.553343689031193
2800407,Arauá,SE,Nordeste,108,1,0.6649543679877369,0.7129629629629629,0.6649543679877369,0.713953903877077,111.94,-4.800859497522603
2801405,Carira,SE,Nordeste,123,1,0.6632707480173794,0.6504065040650406,0.6632707480173795,0.6546008912516613,127.91,1.286424395233876
2806008,Ribeirópolis,SE,Nordeste,111,1,0.6631085220670012,0.5855855855855856,0.6627390070848737,0.5781867069994118,119.01,7.752293648141562
2803302,Japaratuba,SE,Nordeste,167,1,0.6628226372842487,0.41916167664670656,0.6628226372842487,0.4171597633136095,169.0,24.366096063754217
2801009,Campo do Brito,SE,Nordeste,124,1,0.6624702667062989,0.6451612903225806,0.6623121160152038,0.6505291600990768,133.23,1.730897638371831
2801306,Capela,SE,Nordeste,317,1,0.662151420653821,0.6403785488958991,0.662151420653821,0.6422389086323512,348.92,2.1772871757921974
2805406,Poço Redondo,SE,Nordeste,345,1,0.6611532082886773,0.7333333333333333,0.6611532082886773,0.7339192363057807,395.97,-7.218012504465598
2801504,Carmópolis,SE,Nordeste,147,1,0.6602558896895359,0.8367346938775511,0.6602558896895359,0.8383619391749473,166.05,-17.64788041880152
2802700,Ilha das Flores,SE,Nordeste,114,1,0.6601301061215057,0.8421052631578947,0.6601301061215056,0.8372813128967331,129.18,-18.1975157036389
2804409,Neópolis,SE,Nordeste,200,1,0.6600523116903702,0.69,0.6600445302344748,0.6901387945258662,206.06,-2.9947688309629794
2805604,Porto da Folha,SE,Nordeste,228,1,0.6598981994412846,0.8245614035087719,0.659936120137167,0.8314273103005497,249.21,-16.466320406748736
2800704,Brejo Grande,SE,Nordeste,139,1,0.6591289960012156,0.6546762589928058,0.6591289960012156,0.6540681306306305,142.08,0.44527370084097573
2804607,Nossa Senhora das Dores,SE,Nordeste,221,1,0.6590912478015236,0.7194570135746606,0.6588516525479178,0.7164893389736359,234.03,-6.036576577313701
2800670,Boquim,SE,Nordeste,164,1,0.6590207135805058,0.6402439024390244,0.6593869887435022,0.6508257158729358,198.01,1.8776811141481442
2806602,Santo Amaro das Brotas,SE,Nordeste,101,1,0.6587525252873259,0.6237623762376238,0.6587525252873259,0.6237623762376238,101.0,3.49901490497021
2803609,Laranjeiras,SE,Nordeste,215,1,0.6574614196791949,0.7302325581395349,0.6574614196791949,0.7265836269769728,244.06,-7.277113846034
2806107,Rosário do Catete,SE,Nordeste,128,1,0.6567701740743186,0.609375,0.6567701740743185,0.6097365155828042,137.01000000000002,4.739517407431859
2807105,Simão Dias,SE,Nordeste,358,1,0.6535758440990618,0.6396648044692738,0.6535211663752569,0.6403038189833749,376.54,1.3911039629788013
2805703,Propriá,SE,Nordeste,193,1,0.6534880993224185,0.6373056994818653,0.6538586575711358,0.6587398099355942,222.03,1.618239984055314
2804508,Nossa Senhora da Glória,SE,Nordeste,434,1,0.6530072649992891,0.6221198156682027,0.6531001572709741,0.6242956362206789,457.86,3.0887449331086336
2806701,São Cristóvão,SE,Nordeste,734,1,0.6529823542205692,0.329700272479564,0.653024035091053,0.32417569164716953,829.18,32.32820817410052
2803203,Itaporanga d'Ajuda,SE,Nordeste,345,1,0.6528408848915371,0.5971014492753624,0.6528408848915372,0.6050790294976341,397.32,5.573943561617478
2802106,Estância,SE,Nordeste,537,1,0.6519053376592856,0.6852886405959032,0.6520562084099326,0.6890354829386062,588.17,-3.338330293661762
2802908,Itabaiana,SE,Nordeste,776,1,0.6515928041521643,0.5940721649484536,0.6516505289223328,0.5917202645167136,883.12,5.752063920371064
2907202,Casa Nova,BA,Nordeste,430,1,0.6514012010302199,0.7906976744186046,0.6514012010302199,0.7906976744186046,430.0,-13.92964733883847
2807402,Tobias Barreto,SE,Nordeste,415,1,0.6496673946599986,0.5349397590361445,0.6496673946599985,0.5373624836845049,429.04,11.472763562385403
2803005,Itabaianinha,SE,Nordeste,469,1,0.6496673946599985,0.4136460554371002,0.6496673946599985,0.4139511201629328,491.0,23.602133922289823
2800605,Barra dos Coqueiros,SE,Nordeste,278,1,0.6483211738849962,0.7194244604316546,0.6484671776852406,0.7191520873831343,324.09,-7.110328654665842
2933604,Xique-Xique,BA,Nordeste,524,1,0.6440084123611514,0.6774809160305344,0.6440084123611514,0.6774809160305344,524.0,-3.3472503669383036
2902708,Barra,BA,Nordeste,474,1,0.6440084123611514,0.7151898734177216,0.6440084123611514,0.7151898734177216,474.0,-7.118146105657019
2914000,Ipirá,BA,Nordeste,415,1,0.6440084123611514,0.655421686746988,0.6440084123611514,0.655421686746988,415.0,-1.1413274385836614
2924405,Pilão Arcado,BA,Nordeste,391,1,0.6440084123611514,0.7749360613810742,0.6440084123611514,0.7749360613810742,391.0,-13.092764901992282
2909901,Curaçá,BA,Nordeste,388,1,0.6440084123611514,0.770618556701031,0.6440084123611514,0.770618556701031,388.0,-12.66101443398796
2906808,Cansanção,BA,Nordeste,332,1,0.6440084123611514,0.7680722891566265,0.6440084123611514,0.7680722891566265,332.0,-12.406387679547514
2902104,Araci,BA,Nordeste,331,1,0.6440084123611514,0.7552870090634441,0.6440084123611514,0.7552870090634441,331.0,-11.12785967022928
2926004,Remanso,BA,Nordeste,329,1,0.6440084123611514,0.6474164133738601,0.6440084123611514,0.6474164133738601,329.0,-0.34080010127087723
2919157,Lapão,BA,Nordeste,301,1,0.6440084123611514,0.7475083056478405,0.6440084123611514,0.7475083056478405,301.0,-10.349989328668919
2919801,Macaúbas,BA,Nordeste,273,1,0.6440084123611514,0.684981684981685,0.6440084123611514,0.684981684981685,273.0,-4.097327262053363
2931905,Tucano,BA,Nordeste,256,1,0.6440084123611514,0.64453125,0.6440084123611514,0.64453125,256.0,-0.05228376388486389
2921500,Monte Santo,BA,Nordeste,251,1,0.6440084123611514,0.7250996015936255,0.6440084123611514,0.7250996015936255,251.0,-8.109118923247415
2917003,Itiúba,BA,Nordeste,247,1,0.6440084123611514,0.7894736842105263,0.6440084123611514,0.7894736842105263,247.0,-14.546527184937496
2927200,Ruy Barbosa,BA,Nordeste,247,1,0.6440084123611514,0.7206477732793523,0.6440084123611514,0.7206477732793523,247.0,-7.663936091820089
2922904,Nova Soure,BA,Nordeste,242,1,0.6440084123611514,0.6859504132231405,0.6440084123611514,0.6859504132231405,242.0,-4.194200086198919
2923704,Paratinga,BA,Nordeste,233,1,0.6440084123611514,0.7553648068669528,0.6440084123611514,0.7553648068669528,233.0,-11.135639450580149
2923100,Olindina,BA,Nordeste,202,1,0.6440084123611514,0.7871287128712872,0.6440084123611514,0.7871287128712872,202.0,-14.31203005101358
2926400,Riacho de Santana,BA,Nordeste,198,1,0.6440084123611514,0.47474747474747475,0.6440084123611514,0.47474747474747475,198.0,16.92609376136766
2905909,Campo Alegre de Lourdes,BA,Nordeste,189,1,0.6440084123611514,0.7195767195767195,0.6440084123611514,0.7195767195767195,189.0,-7.556830721556818
2925006,Planalto,BA,Nordeste,181,1,0.6440084123611514,0.7569060773480663,0.6440084123611514,0.7569060773480663,181.0,-11.289766498691488
2922300,Muritiba,BA,Nordeste,174,1,0.6440084123611514,0.4827586206896552,0.6440084123611514,0.4827586206896552,174.0,16.12497916714962
2907806,Cícero Dantas,BA,Nordeste,156,1,0.6440084123611514,0.6346153846153846,0.6440084123611514,0.6346153846153846,156.0,0.939302774576678
2925907,Quijingue,BA,Nordeste,132,1,0.6440084123611514,0.6515151515151515,0.6440084123611514,0.6515151515151515,132.0,-0.750673915400013
2913507,Iguaí,BA,Nordeste,108,1,0.6440084123611514,0.6851851851851852,0.6440084123611514,0.6851851851851852,108.0,-4.1176772824033865
2932309,Ubatã,BA,Nordeste,105,1,0.6440084123611514,0.580952380952381,0.6440084123611514,0.580952380952381,105.0,6.305603140877036
2933000,Valente,BA,Nordeste,102,1,0.6440084123611513,0.6274509803921569,0.6440084123611513,0.6274509803921569,102.0,1.6557431968994396
2907103,Carinhanha,BA,Nordeste,316,1,0.6434172536958067,0.680379746835443,0.6434172536958067,0.680379746835443,316.0,-3.6962493139636288
2928406,Santa Rita de Cássia,BA,Nordeste,259,1,0.6434172536958067,0.6795366795366795,0.6434172536958067,0.6795366795366795,259.0,-3.61194258408728
2918100,Jeremoabo,BA,Nordeste,193,1,0.6434172536958067,0.7046632124352331,0.6434172536958067,0.7046632124352331,193.0,-6.12459587394264
2920601,Maragogipe,BA,Nordeste,167,1,0.6434172536958067,0.4550898203592814,0.6434172536958067,0.4550898203592814,167.0,18.83274333365253
2922102,Mundo Novo,BA,Nordeste,126,1,0.6431645589881774,0.6666666666666666,0.6431645589881774,0.6666666666666666,126.0,-2.350210767848926
2917607,Jaguaquara,BA,Nordeste,527,1,0.6429854971160931,0.4629981024667932,0.6429854971160931,0.4629981024667932,527.0,17.99873946492999
2925105,Poções,BA,Nordeste,389,1,0.6429854971160931,0.570694087403599,0.6429854971160931,0.570694087403599,389.0,7.229140971249414
2913903,Ipiaú,BA,Nordeste,326,1,0.6429854971160931,0.7484662576687117,0.6429854971160931,0.7484662576687117,326.0,-10.548076055261857
2928109,Santa Maria da Vitória,BA,Nordeste,251,1,0.6429854971160931,0.7370517928286853,0.6429854971160931,0.7370517928286853,251.0,-9.406629571259217
2901007,Amargosa,BA,Nordeste,249,1,0.6429854971160931,0.4899598393574297,0.6429854971160931,0.4899598393574297,249.0,15.30256577586634
2905800,Camamu,BA,Nordeste,236,1,0.6429854971160931,0.7161016949152542,0.6429854971160931,0.7161016949152542,236.0,-7.3116197799161124
2907509,Catu,BA,Nordeste,231,1,0.6429854971160931,0.6060606060606061,0.6429854971160931,0.6060606060606061,231.0,3.692489105548702
2914901,Itacaré,BA,Nordeste,218,1,0.6429854971160931,0.6880733944954128,0.6429854971160931,0.6880733944954128,218.0,-4.5087897379319735
2928000,Santaluz,BA,Nordeste,199,1,0.6429854971160931,0.7085427135678392,0.6429854971160931,0.7085427135678392,199.0,-6.555721645174605
2905602,Camacan,BA,Nordeste,191,1,0.6429854971160931,0.7539267015706806,0.6429854971160931,0.7539267015706806,191.0,-11.094120445458755
2926301,Riachão do Jacuípe,BA,Nordeste,172,1,0.6429854971160931,0.6162790697674418,0.6429854971160931,0.6162790697674418,172.0,2.670642734865125
2917300,Ituberá,BA,Nordeste,120,1,0.6429854971160931,0.7083333333333334,0.6429854971160931,0.7083333333333334,120.0,-6.534783621724028
2930154,Serra do Ramalho,BA,Nordeste,439,1,0.6423935830307552,0.7334851936218679,0.6423935830307552,0.7334851936218679,439.0,-9.10916105911127
2916500,Itapicuru,BA,Nordeste,326,1,0.6423935830307552,0.48773006134969327,0.6423935830307552,0.48773006134969327,326.0,15.466352168106196
2906303,Canavieiras,BA,Nordeste,272,1,0.6423935830307552,0.7132352941176471,0.6423935830307552,0.7132352941176471,272.0,-7.084171108689185
2928208,Santana,BA,Nordeste,230,1,0.6423935830307552,0.6130434782608696,0.6423935830307552,0.6130434782608696,230.0,2.9350104769885643
2923001,Nova Viçosa,BA,Nordeste,481,1,0.6412127060030921,0.6278586278586279,0.6412127060030921,0.6278586278586279,481.0,1.335407814446421
2914653,Itabela,BA,Nordeste,313,1,0.6412127060030921,0.7507987220447284,0.6412127060030921,0.7507987220447284,313.0,-10.958601604163631
2908408,Conceição do Coité,BA,Nordeste,446,1,0.6410693767959604,0.6905829596412556,0.6410693767959604,0.6905829596412556,446.0,-4.951358284529517
2930105,Senhor do Bonfim,BA,Nordeste,487,1,0.6410693767959603,0.7597535934291582,0.6410693767959603,0.7597535934291582,487.0,-11.868421663319783
2930501,Serrinha,BA,Nordeste,487,1,0.6410693767959603,0.8008213552361396,0.6410693767959603,0.8008213552361396,487.0,-15.97519784401793
2913705,Inhambupe,BA,Nordeste,229,1,0.6360573314046835,0.6986899563318777,0.6360573314046835,0.6986899563318777,229.0,-6.263262492719424
2914703,Itaberaba,BA,Nordeste,375,1,0.6343471369635922,0.5893333333333334,0.6343471369635922,0.5893333333333334,375.0,4.501380363025886
2915601,Itamaraju,BA,Nordeste,556,1,0.6337490588256189,0.6258992805755396,0.6337490588256189,0.6258992805755396,556.0,0.7849778250079376
2801207,Canindé de São Francisco,SE,Nordeste,460,1,0.6335426789486269,0.7304347826086957,0.6335426789486269,0.7334988835792242,479.21,-9.689210366006872
2919504,Livramento de Nossa Senhora,BA,Nordeste,402,1,0.6334610003355738,0.6194029850746269,0.6334610003355738,0.6194029850746269,402.0,1.4058015260946966
2926608,Ribeira do Pombal,BA,Nordeste,501,1,0.6325449479864783,0.592814371257485,0.6325449479864783,0.592814371257485,501.0,3.973057672899327
2928802,Santo Estêvão,BA,Nordeste,499,1,0.6325449479864783,0.6813627254509018,0.6325449479864783,0.6813627254509018,499.0,-4.881777746442351
2929909,Seabra,BA,Nordeste,406,1,0.6325449479864783,0.6502463054187192,0.6325449479864783,0.6502463054187192,406.0,-1.7701357432240883
2933208,Vera Cruz,BA,Nordeste,405,1,0.6325449479864783,0.6172839506172839,0.6325449479864783,0.6172839506172839,405.0,1.5260997369194396
2928604,Santo Amaro,BA,Nordeste,395,1,0.6325449479864783,0.6303797468354431,0.6325449479864783,0.6303797468354431,395.0,0.21652011510352454
2927705,Santa Cruz Cabrália,BA,Nordeste,364,1,0.6325449479864783,0.6263736263736264,0.6325449479864783,0.6263736263736264,364.0,0.6171321612851943
2910602,Esplanada,BA,Nordeste,359,1,0.6325449479864783,0.7604456824512534,0.6325449479864783,0.7604456824512534,359.0,-12.790073446477512
2913200,Ibotirama,BA,Nordeste,289,1,0.6325449479864783,0.671280276816609,0.6325449479864783,0.671280276816609,289.0,-3.8735328830130644
2929503,São Sebastião do Passé,BA,Nordeste,269,1,0.6325449479864783,0.5390334572490706,0.6325449479864783,0.5390334572490706,269.0,9.351149073740771
2910503,Entre Rios,BA,Nordeste,255,1,0.6325449479864783,0.6745098039215687,0.6325449479864783,0.6745098039215687,255.0,-4.196485593509037
2904902,Cachoeira,BA,Nordeste,242,1,0.6325449479864783,0.6694214876033058,0.6325449479864783,0.6694214876033058,242.0,-3.6876539616827464
2921708,Morro do Chapéu,BA,Nordeste,219,1,0.6325449479864783,0.7168949771689498,0.6325449479864783,0.7168949771689498,219.0,-8.435002918247147
2911204,Gandu,BA,Nordeste,214,1,0.6325449479864783,0.5280373831775701,0.6325449479864783,0.5280373831775701,214.0,10.45075648089082
2910701,Euclides da Cunha,BA,Nordeste,434,1,0.6304876925551707,0.6866359447004609,0.6304876925551707,0.6866359447004609,434.0,-5.614825214529018
2924801,Piritiba,BA,Nordeste,138,1,0.6302719890473842,0.5942028985507246,0.6302719890473842,0.5942028985507246,138.0,3.606909049665963
2911907,Iaçu,BA,Nordeste,263,1,0.6300757173491065,0.714828897338403,0.6300757173491065,0.714828897338403,263.0,-8.475317998929654
2906204,Canarana,BA,Nordeste,255,1,0.6300757173491065,0.6627450980392157,0.6300757173491065,0.6627450980392157,255.0,-3.266938069010916
2918357,João Dourado,BA,Nordeste,254,1,0.6300757173491065,0.468503937007874,0.6300757173491065,0.468503937007874,254.0,16.15717803412325
2924603,Pindobaçu,BA,Nordeste,222,1,0.6300757173491065,0.6081081081081081,0.6300757173491065,0.6081081081081081,222.0,2.1967609240998387
2932002,Uauá,BA,Nordeste,216,1,0.6300757173491065,0.5972222222222222,0.6300757173491065,0.5972222222222222,216.0,3.285349512688429
2925808,Queimadas,BA,Nordeste,188,1,0.6300757173491065,0.6968085106382979,0.6300757173491065,0.6968085106382979,188.0,-6.673279328919135
2931509,Teofilândia,BA,Nordeste,186,1,0.6300757173491065,0.7043010752688172,0.6300757173491065,0.7043010752688172,186.0,-7.422535791971074
2921203,Miguel Calmon,BA,Nordeste,184,1,0.6300757173491065,0.6304347826086957,0.6300757173491065,0.6304347826086957,184.0,-0.03590652595891752
2908903,Coração de Maria,BA,Nordeste,169,1,0.6300757173491065,0.7869822485207101,0.6300757173491065,0.7869822485207101,169.0,-15.690653117160359
2908606,Conde,BA,Nordeste,167,1,0.6300757173491065,0.718562874251497,0.6300757173491065,0.718562874251497,167.0,-8.84871569023905
2912103,Ibicaraí,BA,Nordeste,166,1,0.6300757173491065,0.6204819277108434,0.6300757173491065,0.6204819277108434,166.0,0.9593789638263073
2906709,Cândido Sales,BA,Nordeste,162,1,0.6300757173491065,0.691358024691358,0.6300757173491065,0.691358024691358,162.0,-6.1282307342251485
2900207,Abaré,BA,Nordeste,159,1,0.6300757173491065,0.8176100628930818,0.6300757173491065,0.8176100628930818,159.0,-18.75343455439753
2909604,Crisópolis,BA,Nordeste,151,1,0.6300757173491065,0.5695364238410596,0.6300757173491065,0.5695364238410596,151.0,6.053929350804688
2911600,Governador Mangabeira,BA,Nordeste,141,1,0.6300757173491065,0.7092198581560284,0.6300757173491065,0.7092198581560284,141.0,-7.91441408069219
2929107,São Felipe,BA,Nordeste,141,1,0.6300757173491065,0.5886524822695035,0.6300757173491065,0.5886524822695035,141.0,4.142323507960299
2927507,Santa Bárbara,BA,Nordeste,133,1,0.6300757173491065,0.6842105263157895,0.6300757173491065,0.6842105263157895,133.0,-5.413480896668299
2901205,Anagé,BA,Nordeste,115,1,0.6300757173491065,0.6782608695652174,0.6300757173491065,0.6782608695652174,115.0,-4.8185152216110865
2904100,Boquira,BA,Nordeste,100,1,0.6300757173491065,0.68,0.6300757173491065,0.68,100.0,-4.992428265089355
2923407,Palmas de Monte Alto,BA,Nordeste,151,1,0.6294747335497737,0.6423841059602649,0.6294747335497737,0.6423841059602649,151.0,-1.2909372410491171
2931202,Taperoá,BA,Nordeste,141,1,0.6294747335497737,0.524822695035461,0.6294747335497737,0.524822695035461,141.0,10.465203851431271
2916104,Itaparica,BA,Nordeste,210,1,0.6290358284038751,0.7142857142857143,0.6290358284038751,0.7142857142857143,210.0,-8.524988588183923
2907301,Castro Alves,BA,Nordeste,203,1,0.6290358284038751,0.6945812807881774,0.6290358284038751,0.6945812807881774,203.0,-6.554545238430231
2923209,Oliveira dos Brejinhos,BA,Nordeste,196,1,0.6290358284038751,0.6071428571428571,0.6290358284038751,0.6071428571428571,196.0,2.189297126101797
2932705,Uruçuca,BA,Nordeste,159,1,0.6290358284038751,0.7358490566037735,0.6290358284038751,0.7358490566037735,159.0,-10.681322819989846
2923605,Paramirim,BA,Nordeste,141,1,0.6290358284038751,0.5106382978723404,0.6290358284038751,0.5106382978723404,141.0,11.839753053153467
2917102,Itororó,BA,Nordeste,104,1,0.6290358284038751,0.7115384615384616,0.6290358284038751,0.7115384615384616,104.0,-8.25026331345865
2915809,Itambé,BA,Nordeste,252,1,0.6284341514640495,0.7301587301587301,0.6284341514640495,0.7301587301587301,252.0,-10.172457869468065
2912707,Ibirapitanga,BA,Nordeste,204,1,0.6284341514640495,0.7794117647058824,0.6284341514640495,0.7794117647058824,204.0,-15.09776132418329
2903409,Belmonte,BA,Nordeste,168,1,0.6284341514640495,0.6607142857142857,0.6284341514640495,0.6607142857142857,168.0,-3.2280134250236237
2911808,Guaratinga,BA,Nordeste,159,1,0.6284341514640495,0.7735849056603774,0.6284341514640495,0.7735849056603774,159.0,-14.515075419632794
2918803,Laje,BA,Nordeste,110,1,0.6284341514640495,0.5454545454545454,0.6284341514640495,0.5454545454545454,110.0,8.297960600950404
2910800,Feira de Santana,BA,Nordeste,3528,1,0.6278710996499823,0.6680839002267573,0.6278710996499823,0.6680839002267573,3528.0,-4.021280057677501
2915007,Itaeté,BA,Nordeste,110,1,0.6278588067279426,0.5454545454545454,0.6278588067279426,0.5454545454545454,110.0,8.240426127339717
2905503,Caldeirão Grande,BA,Nordeste,149,1,0.6278588067279425,0.7181208053691275,0.6278588067279425,0.7181208053691275,149.0,-9.0261998641185
2921054,Matina,BA,Nordeste,127,1,0.6278588067279425,0.5748031496062992,0.6278588067279425,0.5748031496062992,127.0,5.305565712164329
2901908,Aporá,BA,Nordeste,230,1,0.6276620107704807,0.8347826086956521,0.6276620107704807,0.8347826086956521,230.0,-20.712059792517145
2907905,Cipó,BA,Nordeste,193,1,0.6276620107704807,0.689119170984456,0.6276620107704807,0.689119170984456,193.0,-6.145716021397529
2931053,Tanque Novo,BA,Nordeste,178,1,0.6276620107704807,0.38202247191011235,0.6276620107704807,0.38202247191011235,178.0,24.56395388603683
2925253,Ponto Novo,BA,Nordeste,173,1,0.6276620107704807,0.630057803468208,0.6276620107704807,0.630057803468208,173.0,-0.23957926977273836
2929255,São Gabriel,BA,Nordeste,158,1,0.6276620107704807,0.6645569620253164,0.6276620107704807,0.6645569620253164,158.0,-3.6894951254835773
2927606,Santa Brígida,BA,Nordeste,155,1,0.6276620107704807,0.7161290322580646,0.6276620107704807,0.7161290322580646,155.0,-8.84670214875839
2924306,Piatã,BA,Nordeste,150,1,0.6276620107704807,0.5466666666666666,0.6276620107704807,0.5466666666666666,150.0,8.099534410381404
2904308,Brejões,BA,Nordeste,147,1,0.6276620107704807,0.5238095238095238,0.6276620107704807,0.5238095238095238,147.0,10.385248696095683
2919603,Macajuba,BA,Nordeste,146,1,0.6276620107704807,0.6986301369863014,0.6276620107704807,0.6986301369863014,146.0,-7.096812621582071
2909703,Cristópolis,BA,Nordeste,144,1,0.6276620107704807,0.5625,0.6276620107704807,0.5625,144.0,6.516201077048067
2930600,Serrolândia,BA,Nordeste,144,1,0.6276620107704807,0.7430555555555556,0.6276620107704807,0.7430555555555556,144.0,-11.53935447850749
2903805,Boa Vista do Tupim,BA,Nordeste,140,1,0.6276620107704807,0.6785714285714286,0.6276620107704807,0.6785714285714286,140.0,-5.090941780094793
2901304,Andaraí,BA,Nordeste,136,1,0.6276620107704807,0.5220588235294118,0.6276620107704807,0.5220588235294118,136.0,10.560318724106887
2910859,Filadélfia,BA,Nordeste,136,1,0.6276620107704807,0.6323529411764706,0.6276620107704807,0.6323529411764706,136.0,-0.46909304059898904
2930808,Souto Soares,BA,Nordeste,132,1,0.6276620107704807,0.6818181818181818,0.6276620107704807,0.6818181818181818,132.0,-5.41561710477011
2903706,Boa Nova,BA,Nordeste,129,1,0.6276620107704807,0.5348837209302325,0.6276620107704807,0.5348837209302325,129.0,9.277828984024817
2915353,Itaguaçu da Bahia,BA,Nordeste,125,1,0.6276620107704807,0.672,0.6276620107704807,0.672,125.0,-4.433798922951937
2903508,Belo Campo,BA,Nordeste,124,1,0.6276620107704807,0.6693548387096774,0.6276620107704807,0.6693548387096774,124.0,-4.16928279391967
2926103,Retirolândia,BA,Nordeste,123,1,0.6276620107704807,0.7642276422764228,0.6276620107704807,0.7642276422764228,123.0,-13.656563150594215
2929602,Sapeaçu,BA,Nordeste,123,1,0.6276620107704807,0.34959349593495936,0.6276620107704807,0.34959349593495936,123.0,27.80685148355213
2918506,Jussara,BA,Nordeste,122,1,0.6276620107704807,0.5655737704918032,0.6276620107704807,0.5655737704918032,122.0,6.208824027867744
2903235,Barro Alto,BA,Nordeste,121,1,0.6276620107704807,0.7024793388429752,0.6276620107704807,0.7024793388429752,121.0,-7.481732807249452
2906600,Candiba,BA,Nordeste,120,1,0.6276620107704807,0.5833333333333334,0.6276620107704807,0.5833333333333334,120.0,4.432867743714731
2904852,Cabaceiras do Paraguaçu,BA,Nordeste,119,1,0.6276620107704807,0.6722689075630253,0.6276620107704807,0.6722689075630253,119.0,-4.460689679254459
2915106,Itagi,BA,Nordeste,119,1,0.6276620107704807,0.7647058823529411,0.6276620107704807,0.7647058823529411,119.0,-13.704387158246046
2921401,Mirangaba,BA,Nordeste,119,1,0.6276620107704807,0.7058823529411765,0.6276620107704807,0.7058823529411765,119.0,-7.822034217069584
2903003,Barra do Mendes,BA,Nordeste,111,1,0.6276620107704807,0.6756756756756757,0.6276620107704807,0.6756756756756757,111.0,-4.801366490519499
2920106,Mairi,BA,Nordeste,111,1,0.6276620107704807,0.7657657657657657,0.6276620107704807,0.7657657657657657,111.0,-13.810375499528504
2925709,Presidente Jânio Quadros,BA,Nordeste,107,1,0.6276620107704807,0.6822429906542056,0.6276620107704807,0.6822429906542056,107.0,-5.45809798837249
2907707,Chorrochó,BA,Nordeste,105,1,0.6276620107704807,0.638095238095238,0.6276620107704807,0.638095238095238,105.0,-1.0433227324757377
2921807,Mortugaba,BA,Nordeste,105,1,0.6276620107704807,0.4,0.6276620107704807,0.4,105.0,22.766201077048066
2917409,Jacaraci,BA,Nordeste,102,1,0.6276620107704807,0.43137254901960786,0.6276620107704807,0.43137254901960786,102.0,19.62894617508728
2925600,Presidente Dutra,BA,Nordeste,100,1,0.6276620107704807,0.8,0.6276620107704807,0.8,100.0,-17.233798922951937
2933406,Wagner,BA,Nordeste,100,1,0.6276620107704807,0.55,0.6276620107704807,0.55,100.0,7.766201077048063
2931301,Tapiramutá,BA,Nordeste,110,1,0.6276620107704806,0.5818181818181818,0.6276620107704806,0.5818181818181818,110.0,4.5843828952298775
2404200,Goianinha,RN,Nordeste,373,1,0.6271315333172958,0.646112600536193,0.6271315333172958,0.6467688207861426,450.3,-1.8981067218897252
2901155,América Dourada,BA,Nordeste,192,1,0.6270594266649243,0.5677083333333334,0.6270594266649243,0.5677083333333334,192.0,5.935109333159094
2920205,Malhada,BA,Nordeste,190,1,0.6270594266649243,0.6631578947368421,0.6270594266649243,0.6631578947368421,190.0,-3.6098468071917744
2912400,Ibipeba,BA,Nordeste,160,1,0.6270594266649243,0.63125,0.6270594266649243,0.63125,160.0,-0.41905733350756647
2906824,Canudos,BA,Nordeste,156,1,0.6270594266649243,0.6987179487179487,0.6270594266649243,0.6987179487179487,156.0,-7.1658522053024365
2924207,Pedro Alexandre,BA,Nordeste,132,1,0.6270594266649243,0.7954545454545454,0.6270594266649243,0.7954545454545454,132.0,-16.83951187896211
2920403,Manoel Vitorino,BA,Nordeste,120,1,0.6270594266649243,0.5833333333333334,0.6270594266649243,0.5833333333333334,120.0,4.372609333159094
2913101,Ibititá,BA,Nordeste,100,1,0.6270594266649243,0.72,0.6270594266649243,0.72,100.0,-9.294057333507567
2933505,Wenceslau Guimarães,BA,Nordeste,154,1,0.6268245227836652,0.6883116883116883,0.6268245227836652,0.6883116883116883,154.0,-6.1487165528023136
2912905,Ibirataia,BA,Nordeste,195,1,0.626619357536611,0.6256410256410256,0.626619357536611,0.6256410256410256,195.0,0.09783318955853826
2922656,Nordestina,BA,Nordeste,176,1,0.626619357536611,0.7386363636363636,0.626619357536611,0.7386363636363636,176.0,-11.201700609975262
2932200,Ubaitaba,BA,Nordeste,151,1,0.626619357536611,0.6887417218543046,0.626619357536611,0.6887417218543046,151.0,-6.212236431769358
2932606,Urandi,BA,Nordeste,148,1,0.626619357536611,0.5945945945945946,0.626619357536611,0.5945945945945946,148.0,3.2024762942016394
2905305,Cafarnaum,BA,Nordeste,135,1,0.626619357536611,0.6962962962962963,0.626619357536611,0.6962962962962963,135.0,-6.9676938759685285
2907004,Cardeal da Silva,BA,Nordeste,115,1,0.626619357536611,0.6695652173913044,0.626619357536611,0.6695652173913044,115.0,-4.294585985469334
2908002,Coaraci,BA,Nordeste,115,1,0.626619357536611,0.6086956521739131,0.626619357536611,0.6086956521739131,115.0,1.792370536269794
2910008,Dário Meira,BA,Nordeste,112,1,0.626619357536611,0.5892857142857143,0.626619357536611,0.5892857142857143,112.0,3.733364325089672
2922052,Mulungu do Morro,BA,Nordeste,111,1,0.626619357536611,0.7117117117117117,0.626619357536611,0.7117117117117117,111.0,-8.509235417510064
2901353,Andorinha,BA,Nordeste,109,1,0.626619357536611,0.7155963302752294,0.626619357536611,0.7155963302752294,109.0,-8.897697273861837
2913408,Igaporã,BA,Nordeste,101,1,0.626619357536611,0.5742574257425742,0.626619357536611,0.5742574257425742,101.0,5.236193179403681
2920908,Mascote,BA,Nordeste,101,1,0.626619357536611,0.7326732673267327,0.626619357536611,0.7326732673267327,101.0,-10.605390979012164
2402204,Canguaretama,RN,Nordeste,309,1,0.6265286015307727,0.6828478964401294,0.6265286015307727,0.6773575086960094,365.11,-5.631929490935672
2926509,Ribeira do Amparo,BA,Nordeste,162,1,0.6260160914420798,0.6604938271604939,0.6260160914420798,0.6604938271604939,162.0,-3.447773571841406
2910404,Encruzilhada,BA,Nordeste,153,1,0.6260160914420798,0.6274509803921569,0.6260160914420798,0.6274509803921569,153.0,-0.143488895007704
2931608,Teolândia,BA,Nordeste,143,1,0.6260160914420798,0.5524475524475524,0.6260160914420798,0.5524475524475524,143.0,7.356853899452743
2909109,Coribe,BA,Nordeste,140,1,0.6260160914420798,0.6928571428571428,0.6260160914420798,0.6928571428571428,140.0,-6.684105141506302
2930303,Serra Dourada,BA,Nordeste,136,1,0.6260160914420798,0.6691176470588235,0.6260160914420798,0.6691176470588235,136.0,-4.310155561674367
2910107,Dom Basílio,BA,Nordeste,124,1,0.6260160914420798,0.5725806451612904,0.6260160914420798,0.5725806451612904,124.0,5.343544628078945
2902401,Aurelino Leal,BA,Nordeste,122,1,0.6260160914420798,0.6639344262295082,0.6260160914420798,0.6639344262295082,122.0,-3.7918334787428343
2926707,Rio de Contas,BA,Nordeste,122,1,0.6260160914420798,0.4426229508196721,0.6260160914420798,0.4426229508196721,122.0,18.33931406224077
2933455,Wanderley,BA,Nordeste,121,1,0.6260160914420798,0.4462809917355372,0.6260160914420798,0.4462809917355372,121.0,17.973509970654263
2909208,Coronel João Sá,BA,Nordeste,111,1,0.6260160914420798,0.6396396396396397,0.6260160914420798,0.6396396396396397,111.0,-1.3623548197559843
2901403,Angical,BA,Nordeste,109,1,0.6260160914420798,0.7155963302752294,0.6260160914420798,0.7155963302752294,109.0,-8.958023883314958
2909406,Cotegipe,BA,Nordeste,105,1,0.6260160914420798,0.580952380952381,0.6260160914420798,0.580952380952381,105.0,4.506371048969882
2412005,São Gonçalo do Amarante,RN,Nordeste,712,1,0.6256144777588938,0.6587078651685393,0.6257781842280064,0.6657974182239198,924.17,-3.3093387409645514
2411205,Santa Cruz,RN,Nordeste,374,1,0.6252069385227105,0.6443850267379679,0.6252925461129839,0.6535866360956436,457.95,-1.917808821525746
2919207,Lauro de Freitas,BA,Nordeste,1280,1,0.6250445848991957,0.7125,0.6250445848991957,0.7125,1280.0,-8.745541510080434
2408201,Nísia Floresta,RN,Nordeste,287,1,0.6248920060544253,0.5156794425087108,0.6251288073439647,0.5095532531194296,359.04,10.921256354571451
2401453,Baraúna,RN,Nordeste,183,1,0.624778506407524,0.5573770491803278,0.624778506407524,0.5552390735898394,214.16,6.740145722719615
2414407,Touros,RN,Nordeste,278,1,0.6246549042947985,0.6151079136690647,0.6246779376981368,0.6110097059249602,345.15,0.9546990625733831
2923902,Pau Brasil,BA,Nordeste,134,1,0.6244554225437854,0.6716417910447762,0.6244554225437854,0.6716417910447762,134.0,-4.718636850099078
2932457,Umburanas,BA,Nordeste,122,1,0.6242864245096063,0.7704918032786885,0.6242864245096063,0.7704918032786885,122.0,-14.620537876908223
2932804,Utinga,BA,Nordeste,115,1,0.6242864245096063,0.6695652173913044,0.6242864245096063,0.6695652173913044,115.0,-4.527879288169812
2408300,Nova Cruz,RN,Nordeste,176,1,0.623930848495866,0.7159090909090909,0.623682261630908,0.7225726255697251,217.21,-9.197824241322493
2408102,Natal,RN,Nordeste,3717,1,0.6239113754019476,0.6322302932472424,0.623915924442553,0.6367728183406673,5465.45,-0.8318917845294815
2403103,Currais Novos,RN,Nordeste,257,1,0.6238436703100683,0.5369649805447471,0.6242312692097981,0.537887788778878,303.0,8.68786897653212
2403608,Extremoz,RN,Nordeste,578,1,0.6237745674607558,0.6557093425605537,0.6241065283934719,0.6581805019305019,745.92,-3.193477509979792
2917201,Ituaçu,BA,Nordeste,191,1,0.6236816527853313,0.5602094240837696,0.6236816527853313,0.5602094240837696,191.0,6.347222870156166
2927101,Rodelas,BA,Nordeste,162,1,0.623602615040502,0.7160493827160493,0.623602615040502,0.7160493827160493,162.0,-9.244676767554738
2900801,Alcobaça,BA,Nordeste,250,1,0.6235964148671036,0.704,0.6235964148671036,0.704,250.0,-8.040358513289636
2400208,Açu,RN,Nordeste,325,1,0.6235961001696401,0.5938461538461538,0.6233331956765276,0.5963747472891012,435.28,2.9749946323486265
2905008,Caculé,BA,Nordeste,196,1,0.6232758094377545,0.5204081632653061,0.6232758094377545,0.5204081632653061,196.0,10.286764617244836
2919926,Madre de Deus,BA,Nordeste,186,1,0.6232758094377545,0.7419354838709677,0.6232758094377545,0.7419354838709677,186.0,-11.865967443321324
2925956,Rafael Jambeiro,BA,Nordeste,173,1,0.6232758094377545,0.6647398843930635,0.6232758094377545,0.6647398843930635,173.0,-4.146407495530902
2908200,Conceição da Feira,BA,Nordeste,142,1,0.6232758094377545,0.7253521126760564,0.6232758094377545,0.7253521126760564,142.0,-10.207630323830186
2901106,Amélia Rodrigues,BA,Nordeste,140,1,0.6232758094377545,0.5285714285714286,0.6232758094377545,0.5285714285714286,140.0,9.470438086632594
2932101,Ubaíra,BA,Nordeste,131,1,0.6232758094377545,0.6106870229007634,0.6232758094377545,0.6106870229007634,131.0,1.2588786536991137
2904704,Buerarema,BA,Nordeste,140,1,0.6231285555053991,0.7142857142857143,0.6231285555053991,0.7142857142857143,140.0,-9.115715878031516
2916807,Itarantim,BA,Nordeste,112,1,0.6226703942002317,0.5892857142857143,0.6226703942002317,0.5892857142857143,112.0,3.3384679914517434
2917805,Jaguaripe,BA,Nordeste,143,1,0.6226345547360952,0.5314685314685315,0.6226345547360952,0.5314685314685315,143.0,9.116602326756373
2919702,Macarani,BA,Nordeste,114,1,0.6226345547360952,0.5526315789473685,0.6226345547360952,0.5526315789473685,114.0,7.000297578872672
2402600,Ceará-Mirim,RN,Nordeste,654,1,0.6224738608402051,0.6529051987767585,0.6218346323067507,0.653374505709335,900.28,-3.0431337936553393
2405801,João Câmara,RN,Nordeste,277,1,0.6219047931892916,0.6353790613718412,0.6219047931892916,0.641191597561328,346.09,-1.3474268182549598
2407104,Macaíba,RN,Nordeste,556,1,0.6218957624705383,0.6942446043165468,0.6217464047942075,0.6956544530062378,763.08,-7.234884184600842
2401008,Apodi,RN,Nordeste,195,1,0.6218353574076477,0.5538461538461539,0.6218175996216535,0.5483211551844119,229.92,6.7989203561493845
2923357,Ourolândia,BA,Nordeste,141,1,0.6206937509437578,0.6595744680851063,0.6206937509437578,0.6595744680851063,141.0,-3.8880717141348553
2932507,Una,BA,Nordeste,196,1,0.6200867155035528,0.41836734693877553,0.6200867155035528,0.41836734693877553,196.0,20.171936856477725
2902054,Araças,BA,Nordeste,115,1,0.6197649434390752,0.6173913043478261,0.6197649434390752,0.6173913043478261,115.0,0.23736390912491023
2927309,Salinas da Margarida,BA,Nordeste,201,1,0.6191573335993368,0.5422885572139303,0.6191573335993368,0.5422885572139303,201.0,7.686877638540645
2929057,São Félix do Coribe,BA,Nordeste,164,1,0.6191573335993368,0.6341463414634146,0.6191573335993368,0.6341463414634146,164.0,-1.4989007864077863
2904050,Bonito,BA,Nordeste,150,1,0.6191573335993368,0.66,0.6191573335993368,0.66,150.0,-4.084266640066325
2922250,Muquém de São Francisco,BA,Nordeste,118,1,0.6191573335993368,0.7796610169491526,0.6191573335993368,0.7796610169491526,118.0,-16.05036833498158
2407203,Macau,RN,Nordeste,179,1,0.6188209013822126,0.6815642458100558,0.6189690606982465,0.6756830229713198,220.71,-6.274334442784324
2403251,Parnamirim,RN,Nordeste,1330,1,0.6185645037048959,0.6360902255639098,0.6185645037048959,0.6472716572761255,1835.18,-1.752572185901391
2401107,Areia Branca,RN,Nordeste,176,1,0.6185411408521135,0.5738636363636364,0.6180872803924751,0.5880242589903477,234.14,4.467750448847719
2404606,Ielmo Marinho,RN,Nordeste,122,1,0.6181129081753303,0.6885245901639344,0.6181921872340974,0.6964656964656966,153.92,-7.041168198860415
2414209,Tibau do Sul,RN,Nordeste,216,1,0.6173314912215753,0.7453703703703703,0.6173314912215753,0.7498947045985372,261.17,-12.803887914879509
2414803,Vera Cruz,RN,Nordeste,132,1,0.6168909375503988,0.553030303030303,0.6168909375503988,0.5645612073784237,161.01,6.386063452009583
2933307,Vitória da Conquista,BA,Nordeste,2826,1,0.6164544935127105,0.5725406935598019,0.6164544935127105,0.5725406935598019,2826.0,4.391379995290867
2918407,Juazeiro,BA,Nordeste,2494,1,0.6164544935127105,0.7068965517241379,0.6164544935127105,0.7068965517241379,2494.0,-9.044205821142736
2401206,Arês,RN,Nordeste,149,1,0.616182019429032,0.6845637583892618,0.616182019429032,0.6877341855851885,181.48,-6.838173896022981
2406502,Lagoa Nova,RN,Nordeste,161,1,0.6158365830697832,0.639751552795031,0.6158365830697833,0.6438141545110752,185.1,-2.391496972524787
2400505,Alexandria,RN,Nordeste,134,1,0.6158365830697832,0.41044776119402987,0.6158365830697832,0.41033693163231927,152.85,20.53888218757533
2407708,Montanhas,RN,Nordeste,120,1,0.6158365830697832,0.5583333333333333,0.6158365830697833,0.5579206181945908,142.35,5.750324973644982
2412609,São Paulo do Potengi,RN,Nordeste,114,1,0.6158365830697832,0.6403508771929824,0.6158365830697832,0.6308748255002327,171.92,-2.4514294123199276
2400703,Alto do Rodrigues,RN,Nordeste,137,1,0.6155972601770021,0.4744525547445255,0.6155972601770021,0.47478204714239586,154.85,14.11447054324766
2902658,Banzaê,BA,Nordeste,150,1,0.6155723961338501,0.7333333333333333,0.6155723961338501,0.7333333333333333,150.0,-11.77609371994832
2927002,Rio Real,BA,Nordeste,268,1,0.615389268621829,0.667910447761194,0.615389268621829,0.667910447761194,268.0,-5.252117913936505
2900702,Alagoinhas,BA,Nordeste,988,1,0.6151510046005977,0.6336032388663968,0.6151510046005977,0.6336032388663968,988.0,-1.8452234265799117
2910727,Eunápolis,BA,Nordeste,787,1,0.6151510046005977,0.6162642947903431,0.6151510046005977,0.6162642947903431,787.0,-0.11132901897453751
2928703,Santo Antônio de Jesus,BA,Nordeste,467,1,0.6151510046005977,0.5910064239828694,0.6151510046005977,0.5910064239828694,467.0,2.4144580617728284
2409902,Pendências,RN,Nordeste,115,1,0.6149871277292293,0.6608695652173913,0.6149871277292291,0.6670346654890704,135.87,-4.5882437488162005
2412500,São Miguel,RN,Nordeste,217,1,0.6147861337965895,0.5529953917050692,0.6147861337965896,0.5514717974017431,243.24,6.179074209152036
2407807,Monte Alegre,RN,Nordeste,209,1,0.6147861337965895,0.4880382775119617,0.6147861337965895,0.4902521008403361,238.0,12.674785628462782
2922805,Nova Itarana,BA,Nordeste,101,1,0.614772027817357,0.6534653465346535,0.614772027817357,0.6534653465346535,101.0,-3.869331871729653
2930204,Sento Sé,BA,Nordeste,429,1,0.61473890654786,0.7575757575757576,0.61473890654786,0.7575757575757576,429.0,-14.283685102789756
2925204,Pojuca,BA,Nordeste,291,1,0.6147389065478599,0.4845360824742268,0.6147389065478599,0.4845360824742268,291.0,13.02028240736331
2917706,Jaguarari,BA,Nordeste,233,1,0.6147389065478599,0.592274678111588,0.6147389065478599,0.592274678111588,233.0,2.246422843627194
2929305,São Gonçalo dos Campos,BA,Nordeste,203,1,0.6147389065478599,0.7536945812807881,0.6147389065478599,0.7536945812807881,203.0,-13.895567473292825
2914802,Itabuna,BA,Nordeste,931,1,0.6145417983532572,0.7024704618689581,0.6145417983532572,0.7024704618689581,931.0,-8.792866351570094
2913606,Ilhéus,BA,Nordeste,1378,1,0.6145203757875792,0.7336719883889695,0.6145203757875792,0.7336719883889695,1378.0,-11.91516126013903
2917508,Jacobina,BA,Nordeste,558,1,0.6142622320646138,0.7150537634408602,0.6142622320646138,0.7150537634408602,558.0,-10.07915313762464
2412203,São José de Mipibu,RN,Nordeste,541,1,0.6137588343000624,0.6580406654343808,0.6135009040426065,0.6607567471168708,672.88,-4.428183113431839
2408003,Mossoró,RN,Nordeste,1621,1,0.6135045700321735,0.554595928439235,0.6128792637032159,0.5630335134405623,2074.69,5.8908641592938515
2905206,Caetité,BA,Nordeste,428,1,0.6128230293746281,0.6098130841121495,0.6128230293746281,0.6098130841121495,428.0,0.3009945262478553
2911709,Guanambi,BA,Nordeste,776,1,0.6123454792405039,0.5360824742268041,0.6123454792405039,0.5360824742268041,776.0,7.626300501369975
2906006,Campo Formoso,BA,Nordeste,619,1,0.6123454792405039,0.6090468497576736,0.6123454792405039,0.6090468497576736,619.0,0.32986294828302176
2914604,Irecê,BA,Nordeste,600,1,0.6123454792405039,0.5316666666666666,0.6123454792405039,0.5316666666666666,600.0,8.067881257383725
2916401,Itapetinga,BA,Nordeste,537,1,0.6123454792405039,0.6778398510242085,0.6123454792405039,0.6778398510242085,537.0,-6.549437178370465
2402006,Caicó,RN,Nordeste,309,1,0.6120167318507526,0.5275080906148867,0.6129011871594546,0.5271374304001666,384.34,8.450864123586587
2905701,Camaçari,BA,Nordeste,2552,1,0.6118389186590281,0.6344043887147336,0.6118389186590281,0.6344043887147336,2552.0,-2.2565470055705528
2909307,Correntina,BA,Nordeste,214,1,0.6118178890650879,0.7336448598130841,0.6118178890650879,0.7336448598130841,214.0,-12.18269707479962
2903904,Bom Jesus da Lapa,BA,Nordeste,683,1,0.6117334408039448,0.6544655929721815,0.6117334408039448,0.6544655929721815,683.0,-4.273215216823678
2921005,Mata de São João,BA,Nordeste,636,1,0.6113539621301612,0.4308176100628931,0.6113539621301612,0.4308176100628931,636.0,18.053635206726813
2904605,Brumado,BA,Nordeste,548,1,0.6113211460198131,0.5784671532846716,0.6113211460198131,0.5784671532846716,548.0,3.2853992735141557
2912202,Ibicoara,BA,Nordeste,249,1,0.6108580103295846,0.6746987951807228,0.6108580103295846,0.6746987951807228,249.0,-6.38407848511382
2404705,Ipanguaçu,RN,Nordeste,130,1,0.6108068201421618,0.6,0.6105272143329435,0.591005621486571,160.1,1.0806820142161833
2930709,Simões Filho,BA,Nordeste,1151,1,0.610325246779813,0.578627280625543,0.610325246779813,0.578627280625543,1151.0,3.1697966154270008
2924009,Paulo Afonso,BA,Nordeste,944,1,0.610325246779813,0.6949152542372882,0.610325246779813,0.6949152542372882,944.0,-8.459000745747513
2925303,Porto Seguro,BA,Nordeste,2200,1,0.6098461185166475,0.545,0.6098461185166475,0.545,2200.0,6.484611851664745
2931350,Teixeira de Freitas,BA,Nordeste,1367,1,0.6098461185166475,0.6495976591075348,0.6098461185166475,0.6495976591075348,1367.0,-3.9751540590887258
2918001,Jequié,BA,Nordeste,927,1,0.6098461185166475,0.6051779935275081,0.6098461185166475,0.6051779935275081,927.0,0.4668124989139377
2932903,Valença,BA,Nordeste,417,1,0.6098461185166475,0.6810551558752997,0.6098461185166475,0.6810551558752997,417.0,-7.120903735865225
2910057,Dias d'Ávila,BA,Nordeste,555,1,0.6094324054870808,0.6774774774774774,0.6094324054870808,0.6774774774774774,555.0,-6.804507199039667
2909802,Cruz das Almas,BA,Nordeste,432,1,0.6094319465949354,0.6643518518518519,0.6094319465949354,0.6643518518518519,432.0,-5.491990525691648
2906873,Capim Grosso,BA,Nordeste,242,1,0.6094319465949354,0.7066115702479339,0.6094319465949354,0.7066115702479339,242.0,-9.717962365299847
2903201,Barreiras,BA,Nordeste,1654,1,0.6091364682780906,0.6390568319226119,0.6091364682780906,0.6390568319226119,1654.0,-2.992036364452122
2927408,Salvador,BA,Nordeste,12158,1,0.6090260679834594,0.6314360914624115,0.6090260679834594,0.6314360914624115,12158.0,-2.2410023478952157
2902906,Barra do Choça,BA,Nordeste,487,1,0.6088182467702021,0.6940451745379876,0.6088182467702021,0.6940451745379876,487.0,-8.522692776778552
2923803,Paripiranga,BA,Nordeste,196,1,0.6088182467702021,0.6020408163265306,0.6088182467702021,0.6020408163265306,196.0,0.6777430443671517
2908507,Conceição do Jacuípe,BA,Nordeste,208,1,0.6082156654355558,0.625,0.6082156654355558,0.625,208.0,-1.678433456444417
2919553,Luís Eduardo Magalhães,BA,Nordeste,1313,1,0.6076012850071595,0.6428027418126429,0.6076012850071595,0.6428027418126429,1313.0,-3.5201456805483367
2914406,Iraquara,BA,Nordeste,269,1,0.6072525972689489,0.5576208178438662,0.6072525972689489,0.5576208178438662,269.0,4.963177942508268
2920502,Maracás,BA,Nordeste,179,1,0.6072525972689489,0.5642458100558659,0.6072525972689489,0.5642458100558659,179.0,4.300678721308293
2906501,Candeias,BA,Nordeste,510,1,0.6068832302541454,0.6333333333333333,0.6068832302541454,0.6333333333333333,510.0,-2.6450103079187937
2922003,Mucuri,BA,Nordeste,392,1,0.6068832302541454,0.5204081632653061,0.6068832302541454,0.5204081632653061,392.0,8.647506698883923
2406106,Jucurutu,RN,Nordeste,112,1,0.6062658511192494,0.5357142857142857,0.6064017164559836,0.5370059514726079,131.06,7.055156540496366
2930774,Sobradinho,BA,Nordeste,302,1,0.6060476797547314,0.6556291390728477,0.6060476797547314,0.6556291390728477,302.0,-4.9581459318116305
2414001,Tangará,RN,Nordeste,137,1,0.605813770812552,0.5985401459854015,0.6066738412158007,0.6013228752048699,170.84,0.7273624827150549
2922409,Mutuípe,BA,Nordeste,139,1,0.60532339300906,0.5107913669064749,0.60532339300906,0.5107913669064749,139.0,9.453202610258515
2908101,Cocos,BA,Nordeste,207,1,0.6042639645799581,0.4830917874396135,0.6042639645799581,0.4830917874396135,207.0,12.117217714034462
2916856,Itatim,BA,Nordeste,166,1,0.6036873542464565,0.4578313253012048,0.6036873542464565,0.4578313253012048,166.0,14.585602894525168
2402303,Caraúbas,RN,Nordeste,125,1,0.6033946502843051,0.584,0.6043912056787233,0.5827969965138108,149.16,1.9394650284305093
2905404,Cairu,BA,Nordeste,286,1,0.6024786590370648,0.6713286713286714,0.6024786590370648,0.6713286713286714,286.0,-6.885001229160659
2924504,Pindaí,BA,Nordeste,120,1,0.6023733857594717,0.6166666666666667,0.6023733857594717,0.6166666666666667,120.0,-1.429328090719495
2900355,Adustina,BA,Nordeste,139,1,0.6023296936498803,0.5755395683453237,0.6023296936498803,0.5755395683453237,139.0,2.67901253045566
2925501,Prado,BA,Nordeste,391,1,0.6020203914941819,0.6726342710997443,0.6020203914941819,0.6726342710997443,391.0,-7.061387960556242
2902807,Barra da Estiva,BA,Nordeste,265,1,0.6012915071958556,0.5283018867924528,0.6012915071958556,0.5283018867924528,265.0,7.298962040340273
2921104,Medeiros Neto,BA,Nordeste,226,1,0.6012915071958556,0.5309734513274337,0.6012915071958556,0.5309734513274337,226.0,7.031805586842188
2906907,Caravelas,BA,Nordeste,225,1,0.6012915071958556,0.5022222222222222,0.6012915071958556,0.5022222222222222,225.0,9.906928497363332
2915205,Itagibá,BA,Nordeste,190,1,0.60125442983941,0.5578947368421052,0.60125442983941,0.5578947368421052,190.0,4.33596929973048
1703800,Buriti do Tocantins,TO,Norte,113,1,0.601051708652966,0.49557522123893805,0.601051708652966,0.49608062709966405,125.02000000000001,10.547648741402792
2401800,Brejinho,RN,Nordeste,103,1,0.6006007963375706,0.46601941747572817,0.6032806345117215,0.4778152482972955,151.23,13.45813788618424
2409407,Pau dos Ferros,RN,Nordeste,210,1,0.5999529731414655,0.5904761904761905,0.5997093572762632,0.5891720988328975,256.19,0.9476782665274963
2411502,Santo Antônio,RN,Nordeste,145,1,0.5997284257056388,0.6413793103448275,0.5995898567032517,0.6439903986886013,170.81,-4.165088463918876
3303500,Nova Iguaçu,RJ,Sudeste,6380,1,0.5989378569713371,0.6639498432601881,0.5989378569713372,0.6657801680154539,7790.95,-6.501198628885108
2902500,Baianópolis,BA,Nordeste,142,1,0.5989068575216718,0.6408450704225352,0.5989068575216718,0.6408450704225352,142.0,-4.193821290086341
2910750,Fátima,BA,Nordeste,117,1,0.5989068575216718,0.5042735042735043,0.5989068575216718,0.5042735042735043,117.0,9.463335324816757
2933158,Várzea Nova,BA,Nordeste,156,1,0.5983276301993006,0.8205128205128205,0.5983276301993006,0.8205128205128205,156.0,-22.218519031351992
2930907,Tabocas do Brejo Velho,BA,Nordeste,127,1,0.5983276301993006,0.5669291338582677,0.5983276301993006,0.5669291338582677,127.0,3.1398496341032867
2408904,Parelhas,RN,Nordeste,210,1,0.598211223924218,0.3619047619047619,0.5988830783020307,0.363191406419197,230.87,23.63064620194561
2928901,São Desidério,BA,Nordeste,307,1,0.5979119782801692,0.4592833876221498,0.5979119782801692,0.4592833876221498,307.0,13.862859065801935
2404507,Guamaré,RN,Nordeste,138,1,0.5972346180092549,0.5579710144927537,0.5972346180092549,0.568507611956884,179.98000000000002,3.9263603516501266
1721208,Tocantinópolis,TO,Norte,218,1,0.595729275729205,0.6422018348623854,0.595729275729205,0.6456956378056841,242.08,-4.647255913318038
1702554,Augustinópolis,TO,Norte,191,1,0.5953133315831096,0.4031413612565445,0.5953133315831096,0.40054324101469657,206.17000000000002,19.217197032656514
1720903,Taguatinga,TO,Norte,173,1,0.5953133315831096,0.5780346820809249,0.5953133315831095,0.5755256225458522,201.19,1.7278649502184718
1714203,Natividade,TO,Norte,104,1,0.5953133315831096,0.5576923076923077,0.5953133315831096,0.5610040863981319,119.91,3.762102389080191
1720200,São Miguel do Tocantins,TO,Norte,165,1,0.5946922012154687,0.6303030303030303,0.5946922012154687,0.630797178884377,187.16,-3.5610829087561524
1701002,Ananás,TO,Norte,145,1,0.5946922012154687,0.5379310344827586,0.5946922012154687,0.5329900610705304,167.02,5.676116673271014
1709005,Goiatins,TO,Norte,127,1,0.5946922012154687,0.6141732283464567,0.5946922012154687,0.6152672687332195,163.88,-1.9481027130987982
2911105,Formosa do Rio Preto,BA,Nordeste,234,1,0.5944938450882646,0.717948717948718,0.5944938450882646,0.717948717948718,234.0,-12.345487286045332
2929206,São Francisco do Conde,BA,Nordeste,342,1,0.5942662879106693,0.7426900584795322,0.5942662879106693,0.7426900584795322,342.0,-14.842377056886292
2706307,Palmeira dos Índios,AL,Nordeste,624,1,0.5923037185453955,0.6089743589743589,0.5923023207513946,0.6129886846674251,668.12,-1.667064042896338
1720804,Sítio Novo do Tocantins,TO,Norte,144,1,0.5906758273925282,0.4930555555555556,0.5906758273925282,0.4937409574133484,158.97,9.762027183697263
2912806,Ibirapuã,BA,Nordeste,148,1,0.5905198052415621,0.6216216216216216,0.5905198052415621,0.6216216216216216,148.0,-3.110181638005949
1600501,Oiapoque,AP,Norte,384,1,0.5896640159195801,0.7864583333333334,0.5896640159195801,0.7896493831016711,512.24,-19.679431741375332
1600303,Macapá,AP,Norte,6536,1,0.5894412234448018,0.5451346389228886,0.5894041788036157,0.5515286747601686,7381.2300000000005,4.430658452191317
3300456,Belford Roxo,RJ,Sudeste,3174,1,0.5891693580489702,0.6086956521739131,0.5891693580489701,0.6109961846370995,4534.3,-1.952629412494289
1708205,Formoso do Araguaia,TO,Norte,176,1,0.5881823180463513,0.5454545454545454,0.5881823180463513,0.545909933376747,199.63,4.272777259180593
1713304,Miranorte,TO,Norte,132,1,0.5881823180463513,0.36363636363636365,0.5881823180463512,0.36993877147936,151.89000000000001,22.45459544099877
3305109,São João de Meriti,RJ,Sudeste,2543,1,0.5865719736425272,0.6394022807707432,0.5865719736425272,0.6402896836201689,3195.21,-5.283030712821601
1600600,Santana,AP,Norte,1709,1,0.5862766636400463,0.4681100058513751,0.586290935886012,0.46863941295238926,1842.44,11.816665778867119
1702208,Araguatins,TO,Norte,312,1,0.5859948361515563,0.4935897435897436,0.5859948361515563,0.49514773651396043,368.9,9.240509256181273
1702109,Araguaína,TO,Norte,1972,1,0.5856829310583413,0.4918864097363083,0.5856829310583413,0.4948306816071318,2261.42,9.379652132203303
1714880,Nova Olinda,TO,Norte,164,1,0.5854219050674372,0.5792682926829268,0.5854219050674372,0.5931180691454664,183.96,0.6153612384510398
2702405,Delmiro Gouveia,AL,Nordeste,560,1,0.5848620028992704,0.7160714285714286,0.5848620028992704,0.7185767838262151,624.22,-13.12094256721582
2706901,Pilar,AL,Nordeste,528,1,0.5848620028992704,0.5397727272727273,0.5848620028992704,0.5420327821135549,549.69,4.508927562654308
2701407,Campo Alegre,AL,Nordeste,456,1,0.5848620028992704,0.32456140350877194,0.5848620028992704,0.32554490713255874,471.64,26.030059939049842
2702900,Girau do Ponciano,AL,Nordeste,395,1,0.5842360344450175,0.6025316455696202,0.5842360344450175,0.6004105697849282,418.93,-1.8295611124602762
2707305,Porto Calvo,AL,Nordeste,298,1,0.5842360344450175,0.540268456375839,0.5842360344450175,0.5402712339233414,314.12,4.396757806917851
2709202,Traipu,AL,Nordeste,160,1,0.5842360344450175,0.525,0.5842360344450175,0.5251109139307897,169.05,5.923603444501746
2708006,Santana do Ipanema,AL,Nordeste,513,1,0.5829877787731885,0.557504873294347,0.5829877787731886,0.5583334920121105,525.17,2.5482905478841578
2708402,São José da Tapera,AL,Nordeste,398,1,0.5827758235386575,0.4949748743718593,0.5827758235386575,0.4956490896192953,422.9,8.780094916679825
1600808,Vitória do Jari,AP,Norte,170,1,0.5823271724350731,0.6411764705882353,0.5823271724350733,0.6459744586340922,180.1,-5.8849298153162195
1600402,Mazagão,AP,Norte,347,1,0.5822293946356332,0.5648414985590778,0.5822293946356332,0.5579190223867353,394.43,1.7387896076555331
1600709,Tartarugalzinho,AP,Norte,284,1,0.5821009342859981,0.09507042253521127,0.5820938604816003,0.09463671711815932,311.19,48.703051175078684
2707701,Rio Largo,AL,Nordeste,1249,1,0.5811277801152064,0.6092874299439551,0.5811277801152065,0.6118675139666828,1380.07,-2.8159649828748745
1600535,Porto Grande,AP,Norte,337,1,0.5807437513909955,0.314540059347181,0.580747226118171,0.3130917221010793,362.29,26.620369204381454
1600279,Laranjal do Jari,AP,Norte,539,1,0.580364032916255,0.5992578849721707,0.580364032916255,0.6021637104009938,579.5600000000001,-1.889385205591565
1709500,Gurupi,TO,Norte,728,1,0.5803369378579537,0.46153846153846156,0.5803369378579537,0.4598092885727518,842.11,11.879847631949215
1705508,Colinas do Tocantins,TO,Norte,442,1,0.5802593225835764,0.4411764705882353,0.5802593225835764,0.44161354659575297,511.42,13.90828519953411
2708600,São Miguel dos Campos,AL,Nordeste,564,1,0.57636229486977,0.4237588652482269,0.57636229486977,0.42822396423934656,608.49,15.260342962154304
1600204,Calçoene,AP,Norte,178,1,0.5761872678614463,0.6067415730337079,0.576130310162534,0.5979741842954464,223.12,-3.0554305172261653
3303203,Nilópolis,RJ,Sudeste,851,1,0.5753386779626717,0.5264394829612221,0.5753386779626716,0.526754620610294,990.6700000000001,4.889919500144957
2706703,Penedo,AL,Nordeste,623,1,0.5740879105157783,0.5698234349919743,0.5740920225423257,0.5687693751599784,703.22,0.42644755238040455
1600253,Itaubal,AP,Norte,105,1,0.5723291845033157,0.580952380952381,0.5723291845033157,0.5640713353632014,114.95,-0.8623196449065285
2705002,Mata Grande,AL,Nordeste,120,1,0.5722837824556046,0.575,0.5722837824556046,0.5755562670081639,124.94,-0.27162175443953274
2706406,Pão de Açúcar,AL,Nordeste,307,1,0.5716936033980543,0.4495114006514658,0.5716936033980543,0.447297041569419,317.06,12.218220274658853
2705705,Olho d'Água das Flores,AL,Nordeste,276,1,0.5716936033980543,0.5471014492753623,0.5716936033980544,0.5454830833623998,286.7,2.4592154122692
2701308,Cajueiro,AL,Nordeste,233,1,0.5716936033980543,0.6609442060085837,0.5716936033980543,0.666000652422117,245.24,-8.925060261052941
2707107,Piranhas,AL,Nordeste,375,1,0.5710623413151236,0.7493333333333333,0.5710623413151236,0.7492830300632911,404.48,-17.82709920182097
2705101,Matriz de Camaragibe,AL,Nordeste,256,1,0.5710623413151236,0.51171875,0.5710623413151236,0.5124856376867101,261.1,5.934359131512357
2703106,Igaci,AL,Nordeste,242,1,0.5710623413151236,0.7644628099173554,0.5710623413151237,0.7565755353041417,269.94,-19.340046860223183
2702355,Craíbas,AL,Nordeste,206,1,0.5710623413151236,0.32038834951456313,0.5710623413151236,0.3257603186097031,220.96,25.067399180056043
2704401,Major Isidoro,AL,Nordeste,190,1,0.5710623413151236,0.6210526315789474,0.5710623413151236,0.6216697199685945,191.05,-4.9990290263823844
2707503,Porto Real do Colégio,AL,Nordeste,157,1,0.5705017968415008,0.1910828025477707,0.5705698651967197,0.17923894795747064,178.7,37.94189942937301
1504505,Melgaço,PA,Norte,354,1,0.5704887100522449,0.7090395480225988,0.5704887100522449,0.7136461649039942,486.95,-13.855083797035395
2700102,Água Branca,AL,Nordeste,150,1,0.5695899484354627,0.5133333333333333,0.5695899484354627,0.5120246264349387,155.93,5.625661510212943
1600154,Pedra Branca do Amapari,AP,Norte,184,1,0.5684163780103217,0.5543478260869565,0.5684163780103217,0.5577602746642432,198.06,1.4068551923365202
1600105,Amapá,AP,Norte,112,1,0.5680692902619044,0.8035714285714286,0.5680517023475479,0.8069204152249134,130.05,-23.550213830952416
1501808,Breves,PA,Norte,990,1,0.5678994104694952,0.43333333333333335,0.5678994104694952,0.444207351038212,1166.91,13.456607713616187
2702603,Feira Grande,AL,Nordeste,223,1,0.5666453887172763,0.5515695067264574,0.5666453887172763,0.5553639185926181,231.92000000000002,1.5075881990818885
2703809,Joaquim Gomes,AL,Nordeste,197,1,0.5663186022993613,0.7258883248730964,0.5663234401895381,0.7234268604819627,207.07,-15.956972257373515
1505205,Oeiras do Pará,PA,Norte,373,1,0.5662121066099111,0.6863270777479893,0.5662121066099111,0.689916055679524,470.55,-12.011497113807824
1507201,São Domingos do Capim,PA,Norte,184,1,0.5662121066099111,0.6739130434782609,0.5662121066099111,0.6704143337066069,223.25,-10.770093686834981
5005608,Miranda,MS,Centro-Oeste,396,1,0.5654730902589962,0.6035353535353535,0.5654730902589962,0.6121240722467717,466.18,-3.806226327635731
5003207,Corumbá,MS,Centro-Oeste,1250,1,0.5651765837788969,0.6152,0.5651765837788969,0.6170339761248853,1524.6,-5.002341622110307
1500909,Augusto Corrêa,PA,Norte,512,1,0.5648885496280108,0.546875,0.5648885496280108,0.559973298165063,614.1899999999999,1.8013549628010828
1502806,Curralinho,PA,Norte,510,1,0.5648885496280108,0.7411764705882353,0.5648885496280108,0.7597191125585181,687.82,-17.62879209602245
1500701,Anajás,PA,Norte,339,1,0.5648885496280108,0.6578171091445427,0.5648885496280108,0.6615328288991946,409.7,-9.29285595165319
1505809,Portel,PA,Norte,766,1,0.5641835925861007,0.5757180156657964,0.5641835925861007,0.5927014964557626,952.25,-1.1534423079695655
2701605,Canapi,AL,Nordeste,199,1,0.5626538109767323,0.3768844221105528,0.5626538109767323,0.37775708263895696,204.02,18.57693888661795
2707206,Poço das Trincheiras,AL,Nordeste,163,1,0.5626538109767323,0.50920245398773,0.5626538109767323,0.511418014416379,165.09,5.345135698900227
2708956,Senador Rui Palmeira,AL,Nordeste,159,1,0.5626538109767323,0.4276729559748428,0.5626538109767323,0.42924993831729585,162.12,13.49808550018895
2701803,Carneiros,AL,Nordeste,157,1,0.5626538109767323,0.6114649681528662,0.5626538109767323,0.6114736776679718,160.89000000000001,-4.881115717613394
1501782,Breu Branco,PA,Norte,503,1,0.5620024441256212,0.48906560636182905,0.5620024441256212,0.49456718268386346,580.73,7.293683776379211
1503457,Ipixuna do Pará,PA,Norte,328,1,0.5620024441256212,0.5579268292682927,0.5620024441256212,0.5703645535884256,420.24,0.40756148573284356
1500107,Abaetetuba,PA,Norte,1270,1,0.5617371262763615,0.6346456692913386,0.5617371262763615,0.6414831466724101,1485.76,-7.290854301497706
2705606,Novo Lino,AL,Nordeste,138,1,0.5615792888878596,0.6014492753623188,0.5615792888878596,0.6015259483192975,138.93,-3.9869986474459274
1503309,Igarapé-Miri,PA,Norte,630,1,0.5610403375903004,0.5968253968253968,0.5610403375903004,0.5866860388323867,757.1,-3.578505923509645
2708907,Satuba,AL,Nordeste,269,1,0.5609856701872453,0.44981412639405205,0.5609856701872453,0.4489360187886983,281.02,11.117154379319327
2706448,Paripueira,AL,Nordeste,232,1,0.5609856701872453,0.6422413793103449,0.5609856701872453,0.6420113265831473,233.08,-8.125570912309954
2700706,Batalha,AL,Nordeste,146,1,0.5609856701872453,0.541095890410959,0.5609856701872452,0.5404818325434438,151.92000000000002,1.9889779776286365
1506500,Santa Isabel do Pará,PA,Norte,766,1,0.560904552706763,0.6592689295039165,0.560904552706763,0.6581872693726937,867.2,-9.836437679715349
1508001,Tomé-Açu,PA,Norte,1105,1,0.560576957556101,0.5031674208144796,0.560576957556101,0.5051054215665143,1252.59,5.740953674162141
1503101,Gurupá,PA,Norte,473,1,0.5604741269394602,0.6342494714587738,0.5604741269394602,0.6176893852175915,694.88,-7.377534451931355
2700508,Barra de Santo Antônio,AL,Nordeste,235,1,0.5603507629380607,0.6723404255319149,0.5603507629380607,0.6703318672530988,250.1,-11.198966259385411
2701704,Capela,AL,Nordeste,201,1,0.5603507629380607,0.572139303482587,0.5603507629380607,0.5745143519860829,206.94,-1.1788540544526271
2701209,Cacimbinhas,AL,Nordeste,157,1,0.5603507629380607,0.4585987261146497,0.5603507629380607,0.45811583395476013,160.92,10.175203682341106
2700201,Anadia,AL,Nordeste,151,1,0.5603507629380607,0.5496688741721855,0.5603507629380607,0.547384192783119,160.18,1.068188876587528
2704104,Lagoa da Canoa,AL,Nordeste,130,1,0.5603507629380607,0.5461538461538461,0.5603507629380607,0.5580074755606671,139.12,1.4196916784214642
2705200,Messias,AL,Nordeste,231,1,0.5603507629380606,0.5800865800865801,0.5603507629380607,0.5813276477100332,243.89000000000001,-1.9735817148519463
1505064,Novo Repartimento,PA,Norte,707,1,0.5602696201007478,0.49929278642149927,0.5602696201007478,0.5211692630044639,878.16,6.09768336792485
1507953,Tailândia,PA,Norte,1000,1,0.5598427007108875,0.617,0.5598427007108874,0.6210603731799627,1210.14,-5.715729928911251
1508308,Viseu,PA,Norte,682,1,0.5591279506222095,0.6158357771260997,0.5591279506222095,0.6179994536158919,768.69,-5.670782650389016
2702553,Estrela de Alagoas,AL,Nordeste,137,1,0.5590776175506599,0.635036496350365,0.5590776175506599,0.6387360794311016,149.06,-7.595887879970508
2703304,Inhapi,AL,Nordeste,226,1,0.558942526922234,0.19911504424778761,0.5589466725074346,0.1984379023259806,233.02,35.98274826744464
2706000,Olivença,AL,Nordeste,176,1,0.5588700040796346,0.19318181818181818,0.5588700040796346,0.19203614798079638,177.05,36.56881858978164
2705804,Olho d'Água do Casado,AL,Nordeste,139,1,0.5588700040796346,0.6402877697841727,0.5588700040796346,0.637954796030871,145.12,-8.141776570453807
2706109,Ouro Branco,AL,Nordeste,112,1,0.5588700040796346,0.4642857142857143,0.5588700040796346,0.47580645161290325,119.03999999999999,9.45842897939203
1501956,Cachoeira do Piriá,PA,Norte,141,1,0.558857770500756,0.48226950354609927,0.558857770500756,0.4796752338961179,185.98,7.658826695465676
1502103,Cametá,PA,Norte,1141,1,0.5588114995112968,0.6047326906222612,0.5588114995112969,0.6090732521471985,1354.09,-4.592119111096437
2704302,Maceió,AL,Nordeste,6460,1,0.5575900033014497,0.5927244582043344,0.5575995127453801,0.5942847013340011,7107.9400000000005,-3.5134454902884693
1501709,Bragança,PA,Norte,1230,1,0.5575503541665998,0.624390243902439,0.5575503541665998,0.6299138413643377,1464.74,-6.68398897358392
1503804,Jacundá,PA,Norte,464,1,0.5568195109653815,0.6228448275862069,0.5568195109653815,0.621341042143922,550.02,-6.602531662082534
1508209,Vigia,PA,Norte,447,1,0.5568195109653815,0.6174496644295302,0.5568195109653815,0.6228162059032585,534.62,-6.063015346414868
1502756,Concórdia do Pará,PA,Norte,250,1,0.5568195109653815,0.456,0.5568195109653815,0.4576771653543307,304.8,10.08195109653815
1504406,Marapanim,PA,Norte,189,1,0.5568195109653815,0.5502645502645502,0.5568195109653815,0.5457962776198771,218.14,0.655496070083128
1500206,Acará,PA,Norte,517,1,0.5562012099003764,0.5802707930367504,0.5562012099003765,0.582552117477383,610.16,-2.4069583136374084
1504604,Mocajuba,PA,Norte,294,1,0.5562012099003764,0.6292517006802721,0.5562012099003764,0.6269357971547063,380.98,-7.305049077989578
1504901,Muaná,PA,Norte,592,1,0.5561833452879261,0.6638513513513513,0.556183345287926,0.6635754605793684,644.84,-10.76680060634252
1505908,Porto de Moz,PA,Norte,430,1,0.5561833452879261,0.1883720930232558,0.5561833452879261,0.18847107438016528,484.0,36.78112522646703
1507706,São Sebastião da Boa Vista,PA,Norte,377,1,0.5561833452879261,0.5251989389920424,0.5561833452879261,0.5257991956921818,440.13,3.0984406295883726
1506195,Rurópolis,PA,Norte,320,1,0.5561833452879261,0.453125,0.5561833452879261,0.45246195637840547,379.17,10.305834528792612
1502905,Curuçá,PA,Norte,315,1,0.5561833452879261,0.6603174603174603,0.5561833452879261,0.6651010607419916,378.98,-10.413411502953418
1503093,Goianésia do Pará,PA,Norte,300,1,0.5561833452879261,0.5633333333333334,0.5561833452879261,0.5771657571623465,351.84,-0.714998804540723
1501105,Bagre,PA,Norte,276,1,0.5561833452879261,0.463768115942029,0.556183345287926,0.4667269499983255,298.59000000000003,9.241522934589714
1500958,Aurora do Pará,PA,Norte,216,1,0.5561833452879261,0.4444444444444444,0.556183345287926,0.44452218289571155,242.98000000000002,11.17389008434817
1503507,Irituia,PA,Norte,198,1,0.5561833452879261,0.494949494949495,0.5561833452879261,0.5037192687539399,237.95,6.123385033843115
1504307,Maracanã,PA,Norte,197,1,0.5561833452879261,0.5279187817258884,0.5561833452879261,0.5248576679965931,223.07,2.826456356203777
1505650,Placas,PA,Norte,196,1,0.5561833452879261,0.42857142857142855,0.5561833452879261,0.44264705882352945,265.2,12.761191671649758
1508035,Tracuateua,PA,Norte,193,1,0.5561833452879261,0.6373056994818653,0.5561833452879261,0.6284348331173764,223.81,-8.11223541939392
2706505,Passo de Camaragibe,AL,Nordeste,172,1,0.555909285556042,0.6744186046511628,0.555909285556042,0.674073653102978,175.96,-11.850931909512074
1502939,Dom Eliseu,PA,Norte,510,1,0.5557188982221395,0.3058823529411765,0.5557188982221395,0.30760749724366043,553.27,24.9836545280963
1504059,Mãe do Rio,PA,Norte,367,1,0.5557188982221395,0.5286103542234333,0.5557188982221395,0.5303169610452456,413.3,2.7108543998706214
1504802,Monte Alegre,PA,Norte,732,1,0.5550824150421065,0.5314207650273224,0.5550824150421065,0.5331123012836861,823.41,2.3661650014784152
1507607,São Miguel do Guamá,PA,Norte,676,1,0.5550824150421065,0.4970414201183432,0.5550824150421065,0.5041504276965126,790.28,5.804099492376336
1500305,Afuá,PA,Norte,615,1,0.5550824150421065,0.6097560975609756,0.5550824150421065,0.6183565208687819,699.37,-5.4673682518869064
1503705,Itupiranga,PA,Norte,486,1,0.5550824150421065,0.5534979423868313,0.5550824150421065,0.5583141598444717,560.67,0.1584472655275282
1506005,Prainha,PA,Norte,452,1,0.5550824150421065,0.5553097345132744,0.5550824150421065,0.5671587770263834,524.95,-0.022731947116783058
1506187,Rondon do Pará,PA,Norte,376,1,0.5550824150421065,0.300531914893617,0.5550824150421065,0.31192889939537205,439.94,25.45505001484895
1507003,Santo Antônio do Tauá,PA,Norte,331,1,0.5550824150421065,0.6827794561933535,0.5550824150421065,0.6835967867323142,385.9,-12.769704115124691
5001102,Aquidauana,MS,Centro-Oeste,644,1,0.5549735967757157,0.4192546583850932,0.5549735967757157,0.41590768478151396,695.01,13.571893839062248
1502707,Conceição do Araguaia,PA,Norte,506,1,0.5543224939642892,0.4841897233201581,0.5542955080038295,0.49230060092870803,585.76,7.013277064413115
1500404,Alenquer,PA,Norte,745,1,0.5539664155799799,0.6442953020134228,0.5540562129581839,0.6499927065450343,891.21,-9.032888643344283
2707602,Quebrangulo,AL,Nordeste,166,1,0.5524596974562664,0.3855421686746988,0.5524596974562664,0.3856675239653963,171.08,16.691752878156763
2704609,Maravilha,AL,Nordeste,111,1,0.5501319831959273,0.25225225225225223,0.5501319831959273,0.2563370224919671,112.04,29.787973094367505
5005202,Ladário,MS,Centro-Oeste,332,1,0.5488833568080798,0.6626506024096386,0.5488833568080798,0.6662542920622097,396.08,-11.376724560155882
1505700,Ponta de Pedras,PA,Norte,296,1,0.548882604664691,0.4155405405405405,0.5487335444371152,0.4199962306822465,318.36,13.334206412415044
1503200,Igarapé-Açu,PA,Norte,303,1,0.5479540260781866,0.5346534653465347,0.5490816083601555,0.543975707623902,368.84,1.3300560731651867
3304904,São Gonçalo,RJ,Sudeste,4415,1,0.5477896083149997,0.5621744054360136,0.5477896083149997,0.5627968761868423,5661.03,-1.4384797121013926
5002704,Campo Grande,MS,Centro-Oeste,10001,1,0.54667119307195,0.48305169483051696,0.5466742229412871,0.4840510295673836,11207.62,6.361949824143304
1700400,Almas,TO,Norte,126,1,0.5456575181940035,0.5238095238095238,0.5456575181940035,0.5180860805860806,131.04,2.1847994384479708
1504703,Moju,PA,Norte,769,1,0.5455732541244583,0.657997399219766,0.5455732541244583,0.6571168263795129,911.01,-11.242414509530763
1505486,Pacajá,PA,Norte,500,1,0.5446318420835616,0.542,0.5446318420835616,0.5450053883776839,603.15,0.26318420835615974
1501204,Baião,PA,Norte,261,1,0.5446318420835616,0.6091954022988506,0.5446318420835617,0.6185135090555208,303.13,-6.456356021528897
2700300,Arapiraca,AL,Nordeste,2473,1,0.5426225456622326,0.5616659927213911,0.5426225456622326,0.5624425144373576,2652.84,-1.9043447059158503
5000708,Anastácio,MS,Centro-Oeste,405,1,0.5419557360774995,0.5851851851851851,0.5419572602884848,0.5830674515795623,445.06,-4.322944910768567
1507300,São Félix do Xingu,PA,Norte,704,1,0.5417131765448449,0.6875,0.5417131765448449,0.6905266538214515,934.2,-14.578682345515514
1504422,Marituba,PA,Norte,1472,1,0.5411949457833457,0.5006793478260869,0.5411949457833457,0.5102299137889771,1880.27,4.051559795725879
1500503,Almeirim,PA,Norte,355,1,0.5409950428858317,0.6084507042253521,0.5409950428858317,0.610724718319655,431.34,-6.745566133952041
1502954,Eldorado do Carajás,PA,Norte,292,1,0.5403549130020263,0.4863013698630137,0.5403549130020264,0.49413965451728875,342.13,5.405354313901261
3302858,Mesquita,RJ,Sudeste,1227,1,0.5386075073567944,0.6454767726161369,0.5386075073567944,0.6491036142601229,1462.54,-10.686926525934249
1711902,Lagoa da Confusão,TO,Norte,177,1,0.5376176009204892,0.6440677966101694,0.5376176009204892,0.6435034744788282,200.03,-10.645019568968028
1506203,Salinópolis,PA,Norte,525,1,0.537525983095281,0.49142857142857144,0.537525983095281,0.49547459936417315,616.52,4.609741166670956
1716208,Paranã,TO,Norte,120,1,0.5374753940468602,0.31666666666666665,0.5374753940468602,0.31578536280559244,128.03,22.08087273801935
1709302,Guaraí,TO,Norte,209,1,0.5373228481447712,0.5215311004784688,0.5373228481447712,0.5186319347782858,251.45000000000002,1.5791747666302314
1707009,Dianópolis,TO,Norte,233,1,0.5372638877463884,0.3905579399141631,0.5372638877463884,0.3872653746375706,262.12,14.670594783222535
1722107,Xambioá,TO,Norte,119,1,0.536893525954592,0.5714285714285714,0.536893525954592,0.5717669701680361,135.09,-3.453504547397934
1502301,Capitão Poço,PA,Norte,465,1,0.5368851567513098,0.5053763440860215,0.5368851567513097,0.5102071762988798,527.57,3.1508812665288266
1713205,Miracema do Tocantins,TO,Norte,135,1,0.5368345580055492,0.5555555555555556,0.5368345580055492,0.5360474454809414,161.87,-1.8720997550006335
1506351,Santa Bárbara do Pará,PA,Norte,256,1,0.5367822880540035,0.53515625,0.5367822880540035,0.5364743819419562,279.1,0.16260380540035202
1507474,São João de Pirabas,PA,Norte,222,1,0.5367822880540035,0.5945945945945946,0.5367822880540035,0.5923686405337781,239.8,-5.781230654059111
1506302,Salvaterra,PA,Norte,191,1,0.5367822880540035,0.5026178010471204,0.5367822880540035,0.5051537231206682,225.08,3.4164487006883126
1506559,Santa Luzia do Pará,PA,Norte,158,1,0.5367822880540035,0.5949367088607594,0.5367822880540035,0.6022313401871744,216.91,-5.815442080675592
5003157,Coronel Sapucaia,MS,Centro-Oeste,341,1,0.5366350167734587,0.3812316715542522,0.5366350167734587,0.39235987147447343,364.13,15.540334521920652
5006358,Paranhos,MS,Centro-Oeste,138,1,0.5366350167734587,0.32608695652173914,0.5366350167734587,0.3356191744340879,150.20000000000002,21.054806025171956
5004809,Japorã,MS,Centro-Oeste,121,1,0.536428624729577,0.5537190082644629,0.5364502473349437,0.5580793134063332,135.16,-1.7290383534885878
1507904,Soure,PA,Norte,395,1,0.5361413204812493,0.4759493670886076,0.5361413204812493,0.4759908536585366,419.84,6.019195339264172
1503077,Garrafão do Norte,PA,Norte,340,1,0.5361413204812493,0.6705882352941176,0.5361413204812494,0.6711197353036297,401.96999999999997,-13.44469148128683
1502509,Chaves,PA,Norte,196,1,0.5361413204812493,0.2602040816326531,0.5361413204812493,0.25920066998557667,214.93,27.59372388485962
3304144,Queimados,RJ,Sudeste,1260,1,0.5361229294248766,0.6190476190476191,0.5361229294248766,0.6236863637525889,1564.36,-8.292468962274246
1506609,Santa Maria do Pará,PA,Norte,237,1,0.5350322366456755,0.5991561181434599,0.5350322366456756,0.6020597084008332,259.26,-6.412388149778447
1504950,Nova Esperança do Piriá,PA,Norte,218,1,0.5350322366456755,0.5045871559633027,0.5350322366456755,0.4998200647766804,250.09,3.0445080682372727
1507151,São Domingos do Araguaia,PA,Norte,194,1,0.5350322366456755,0.6030927835051546,0.5350322366456755,0.5962214597365189,236.07,-6.806054685947915
1716505,Pedro Afonso,TO,Norte,231,1,0.5345169084133936,0.4329004329004329,0.5345169084133936,0.432989270123618,245.11,10.16164755129607
1703842,Campos Lindos,TO,Norte,148,1,0.5345169084133936,0.6148648648648649,0.5345169084133936,0.6148600143575018,167.16,-8.034795645147131
5007950,Tacuru,MS,Centro-Oeste,187,1,0.533660312533978,0.43315508021390375,0.5336603125339782,0.43394248052726186,200.28,10.05052323200743
3302502,Magé,RJ,Sudeste,2969,1,0.5335061407899983,0.5321657123610644,0.5335061407899983,0.5334146271483086,3485.3,0.1340428428933893
1502004,Cachoeira do Arari,PA,Norte,207,1,0.5331174955250633,0.642512077294686,0.5327201923062976,0.6466689619555861,232.36,-10.939458176962269
2207702,Parnaíba,PI,Nordeste,1474,1,0.5310497195318098,0.6126187245590231,0.5310497195318098,0.6155272761968371,1676.92,-8.156900502721331
5006903,Porto Murtinho,MS,Centro-Oeste,228,1,0.5307632542098573,0.32456140350877194,0.5307632542098573,0.325586659624236,265.06,20.620185070108533
1700707,Alvorada,TO,Norte,110,1,0.5297519966983955,0.2818181818181818,0.5297519966983955,0.27992445108995045,127.07,24.793381488021364
3302270,Japeri,RJ,Sudeste,1085,1,0.5297341240608555,0.6341013824884792,0.5297341240608555,0.6312083024462565,1349.0,-10.436725842762373
5003488,Dois Irmãos do Buriti,MS,Centro-Oeste,204,1,0.5293693820208754,0.5980392156862745,0.5293693820208754,0.6012095836240986,214.95,-6.866983366539914
1301159,Careiro da Várzea,AM,Norte,112,1,0.5285016879909216,0.6696428571428571,0.5267305018509183,0.6702925180067617,136.06,-14.114116915193552
2507507,João Pessoa,PB,Nordeste,5447,1,0.5276818267713854,0.44189462089223425,0.5273086641870679,0.4485646296543927,6580.88,8.578720587915118
3301900,Itaboraí,RJ,Sudeste,2438,1,0.527629630051127,0.48728465955701394,0.527629630051127,0.4953363609894211,2988.0099999999998,4.034497049411301
1507805,Senador José Porfírio,PA,Norte,327,1,0.5259320199908432,0.6299694189602446,0.5259320199908432,0.6408794988330672,407.05,-10.403739896940145
5003702,Dourados,MS,Centro-Oeste,3216,1,0.5255694887481142,0.4611318407960199,0.5255733397460168,0.46796124514661974,3878.7400000000002,6.443764795209428
1716109,Paraíso do Tocantins,TO,Norte,611,1,0.5253674543313243,0.36333878887070375,0.5253674543313243,0.36543433116250157,707.87,16.20286654606205
2700409,Atalaia,AL,Nordeste,433,1,0.5248300907100292,0.5565819861431871,0.5248300907100292,0.5574096235915732,442.87,-3.175189543315793
2704500,Maragogi,AL,Nordeste,408,1,0.5235859479470175,0.5416666666666666,0.5235859479470175,0.5438697494473103,434.24,-1.8080718719649114
2708501,São Luís do Quitunde,AL,Nordeste,398,1,0.5235859479470175,0.4623115577889447,0.5235859479470174,0.46366125468344704,416.36,6.127439015807279
1721000,Palmas,TO,Norte,2964,1,0.522981148291644,0.42543859649122806,0.522981148291644,0.4302809694677254,3859.85,9.754255180041593
2708808,São Sebastião,AL,Nordeste,336,1,0.5228141687663546,0.5773809523809523,0.5228141687663546,0.5758404558404558,351.0,-5.456678361459777
1504976,Nova Ipixuna,PA,Norte,182,1,0.522746256688154,0.46703296703296704,0.522746256688154,0.47471859924959803,223.88,5.5713289655186955
1502855,Curuá,PA,Norte,172,1,0.522746256688154,0.5755813953488372,0.522746256688154,0.5753488856488231,192.04000000000002,-5.283513866068324
1506112,Quatipuru,PA,Norte,143,1,0.522746256688154,0.5244755244755245,0.5227462566881541,0.5269564109100179,156.92,-0.1729267787370481
1507102,São Caetano de Odivelas,PA,Norte,140,1,0.522746256688154,0.30714285714285716,0.522746256688154,0.3013508832698302,173.22,21.560339954529685
1505007,Nova Timboteua,PA,Norte,120,1,0.522746256688154,0.49166666666666664,0.522746256688154,0.4833646364368125,149.07999999999998,3.1079590021487356
1501006,Aveiro,PA,Norte,106,1,0.522746256688154,0.3584905660377358,0.522746256688154,0.35634002164682377,120.11,16.425569065041817
1506401,Santa Cruz do Arari,PA,Norte,104,1,0.522746256688154,0.4807692307692308,0.522746256688154,0.4766797712651894,111.92,4.197702591892321
5003306,Coxim,MS,Centro-Oeste,467,1,0.5225500615162799,0.6038543897216274,0.5225500615162799,0.608095040751485,506.73,-8.13043282053475
2504009,Campina Grande,PB,Nordeste,2736,1,0.5217590308388416,0.508406432748538,0.5219373835229056,0.5121737175122892,3201.98,1.3352598090303536
1501451,Belterra,PA,Norte,197,1,0.5216337215386452,0.4213197969543147,0.5216337215386452,0.4239506611056882,225.38,10.031392458433046
1507508,São João do Araguaia,PA,Norte,197,1,0.5216337215386452,0.6548223350253807,0.5216337215386452,0.6460349920472619,220.05,-13.31886134867355
1501576,Bom Jesus do Tocantins,PA,Norte,178,1,0.5216337215386452,0.47191011235955055,0.5216337215386452,0.481463532832566,206.35,4.972360917909463
1504752,Mojuí dos Campos,PA,Norte,178,1,0.5216337215386452,0.5617977528089888,0.5216337215386452,0.5624792683504715,211.03,-4.016403127034362
2510808,Patos,PB,Nordeste,785,1,0.52073035527913,0.32229299363057323,0.52073035527913,0.325204973474021,850.11,19.84373616485568
5006309,Paranaíba,MS,Centro-Oeste,451,1,0.520138934049553,0.44789356984478934,0.520138934049553,0.44808323738859746,469.02000000000004,7.224536420476369
5000609,Amambai,MS,Centro-Oeste,396,1,0.5194955519557506,0.29797979797979796,0.5194955519557506,0.30279646180779507,434.12,22.151575397595263
2709152,Teotônio Vilela,AL,Nordeste,381,1,0.5192531819632482,0.4225721784776903,0.5192531819632482,0.42404285416135234,431.23,9.668100348555791
2704203,Limoeiro de Anadia,AL,Nordeste,318,1,0.5192531819632482,0.5534591194968553,0.5192531819632483,0.5539844583269846,328.15,-3.4205937533607123
2701001,Boca da Mata,AL,Nordeste,238,1,0.5192531819632482,0.11764705882352941,0.5192531819632482,0.11815466312645205,241.04,40.160612313971875
2705507,Murici,AL,Nordeste,234,1,0.5192531819632482,0.15384615384615385,0.5192531819632482,0.15590340267023814,238.93,36.54070281170944
1507409,São Francisco do Pará,PA,Norte,103,1,0.5192106090264572,0.6213592233009708,0.5192106090264572,0.6256308304022021,130.78,-10.21486142745136
1600238,Ferreira Gomes,AP,Norte,150,1,0.5189520735913017,0.26666666666666666,0.5189482579278502,0.2792647332795131,161.03,25.228540692463504
1718204,Porto Nacional,TO,Norte,713,1,0.5181026508822875,0.5568022440392707,0.5181026508822875,0.5589213896015146,892.63,-3.8699593156983236
2709103,Taquarana,AL,Nordeste,239,1,0.5173286513681326,0.606694560669456,0.5173286513681326,0.6103430619559652,253.89000000000001,-8.936590930132349
2513703,Santa Rita,PB,Nordeste,930,1,0.5172118293833707,0.6182795698924731,0.5167609916539185,0.6061426058720065,1256.47,-10.10677405091024
1505403,Ourém,PA,Norte,147,1,0.5170492022523552,0.4557823129251701,0.5160973454998292,0.46312056737588647,169.20000000000002,6.12668893271851
5005400,Maracaju,MS,Centro-Oeste,648,1,0.5169199894133132,0.5277777777777778,0.5169199894133132,0.5343445315126594,773.34,-1.0857788364464604
2211001,Teresina,PI,Nordeste,6896,1,0.5168006528339945,0.42096867749419953,0.5168135862032328,0.4242385586131475,7525.53,9.583197533979494
5007901,Sidrolândia,MS,Centro-Oeste,726,1,0.5152019198284272,0.6101928374655647,0.5152019198284272,0.6015939678413766,931.01,-9.499091763713752
2706802,Piaçabuçu,AL,Nordeste,226,1,0.5139729212943849,0.5752212389380531,0.5139729212943849,0.5761833706374866,241.26000000000002,-6.124831764366823
2702801,Flexeiras,AL,Nordeste,157,1,0.5139729212943849,0.5031847133757962,0.5139729212943849,0.506424747174301,168.1,1.07882079185887
2703759,Jequiá da Praia,AL,Nordeste,115,1,0.5139729212943849,0.043478260869565216,0.5139729212943849,0.04349300551080966,117.95,47.04946604248197
2704005,Junqueiro,AL,Nordeste,272,1,0.5137648004890418,0.43014705882352944,0.5137648004890418,0.43342823093220345,302.08,8.361774166551239
2709400,Viçosa,AL,Nordeste,254,1,0.5137648004890418,0.5039370078740157,0.5137648004890418,0.5009087466868609,264.1,0.9827792615026087
2702108,Colônia Leopoldina,AL,Nordeste,184,1,0.5137648004890418,0.266304347826087,0.5137648004890418,0.267238752919671,196.94,24.746045266295486
3300308,Barra do Piraí,RJ,Sudeste,712,1,0.5133352881865283,0.5126404494382022,0.5133352881865283,0.5198789079940326,918.31,0.06948387483260987
5005004,Jardim,MS,Centro-Oeste,360,1,0.5129256308036042,0.4583333333333333,0.5129256308036042,0.4615438237754438,430.36,5.459229747027089
5005707,Naviraí,MS,Centro-Oeste,801,1,0.512865014845804,0.3982521847690387,0.512865014845804,0.4013504982639672,887.08,11.461283007676537
1303908,São Paulo de Olivença,AM,Norte,777,1,0.5127604326848579,0.6306306306306306,0.5128773934068264,0.6328400538123113,825.09,-11.787019794577269
2703205,Igreja Nova,AL,Nordeste,249,1,0.512518595953714,0.4899598393574297,0.512518595953714,0.4926562845966492,270.98,2.2558756596284257
2708303,São José da Laje,AL,Nordeste,171,1,0.512518595953714,0.04678362573099415,0.512518595953714,0.04682892987223218,172.97,46.57349702227198
2501807,Bayeux,PB,Nordeste,428,1,0.5112948043372579,0.6191588785046729,0.5118126171066654,0.6190650644783119,545.92,-10.786407416741495
2516201,Sousa,PB,Nordeste,524,1,0.5108474571419532,0.3416030534351145,0.510818938300144,0.3418367346938775,589.96,16.924440370683875
5007208,Rio Brilhante,MS,Centro-Oeste,569,1,0.5108309149768634,0.4727592267135325,0.5108309149768634,0.4723558296602926,596.69,3.8071688263330907
1503002,Faro,PA,Norte,148,1,0.5105731179929072,0.46621621621621623,0.5105731179929072,0.4821913345640135,184.18,4.435690177669094
3305208,São Pedro da Aldeia,RJ,Sudeste,1152,1,0.5098465826341188,0.4435763888888889,0.5098465826341188,0.44263898507164323,1400.69,6.627019374522986
1301407,Eirunepé,AM,Norte,415,1,0.5094736770467477,0.5662650602409639,0.5129054386107683,0.5897147218776835,524.05,-5.679138319421617
3301850,Guapimirim,RJ,Sudeste,593,1,0.5093640993889318,0.5261382799325464,0.5093640993889318,0.5225809167052485,712.77,-1.677418054361457
5002100,Bela Vista,MS,Centro-Oeste,321,1,0.5089286665109555,0.514018691588785,0.5089286665109555,0.5181734217103119,368.12,-0.5090025077829519
5007406,Rio Verde de Mato Grosso,MS,Centro-Oeste,288,1,0.5089286665109555,0.4965277777777778,0.5089286665109555,0.5089296239537899,339.32,1.2400888733177684
1300607,Benjamin Constant,AM,Norte,780,1,0.508903403055367,0.6192307692307693,0.5078973458144374,0.6171630659673772,831.32,-11.032736617540229
2708709,São Miguel dos Milagres,AL,Nordeste,155,1,0.5088567075325438,0.4967741935483871,0.5088567075325438,0.49321961097134437,162.97,1.2082513984156662
1302553,Manaquiri,AM,Norte,186,1,0.5087438076915434,0.7795698924731183,0.5087438076915434,0.794474905103332,237.1,-27.08260847815749
5006002,Nova Alvorada do Sul,MS,Centro-Oeste,381,1,0.5086775631731633,0.4304461942257218,0.5086775631731633,0.4348155634158666,395.8,7.823136894744148
1303536,Presidente Figueiredo,AM,Norte,450,1,0.5086404907053943,0.6622222222222223,0.5086404907053943,0.6630479768234058,628.22,-15.358173151682797
1508050,Trairão,PA,Norte,227,1,0.5078163615253074,0.3744493392070485,0.5078163615253074,0.37808188192716585,265.26,13.336702231825893
5006200,Nova Andradina,MS,Centro-Oeste,654,1,0.5077150759004285,0.30275229357798167,0.5077150759004285,0.30550099704634387,666.97,20.496278232244684
5007695,São Gabriel do Oeste,MS,Centro-Oeste,479,1,0.5076526706603646,0.37995824634655534,0.50764568763249,0.37767593198817534,504.03000000000003,12.769442431380924
1303569,Rio Preto da Eva,AM,Norte,356,1,0.5076293758239048,0.5337078651685393,0.5076293758239048,0.5325985894732068,440.96999999999997,-2.6078489344634526
5002407,Caarapó,MS,Centro-Oeste,393,1,0.5075249225289868,0.3435114503816794,0.507521086856074,0.35315767823507765,461.89,16.401347214730745
5006606,Ponta Porã,MS,Centro-Oeste,1793,1,0.5074872312249096,0.3173452314556609,0.5074545841686237,0.32266123514154327,1885.29,19.014199976924868
5008008,Terenos,MS,Centro-Oeste,277,1,0.5071242641524123,0.5126353790613718,0.507066478900166,0.5036018336607728,290.13,-0.5511114908959502
5007109,Ribas do Rio Pardo,MS,Centro-Oeste,419,1,0.5069581394789886,0.5727923627684964,0.5069581394789886,0.5711501809538085,466.97,-6.583422328950784
5007935,Sonora,MS,Centro-Oeste,220,1,0.5069581394789886,0.21363636363636362,0.5069581394789886,0.21423102904751182,222.05,29.332177584262496
5001904,Bataguassu,MS,Centro-Oeste,321,1,0.5067492405773932,0.4735202492211838,0.5067492405773932,0.4768389232762343,347.35,3.3228991356209434
3300803,Cachoeiras de Macacu,RJ,Sudeste,474,1,0.5063805523477791,0.5021097046413502,0.506380552347779,0.5071484316623217,602.23,0.42708477064289374
5002902,Cassilândia,MS,Centro-Oeste,230,1,0.5061049526824122,0.45217391304347826,0.5061049526824122,0.4562427071178529,257.1,5.393103963893392
2702306,Coruripe,AL,Nordeste,787,1,0.5054098794028954,0.07750952986022872,0.5054098794028954,0.07850167649722216,817.1800000000001,42.790034954266666
1304062,Tabatinga,AM,Norte,1156,1,0.5051163109031755,0.592560553633218,0.5057213224490792,0.5963178339117843,1305.21,-8.744424273004247
2707800,Roteiro,AL,Nordeste,101,1,0.5051116002565912,0.5346534653465347,0.5051116002565912,0.5406390134529148,107.04,-2.9541865089943498
3300209,Araruama,RJ,Sudeste,1329,1,0.504321307547493,0.4401805869074492,0.504321307547493,0.4410517537059224,1702.68,6.414072064004383
2111300,São Luís,MA,Nordeste,6251,1,0.5035049514628184,0.430171172612382,0.5035236304943551,0.4325784788380447,7043.3,7.333377885043635
5102504,Cáceres,MT,Centro-Oeste,1038,1,0.5025746048406252,0.4836223506743738,0.5025746048406251,0.48735884185067246,1149.42,1.8952254166251403
2503704,Cajazeiras,PB,Nordeste,484,1,0.5024908891535601,0.4524793388429752,0.5027205425774949,0.4592368875215727,533.08,5.001155031058491
5003256,Costa Rica,MS,Centro-Oeste,451,1,0.5019929632672997,0.4523281596452328,0.5019929632672997,0.45142992710175556,463.66,4.9664803622066875
2208403,Piripiri,PI,Nordeste,728,1,0.5019796370214054,0.4519230769230769,0.5019796370214054,0.45401820476331123,744.86,5.005656009832843
5004007,Glória de Dourados,MS,Centro-Oeste,100,1,0.5018141084572578,0.26,0.5018141084572578,0.26821733599854625,110.06,24.181410845725782
1301803,Ipixuna,AM,Norte,248,1,0.5012840952588228,0.3548387096774194,0.5027149738971753,0.35682627090188707,297.82,14.64453855814034
5103254,Colniza,MT,Centro-Oeste,399,1,0.5003623142886421,0.3107769423558897,0.5003623142886421,0.30824583635047065,441.92,18.958537193275237
5106505,Poconé,MT,Centro-Oeste,371,1,0.5003623142886421,0.6145552560646901,0.5003623142886421,0.616442075127104,405.18,-11.4192941776048
1301704,Humaitá,AM,Norte,762,1,0.5002952102217099,0.421259842519685,0.5002696154404516,0.42355904975172814,821.6800000000001,7.903536770202485
1302504,Manacapuru,AM,Norte,1280,1,0.500128743517186,0.596875,0.49889890527026504,0.6050616336895567,1512.16,-9.67462564828141
1301852,Iranduba,AM,Norte,885,1,0.5001160480360081,0.6271186440677966,0.5008289212955312,0.631629094474714,1081.03,-12.700259603178853
3303609,Paracambi,RJ,Sudeste,367,1,0.4998013137275177,0.2997275204359673,0.4998013137275177,0.3001494907969728,428.12,20.00737932915504
3305752,Tanguá,RJ,Sudeste,339,1,0.4998013137275177,0.44837758112094395,0.4998013137275177,0.45547514950500023,397.98,5.142373260657374
3304805,São Fidélis,RJ,Sudeste,338,1,0.4998013137275177,0.5177514792899408,0.4998013137275176,0.513123294467874,403.1,-1.7950165562423126
5001003,Aparecida do Taboado,MS,Centro-Oeste,434,1,0.49946767057766117,0.41935483870967744,0.49946767057766117,0.4249408729305526,465.1,8.011283186798373
5002951,Chapadão do Sul,MS,Centro-Oeste,431,1,0.49946767057766117,0.3642691415313225,0.49946767057766117,0.3659154380723518,461.91,13.519852904633867
5002209,Bonito,MS,Centro-Oeste,398,1,0.49946767057766117,0.40954773869346733,0.49946767057766117,0.41209931227415786,428.95,8.991993188419384
5004700,Ivinhema,MS,Centro-Oeste,378,1,0.49946767057766117,0.31216931216931215,0.49946767057766117,0.3120869216903665,399.44,18.7298358408349
5004601,Itaquiraí,MS,Centro-Oeste,350,1,0.49946767057766117,0.2057142857142857,0.4994676705776611,0.20578987621448602,353.03000000000003,29.375338486337544
2700607,Barra de São Miguel,AL,Nordeste,122,1,0.49944986174723704,0.6147540983606558,0.49944986174723716,0.6096559958212074,134.01,-11.530423661341871
2704708,Marechal Deodoro,AL,Nordeste,869,1,0.49941689953408386,0.5397008055235903,0.4994168995340838,0.5378040126443455,930.0600000000001,-4.028390598950649
2709301,União dos Palmares,AL,Nordeste,633,1,0.4992788482701065,0.052132701421800945,0.4992788482701065,0.05248829358597408,642.8100000000001,44.71461468483056
5004502,Itaporã,MS,Centro-Oeste,243,1,0.4991498383216473,0.45267489711934156,0.4991713849913015,0.4570833183630942,278.33,4.647494120230572
1303106,Nova Olinda do Norte,AM,Norte,304,1,0.4980140498359116,0.6217105263157895,0.5002119361769571,0.6266881198565099,379.12,-12.369647647987792
5106422,Peixoto de Azevedo,MT,Centro-Oeste,467,1,0.4977893732426897,0.5781584582441114,0.49778937324268974,0.5821551211464309,521.27,-8.03690850014217
1300508,Barreirinha,AM,Norte,410,1,0.4976765753774341,0.748780487804878,0.49515315225848106,0.7500460301548659,488.81,-25.110391242744395
2707404,Porto de Pedras,AL,Nordeste,133,1,0.49747077744605533,0.7293233082706767,0.4974707774460554,0.7251924422673197,142.9,-23.185253082462136
2208007,Picos,PI,Nordeste,528,1,0.49726897852208424,0.44886363636363635,0.4972689785220843,0.45076627374938344,587.91,4.840534215844788
2503209,Cabedelo,PB,Nordeste,565,1,0.4972400196012565,0.4247787610619469,0.4968865730522941,0.4264356372045221,622.72,7.2461258539309625
5002605,Camapuã,MS,Centro-Oeste,182,1,0.4972317646632956,0.41208791208791207,0.49723306694567543,0.4175664867026595,200.04,8.514385257538354
1300409,Barcelos,AM,Norte,226,1,0.49703009152158156,0.5221238938053098,0.4989965637204102,0.5467822413227956,274.57,-2.5093802283728204
4300604,Alvorada,RS,Sul,1970,1,0.4966592350519017,0.6380710659898478,0.4966486716094934,0.6368185545614292,2663.4966991,-14.141183093794607
2506301,Guarabira,PB,Nordeste,422,1,0.49653405989132193,0.4075829383886256,0.496534059891322,0.40377749139078445,473.33,8.895112150269636
5005806,Nioaque,MS,Centro-Oeste,183,1,0.49475138055978884,0.3825136612021858,0.49475138055978884,0.3900642236494144,211.76,11.223771935760308
2701100,Branquinha,AL,Nordeste,118,1,0.4945246962372717,0.2033898305084746,0.4945246962372717,0.20099992188110305,128.01,29.113486572879708
2509701,Monteiro,PB,Nordeste,300,1,0.49451167585401634,0.39,0.49451167585401634,0.38903085670478504,313.06,10.451167585401633
1302900,Maués,AM,Norte,530,1,0.49422641491341646,0.4490566037735849,0.49684782920308024,0.48274962799331156,651.87,4.516981113983154
5007703,Sete Quedas,MS,Centro-Oeste,162,1,0.4941800786352979,0.4691358024691358,0.4941800786352979,0.4691358024691358,162.0,2.5044276166162116
3300605,Bom Jesus do Itabapoana,RJ,Sudeste,249,1,0.493902989680142,0.2931726907630522,0.493902989680142,0.29384488562203753,291.14,20.073029891708984
5005681,Mundo Novo,MS,Centro-Oeste,239,1,0.4935724421593413,0.5104602510460251,0.49357449089356165,0.5057123140622604,260.84000000000003,-1.6887808886683786
2203909,Floriano,PI,Nordeste,526,1,0.4934636665832733,0.46387832699619774,0.4934636665832732,0.4662842529613383,563.09,2.9585339587075543
2206209,Miguel Alves,PI,Nordeste,329,1,0.4930809451899647,0.39209726443769,0.4930809451899647,0.3921562993822727,348.05,10.098368075227471
5003454,Deodápolis,MS,Centro-Oeste,179,1,0.49293316896808764,0.33519553072625696,0.49293340179558137,0.33752547596560123,201.17000000000002,15.773763824183067
5004304,Iguatemi,MS,Centro-Oeste,241,1,0.4929179379824369,0.3983402489626556,0.4929179379824369,0.39987216873726683,250.33,9.457768901978131
5003751,Eldorado,MS,Centro-Oeste,176,1,0.4929179379824369,0.42613636363636365,0.4929179379824368,0.4356844277474999,188.99,6.678157434607323
5004106,Guia Lopes da Laguna,MS,Centro-Oeste,155,1,0.4929179379824369,0.3419354838709677,0.4929179379824369,0.35437048064653337,188.07999999999998,15.098245411146916
3301876,Iguaba Grande,RJ,Sudeste,305,1,0.4929127107793286,0.30491803278688523,0.49291271077932847,0.2966783688900891,370.3,18.799467799244336
5001243,Aral Moreira,MS,Centro-Oeste,139,1,0.49230840349939303,0.26618705035971224,0.49230840349939303,0.26559046151785115,149.29,22.61213531396808
5006408,Pedro Gomes,MS,Centro-Oeste,110,1,0.4915497709657426,0.43636363636363634,0.4915497709657426,0.44148355929562094,128.34,5.518613460210625
5000807,Anaurilândia,MS,Centro-Oeste,105,1,0.4915497709657426,0.2,0.49154977096574254,0.19887955182072828,107.10000000000001,29.154977096574257
3516309,Francisco Morato,SP,Sudeste,2160,1,0.49123045120067294,0.49027777777777776,0.4913599460918431,0.49077104737353433,2497.9999934,0.09526734228951783
5002001,Batayporã,MS,Centro-Oeste,185,1,0.4905890623949163,0.32432432432432434,0.4905890623949163,0.32254073004743244,193.96,16.626473807059195
5002308,Brasilândia,MS,Centro-Oeste,181,1,0.4905890623949163,0.3867403314917127,0.49058906239491634,0.39244873817034703,202.88,10.384873090320356
5003801,Fátima do Sul,MS,Centro-Oeste,252,1,0.4899588049069724,0.40476190476190477,0.48995880490697236,0.4041433975860205,277.55,8.519690014506764
1500602,Altamira,PA,Norte,1559,1,0.48971269164926357,0.5426555484284797,0.48971269164926357,0.5465243990063846,1948.44,-5.294285677921618
1304203,Tefé,AM,Norte,1206,1,0.4895638901499982,0.5621890547263682,0.4897850655836351,0.5621607476635514,1337.5,-7.262516457636997
5002159,Bodoquena,MS,Centro-Oeste,137,1,0.4892395351616037,0.5401459854014599,0.48923953516160357,0.5356195756991321,165.92000000000002,-5.090645023985618
1304260,Uarini,AM,Norte,199,1,0.48923105411664897,0.8090452261306532,0.49038146545576466,0.8193213745407392,231.35,-31.981417201400426
1302405,Lábrea,AM,Norte,467,1,0.4890554443878321,0.3169164882226981,0.4890665485960247,0.3178897837299792,552.55,17.2138956165134
5004403,Inocência,MS,Centro-Oeste,122,1,0.48866844209925864,0.48360655737704916,0.4886684420992587,0.48294069861900896,123.1,0.5061884722209475
1502400,Castanhal,PA,Norte,1890,1,0.4882398149847536,0.6645502645502646,0.4882398149847535,0.6702138950118377,2449.8,-17.631044956551094
1508159,Uruará,PA,Norte,397,1,0.48818735311999417,0.3879093198992443,0.48818735311999417,0.39166020504867755,464.28,10.027803322074986
1303809,São Gabriel da Cachoeira,AM,Norte,689,1,0.4880459061912419,0.5849056603773585,0.48811870667218626,0.5875658616170532,747.78,-9.685975418611658
1303403,Parintins,AM,Norte,1355,1,0.4876037967952842,0.37859778597785976,0.4875476369024502,0.3810089812937385,1573.27,10.900601081742444
3303856,Paty do Alferes,RJ,Sudeste,292,1,0.48701652916039456,0.2465753424657534,0.48701652916039445,0.24030166710770043,377.90000000000003,24.044118669464115
3303005,Miracema,RJ,Sudeste,231,1,0.4870165291603945,0.30303030303030304,0.4870165291603945,0.3050126808891541,268.12,18.398622613009145
2511202,Pedras de Fogo,PB,Nordeste,376,1,0.48698092674887006,0.5106382978723404,0.48698092674887006,0.5141057244590523,401.61,-2.3657371123470328
1508084,Tucumã,PA,Norte,467,1,0.4869271672926807,0.5117773019271948,0.48692716729268076,0.5145211448249206,569.17,-2.485013463451413
1505437,Ourilândia do Norte,PA,Norte,425,1,0.4869271672926807,0.46588235294117647,0.4869271672926807,0.46874935347057,483.34999999999997,2.104481435150424
5001508,Bandeirantes,MS,Centro-Oeste,128,1,0.48663441128457674,0.4765625,0.4866344112845768,0.4756806579693704,141.04,1.007191128457674
1506138,Redenção,PA,Norte,1080,1,0.4864244690456465,0.4166666666666667,0.48642446904564657,0.4173864473460533,1235.33,6.9757802378979825
2512507,Queimadas,PB,Nordeste,561,1,0.4863394712950255,0.07130124777183601,0.4863394712950255,0.07349778195994086,595.12,41.503822352318956
2508901,Mamanguape,PB,Nordeste,467,1,0.4863394712950255,0.3083511777301927,0.4863394712950255,0.3135178499799438,498.6,17.79882935648328
2515302,Sapé,PB,Nordeste,376,1,0.4863394712950255,0.6063829787234043,0.4863394712950255,0.6100319069069069,426.24,-12.004350742837877
2506004,Esperança,PB,Nordeste,253,1,0.4863394712950255,0.3557312252964427,0.4863394712950255,0.3578765232117218,271.63,13.060824599858284
2512101,Pombal,PB,Nordeste,247,1,0.4863394712950255,0.340080971659919,0.4863394712950255,0.3443737188477722,278.07,14.625849963510651
2513901,São Bento,PB,Nordeste,221,1,0.48633947129502547,0.5339366515837104,0.4863394712950255,0.531400007934304,252.07,-4.759718028868493
5000203,Água Clara,MS,Centro-Oeste,371,1,0.48628332116887607,0.2210242587601078,0.48628332116887607,0.22973292925466426,422.36,26.52590624087683
1302702,Manicoré,AM,Norte,557,1,0.48609925458460673,0.38061041292639136,0.48640563166206735,0.3847569772648127,603.03,10.548884165821537
1503903,Juruti,PA,Norte,782,1,0.48586384364322227,0.49744245524296676,0.48591438839787693,0.49740347458283973,903.13,-1.1578611599744493
2105302,Imperatriz,MA,Nordeste,2612,1,0.4856173071597568,0.45367534456355285,0.4856173071597568,0.45271510865414943,3011.85,3.1941962596203965
1503754,Jacareacanga,PA,Norte,187,1,0.48542114850311335,0.7379679144385026,0.48542114850311335,0.7504127204796246,230.18,-25.254676593538928
2202901,Corrente,PI,Nordeste,263,1,0.48540708544402644,0.623574144486692,0.4854070854440264,0.6221562809099901,272.97,-13.816705904266557
1505106,Óbidos,PA,Norte,538,1,0.48500453720324554,0.44981412639405205,0.48500453720324554,0.46034556244057573,610.02,3.5190410809193495
1504000,Limoeiro do Ajuru,PA,Norte,256,1,0.48500453720324554,0.5078125,0.48500453720324554,0.521779303062302,303.04,-2.2807962796754455
1501907,Bujaru,PA,Norte,229,1,0.48500453720324554,0.48034934497816595,0.4850045372032456,0.48370177551575433,257.39,0.46551922250795963
1503044,Floresta do Araguaia,PA,Norte,228,1,0.4849788577890266,0.32894736842105265,0.4849788577890266,0.3263964524661584,257.08,15.603148936797396
5007554,Santa Rita do Pardo,MS,Centro-Oeste,137,1,0.48491595914394225,0.48905109489051096,0.4849159591439422,0.4869467314052494,142.11,-0.4135135746568708
5005152,Juti,MS,Centro-Oeste,160,1,0.4849159591439422,0.51875,0.48491595914394225,0.5233252266195003,180.92000000000002,-3.3834040856057843
2201200,Barras,PI,Nordeste,557,1,0.4848945490201788,0.400359066427289,0.4848945490201788,0.3987330727348877,573.04,8.45354825928898
2211100,União,PI,Nordeste,468,1,0.4848945490201788,0.6452991452991453,0.4848945490201788,0.6479410074698334,522.1,-16.040459627896652
2205508,José de Freitas,PI,Nordeste,451,1,0.4848945490201788,0.5698447893569845,0.4848945490201788,0.5702404355058219,462.91,-8.495024033680565
2207900,Pedro II,PI,Nordeste,367,1,0.4848945490201788,0.5722070844686649,0.4848945490201788,0.5802710384732515,394.04,-8.731253544848606
1303601,Santa Isabel do Rio Negro,AM,Norte,136,1,0.48478862632226916,0.6323529411764706,0.4775446579897571,0.63010396263372,199.11,-14.75643148542014
1500347,Água Azul do Norte,PA,Norte,185,1,0.48426447959910196,0.5135135135135135,0.484264479599102,0.48620225109730125,230.11,-2.924903391441153
1503606,Itaituba,PA,Norte,1827,1,0.4840292343841688,0.39901477832512317,0.48402923438416884,0.4077911881242354,2190.68,8.501445605904562
3304755,São Francisco de Itabapoana,RJ,Sudeste,487,1,0.4838926507430419,0.5318275154004107,0.4838926507430419,0.5253791563096654,555.18,-4.793486465736885
2200400,Altos,PI,Nordeste,577,1,0.4837809121188211,0.37954939341421146,0.48378091211882107,0.38196780197890473,612.46,10.423151870460966
2202208,Campo Maior,PI,Nordeste,448,1,0.4837809121188211,0.45089285714285715,0.4837809121188211,0.45524742610428426,481.76,3.288805497596398
2203701,Esperantina,PI,Nordeste,414,1,0.4837809121188211,0.27053140096618356,0.4837809121188211,0.2685555897751771,422.11,21.324951115263758
2207009,Oeiras,PI,Nordeste,337,1,0.4837809121188211,0.27299703264094954,0.4837809121188212,0.2749594155844156,344.96,21.078387947787157
2210607,São Raimundo Nonato,PI,Nordeste,413,1,0.48378091211882107,0.2639225181598063,0.4837809121188212,0.267513114525788,430.82,21.98583939590148
1300201,Atalaia do Norte,AM,Norte,164,1,0.4835838239295668,0.15853658536585366,0.4835838239295668,0.15916666666666665,180.0,32.50472385637131
1506807,Santarém,PA,Norte,4040,1,0.4826567800277193,0.48737623762376237,0.48265678002771933,0.48714247117792464,4959.74,-0.4719457596043086
1502202,Capanema,PA,Norte,652,1,0.48249403140732017,0.4049079754601227,0.4826814597626417,0.407574835174799,772.03,7.758605594719747
2201507,Batalha,PI,Nordeste,208,1,0.4823582086320022,0.5336538461538461,0.48235820863200224,0.5302518358336712,221.97,-5.129563752184396
5000906,Antônio João,MS,Centro-Oeste,145,1,0.48203665035145865,0.43448275862068964,0.4820366503514587,0.437862950058072,154.98,4.755389173076901
1300805,Borba,AM,Norte,331,1,0.4819986978736692,0.5830815709969789,0.483255940977677,0.5874644024891889,379.24,-10.108287312330965
1300706,Boca do Acre,AM,Norte,348,1,0.4818675922664822,0.49137931034482757,0.48401888779860264,0.5038657948742423,419.06,-0.9511718078345388
1301100,Careiro,AM,Norte,174,1,0.48161074218724376,0.6264367816091954,0.49826221241130775,0.7507136972390934,521.93,-14.48260394219516
5000856,Angélica,MS,Centro-Oeste,201,1,0.48112229115241695,0.15422885572139303,0.481112381211097,0.15483428123161405,203.96,32.68934354310239
1500859,Anapu,PA,Norte,318,1,0.4807015582836465,0.5188679245283019,0.4807015582836466,0.5156949581467782,410.96000000000004,-3.816636624465536
1507458,São Geraldo do Araguaia,PA,Norte,315,1,0.4806758940520556,0.473015873015873,0.4806758940520556,0.47945771678928656,362.91,0.7660021036182574
2500304,Alagoa Grande,PB,Nordeste,312,1,0.48057151136363896,0.7147435897435898,0.48057151136363896,0.7152889460705479,373.08,-23.41720783799508
1506708,Santana do Araguaia,PA,Norte,561,1,0.4801992718428654,0.4117647058823529,0.4801992718428654,0.415034939315925,679.75,6.843456596051251
1504455,Medicilândia,PA,Norte,292,1,0.4796581552252963,0.5171232876712328,0.47965815522529626,0.5157192516102648,391.24,-3.746513244593652
2100055,Açailândia,MA,Nordeste,1208,1,0.47961475981034946,0.3708609271523179,0.4796147598103494,0.37247616757549196,1289.21,10.875383265803157
3304300,Rio Bonito,RJ,Sudeste,528,1,0.4795630840381545,0.42803030303030304,0.47956308403815445,0.4238891128407082,644.98,5.153278100785147
2508307,Lagoa Seca,PB,Nordeste,210,1,0.47945856154784416,0.5285714285714286,0.4794585615478442,0.5330198580964777,238.19,-4.911286702358442
2504306,Catolé do Rocha,PB,Nordeste,221,1,0.4794585615478441,0.5339366515837104,0.47945856154784416,0.541795665634675,255.17,-5.447809003586629
1304237,Tonantins,AM,Norte,296,1,0.47873024614482507,0.6959459459459459,0.4787302461448251,0.6997216423103689,316.14,-21.721569980112086
2202703,Cocal,PI,Nordeste,318,1,0.47801505793517296,0.16037735849056603,0.4780150579351729,0.16062692799052752,320.93,31.763769944460694
1508126,Ulianópolis,PA,Norte,377,1,0.47717424106039685,0.3793103448275862,0.47717424106039685,0.3849016222000632,411.17,9.786389623281067
1300300,Autazes,AM,Norte,277,1,0.47715585155395446,0.5848375451263538,0.4937681830314537,0.6224507939981672,731.11,-10.768169357239932
1501501,Benevides,PA,Norte,1028,1,0.47708796611987747,0.34824902723735407,0.47712241667159216,0.3471504450186621,1114.56,12.88389388825234
1505635,Piçarra,PA,Norte,153,1,0.47706866083414795,0.43137254901960786,0.4770686608341479,0.428511605647284,167.16,4.569611181454008
1301001,Carauari,AM,Norte,340,1,0.47697389488509,0.40588235294117647,0.4751632274912748,0.3875681622500718,418.12,7.109154194391354
2208304,Piracuruca,PI,Nordeste,394,1,0.47690259283068537,0.1751269035532995,0.4769025928306853,0.17520980953816775,397.98,30.177568927738584
2205706,Luís Correia,PI,Nordeste,305,1,0.4769025928306853,0.4786885245901639,0.47690259283068537,0.4838907640380485,325.9,-0.17859317594786095
1508100,Tucuruí,PA,Norte,1132,1,0.4768014625996015,0.5477031802120141,0.4768014625996014,0.5521003976358348,1385.69,-7.090171761241265
3304706,Santo Antônio de Pádua,RJ,Sudeste,331,1,0.4765326017540534,0.2537764350453172,0.4765326017540533,0.2618497109826589,363.3,22.275616670873617
2103000,Caxias,MA,Nordeste,1394,1,0.47651588295755926,0.445480631276901,0.4765158829575593,0.4484627241985016,1673.74,3.103525168065824
3303708,Paraíba do Sul,RJ,Sudeste,349,1,0.475544240971974,0.4871060171919771,0.475544240971974,0.48028558268079224,434.2,-1.1561776220003095
1508407,Xinguara,PA,Norte,599,1,0.47504860120238523,0.5075125208681135,0.47504860120238523,0.5073112086560236,715.34,-3.246391966572826
1505502,Paragominas,PA,Norte,1446,1,0.4744550950136203,0.42946058091286304,0.4744550950136204,0.4328493314902935,1634.98,4.499451410075728
1505304,Oriximiná,PA,Norte,734,1,0.47351948655103626,0.6839237057220708,0.4735194865510363,0.6938773223370163,892.42,-21.04042191710346
1300680,Boa Vista do Ramos,AM,Norte,178,1,0.47351025496897503,0.6179775280898876,0.4738856982412796,0.6207100009833809,203.38,-14.446727312091257
1501725,Brasil Novo,PA,Norte,207,1,0.47351007413876056,0.12560386473429952,0.4735100741387605,0.12409837490223342,230.14000000000001,34.790620940446104
2103307,Codó,MA,Nordeste,1166,1,0.4734460907227658,0.4811320754716981,0.47344609072276583,0.4915100453661698,1311.55,-0.768598474893234
1301654,Guajará,AM,Norte,158,1,0.4730388029488896,0.44936708860759494,0.4730388029488896,0.4533231861998986,197.1,2.367171434129467
1303700,Santo Antônio do Içá,AM,Norte,555,1,0.47267181914096495,0.581981981981982,0.4731518744302733,0.591590548054011,604.32,-10.931016284101707
2111201,São José de Ribamar,MA,Nordeste,1923,1,0.4722267540074393,0.42693707748309934,0.4722267540074393,0.43422690754059595,2232.98,4.528967652433996
1303205,Novo Airão,AM,Norte,247,1,0.4721091382205057,0.41295546558704455,0.47340354466981144,0.4075768357561587,295.11,5.915367263346116
1504208,Marabá,PA,Norte,2997,1,0.4719151864742972,0.48715382048715383,0.4719151864742972,0.4933057098745068,3789.05,-1.5238634012856633
1501303,Barcarena,PA,Norte,1438,1,0.47189670548026585,0.6022253129346314,0.4718967054802659,0.6049919784650327,1664.27,-13.032860745436558
1500800,Ananindeua,PA,Norte,4114,1,0.47169519424508993,0.4645114244044725,0.4720022494689035,0.46625695543625467,4902.64,0.7183769840617416
2107506,Paço do Lumiar,MA,Nordeste,1548,1,0.47130614098973866,0.4418604651162791,0.4713061409897387,0.44449276638847907,1816.52,2.9445675873459587
5103379,Cotriguaçu,MT,Centro-Oeste,142,1,0.47107839366897586,0.3732394366197183,0.4710783936689759,0.37293812804145865,158.23,9.783895704925754
1304401,Urucurituba,AM,Norte,257,1,0.47098364518883995,0.556420233463035,0.4688773578651683,0.5655960426391695,287.06,-8.54365882741951
5200258,Águas Lindas de Goiás,GO,Centro-Oeste,2979,1,0.4700422875437286,0.46089291708627056,0.4700422875437287,0.4610043039883225,3329.4700000000003,0.9149370457458061
1505031,Novo Progresso,PA,Norte,466,1,0.47003210220216496,0.4206008583690987,0.47003210220216496,0.43207225751499456,563.54,4.943124383306624
1506583,Santa Maria das Barreiras,PA,Norte,246,1,0.47003210220216496,0.5691056910569106,0.47003210220216496,0.5755792693062065,300.81,-9.90735888547456
1507979,Terra Santa,PA,Norte,313,1,0.46982120865143845,0.33865814696485624,0.4698212086514385,0.3441597317847093,334.06,13.11630616865822
2101400,Balsas,MA,Nordeste,1244,1,0.46972269906868147,0.6036977491961415,0.46972269906868147,0.6046018241070842,1371.63,-13.397505012746002
5006275,Paraíso das Águas,MS,Centro-Oeste,135,1,0.4693997934889451,0.21481481481481482,0.4693997934889451,0.2149944873208379,136.05,25.458497867413033
2504603,Conde,PB,Nordeste,406,1,0.46934406434619325,0.2881773399014778,0.46934406434619325,0.30521558185845654,446.93,18.116672444471543
1303502,Pauini,AM,Norte,207,1,0.46921108684099244,0.5072463768115942,0.46921108684099244,0.5158262946847539,234.42,-3.8035289970601793
2101202,Bacabal,MA,Nordeste,902,1,0.4691598291921697,0.48891352549889133,0.4691598291921697,0.4862449349485943,960.01,-1.9753696306721635
3300506,Bom Jardim,RJ,Sudeste,227,1,0.4689093240774094,0.32599118942731276,0.4689093240774094,0.333307501549907,258.08,14.291813465009662
1301902,Itacoatiara,AM,Norte,1148,1,0.46809136123427364,0.4965156794425087,0.4690225461202015,0.5063279481177329,1302.95,-2.8424318208235047
1300060,Amaturá,AM,Norte,176,1,0.46774025143847864,0.3522727272727273,0.4677402514384787,0.3542612736297392,189.38,11.546752416575135
1502764,Cumaru do Norte,PA,Norte,155,1,0.46768987650812094,0.5483870967741935,0.467689876508121,0.5480930031828235,185.37,-8.069722026607257
2503001,Caaporã,PB,Nordeste,241,1,0.46669424069926413,0.6970954356846473,0.46669424069926413,0.7017934680007551,264.85,-23.040119498538314
5108402,Várzea Grande,MT,Centro-Oeste,3780,1,0.46611277537513235,0.3955026455026455,0.4661009331991073,0.3973422851644515,4167.49,7.061012987248683
2500403,Alagoa Nova,PB,Nordeste,235,1,0.4660527609056646,0.10638297872340426,0.46605276090566455,0.10613891339972267,237.99,35.96697821822604
3301702,Duque de Caxias,RJ,Sudeste,6581,1,0.46519607886552095,0.5433824646710227,0.46519607886552095,0.546223901564695,8257.2,-7.818638580550175
2210003,São João do Piauí,PI,Nordeste,251,1,0.46467009808774484,0.350597609561753,0.4646700980877448,0.34751138265167136,256.97,11.407248852599183
1506104,Primavera,PA,Norte,133,1,0.4640432893326294,0.49624060150375937,0.4640432893326294,0.5004789927466812,146.14000000000001,-3.2197312171129977
2105401,Itapecuru Mirim,MA,Nordeste,772,1,0.4635774696124728,0.3950777202072539,0.4635774696124728,0.39530154452678595,801.5400000000001,6.849974940521891
2103208,Chapadinha,MA,Nordeste,685,1,0.4635774696124728,0.5824817518248175,0.46357746961247287,0.58361100999636,714.26,-11.890428221234473
1304302,Urucará,AM,Norte,180,1,0.4634705203737566,0.25,0.4638159812701515,0.25126215656055695,188.17000000000002,21.347052037375658
1502772,Curionópolis,PA,Norte,271,1,0.46278769681094356,0.2656826568265683,0.46278769681094356,0.2713850696687275,325.11,19.710503998437527
2512705,Remígio,PB,Nordeste,142,1,0.4627431864751886,0.5070422535211268,0.4627431864751885,0.5072940872708495,154.92000000000002,-4.429906704593817
2509107,Mari,PB,Nordeste,189,1,0.46274318647518853,0.291005291005291,0.46274318647518853,0.2994564472662495,218.93,17.173789546989752
2501005,Araruna,PB,Nordeste,133,1,0.46274318647518853,0.5939849624060151,0.46274318647518853,0.5949282615949283,149.85,-13.124177593082653
1506161,Rio Maria,PA,Norte,219,1,0.46214693348360947,0.4429223744292237,0.4621469334836095,0.43692199633199363,256.27,1.9224559054385748
2102325,Buriticupu,MA,Nordeste,708,1,0.4621280061395545,0.5649717514124294,0.4621525640716268,0.5677533310294512,781.29,-10.284374527287488
1501402,Belém,PA,Norte,8616,1,0.46171525369047334,0.47759981429897863,0.4634161618683123,0.48399960713001805,10486.93,-1.5884560608505294
2501104,Areia,PB,Nordeste,212,1,0.4616348305697736,0.09433962264150944,0.46163483056977356,0.094749977716374,224.38000000000002,36.72952079282642
2516003,Solânea,PB,Nordeste,187,1,0.4616348305697736,0.5401069518716578,0.4616348305697736,0.542759620330107,213.87,-7.847212130188419
2507002,Itaporanga,PB,Nordeste,163,1,0.4616348305697736,0.5153374233128835,0.4616348305697736,0.5132946649055303,174.13,-5.3702592743109845
2505105,Cuité,PB,Nordeste,151,1,0.4616348305697736,0.3708609271523179,0.46163483056977356,0.37793387013876995,175.11,9.077390341745573
2514503,São José de Piranhas,PB,Nordeste,134,1,0.4616348305697736,0.44029850746268656,0.4616348305697736,0.44226893175928594,138.92,2.1336323107087054
2101608,Barra do Corda,MA,Nordeste,782,1,0.46144303557382166,0.3567774936061381,0.4614430355738217,0.3595469216832052,833.41,10.466554196768357
2501500,Bananeiras,PB,Nordeste,148,1,0.4609942937102167,0.4527027027027027,0.46099429371021666,0.45071849085269355,157.97,0.8291591007514032
2110005,Santa Luzia,MA,Nordeste,694,1,0.46080253705482155,0.4048991354466859,0.4608025370548216,0.4120517135663314,766.53,5.590340160813567
1300102,Anori,AM,Norte,277,1,0.4607607557522838,0.24548736462093862,0.4616173678773768,0.24652743079844114,300.21,21.52733911313452
2513406,Santa Luzia,PB,Nordeste,149,1,0.4599791876609858,0.4563758389261745,0.45997918766098583,0.4594975647269931,156.04,0.36033487348112736
5103403,Cuiabá,MT,Centro-Oeste,5876,1,0.4599073818294382,0.5308032675289313,0.45990417721616567,0.534008215752813,6998.75,-7.089588569949306
1300631,Beruri,AM,Norte,227,1,0.45937691031245637,0.22026431718061673,0.46596461798081784,0.1935970815774577,317.98,23.91125931318396
2104800,Grajaú,MA,Nordeste,987,1,0.45930261904721437,0.53596757852077,0.4593026190472144,0.5419014416281919,1061.3,-7.666495947355568
2512309,Princesa Isabel,PB,Nordeste,193,1,0.45924330867047947,0.13471502590673576,0.45928817478369516,0.13457725354618943,196.69,32.45282827637437
5215231,Novo Gama,GO,Centro-Oeste,986,1,0.4591312406647623,0.4239350912778905,0.45913124066476224,0.42660082940887045,1138.16,3.519614938687182
2603454,Camaragibe,PE,Nordeste,1192,1,0.45896104399074594,0.41946308724832215,0.458961043990746,0.42432113341204253,1270.5,3.949795674242379
2205805,Luzilândia,PI,Nordeste,208,1,0.45887491761276916,0.44711538461538464,0.45887491761276916,0.4484219545865664,210.07,1.1759532997384525
2202000,Buriti dos Lopes,PI,Nordeste,298,1,0.45887491761276905,0.3825503355704698,0.4588749176127691,0.38316553886779997,302.95,7.632458204229925
2108603,Pinheiro,MA,Nordeste,539,1,0.4584576900136009,0.5231910946196661,0.4584576900136009,0.5319300647443027,701.22,-6.473340460606513
2506905,Itabaiana,PB,Nordeste,158,1,0.45844796939672117,0.4620253164556962,0.4581710302613865,0.4630761994355597,170.07999999999998,-0.35773470589750556
1300904,Canutama,AM,Norte,165,1,0.4583391921788298,0.24242424242424243,0.46174179843220187,0.24177420733270658,234.02,21.591494975458737
5107958,Tangará da Serra,MT,Centro-Oeste,1185,1,0.4583028231774473,0.40759493670886077,0.4583028231774473,0.4105472930582722,1354.85,5.070788646858654
3301504,Cordeiro,RJ,Sudeste,188,1,0.4579904549963201,0.35106382978723405,0.4579904549963201,0.35835736303072485,201.14000000000001,10.692662520908602
3301405,Conceição de Macabu,RJ,Sudeste,179,1,0.4579904549963201,0.441340782122905,0.45799045499632,0.4382044401073432,204.95000000000002,1.6649672873415067
2211308,Valença do Piauí,PI,Nordeste,184,1,0.45776793252696885,0.5706521739130435,0.4577679325269688,0.5787359536279046,196.67000000000002,-11.28842413860746
2207801,Paulistana,PI,Nordeste,236,1,0.4577679325269688,0.4957627118644068,0.4577679325269688,0.49524615260655874,248.22,-3.7994779337438
2202307,Canto do Buriti,PI,Nordeste,200,1,0.4577679325269688,0.63,0.4577679325269688,0.6355368710051049,233.10999999999999,-17.22320674730312
1303007,Nhamundá,AM,Norte,136,1,0.4576645593944595,0.40441176470588236,0.45798776969120447,0.40508621938849443,138.02,5.325279468857714
1304005,Silves,AM,Norte,181,1,0.4576237346520351,0.56353591160221,0.4582136349195769,0.583125,208.0,-10.591217695017486
2109908,Santa Inês,MA,Nordeste,865,1,0.4571884613101901,0.48323699421965316,0.45741702756743013,0.49167551175132673,989.25,-2.6048532909463074
2211209,Uruçuí,PI,Nordeste,280,1,0.4567786595394242,0.6821428571428572,0.4567786595394242,0.6845630702983493,292.61,-22.536419760343296
2112209,Timon,MA,Nordeste,1666,1,0.4563628577474639,0.23949579831932774,0.4563628577474639,0.242641974059269,1778.67,21.686705942813614
2601102,Araripina,PE,Nordeste,937,1,0.4562709030260321,0.47705442902881534,0.4562709030260321,0.47949676158626875,992.77,-2.0783526002783215
2610905,Pesqueira,PE,Nordeste,460,1,0.4562709030260321,0.35434782608695653,0.4562709030260321,0.35615672800281495,483.13,10.19230769390756
1302306,Jutaí,AM,Norte,360,1,0.4561571055676969,0.6333333333333333,0.4560652660141709,0.6309223404004434,424.03000000000003,-17.71762277656364
5105176,Juruena,MT,Centro-Oeste,147,1,0.4561241235509371,0.2653061224489796,0.4561241235509371,0.2632086270257244,165.99,19.08180011019575
1301308,Codajás,AM,Norte,288,1,0.45591666954151716,0.5069444444444444,0.45628004977309605,0.5162786440057364,327.73,-5.102777490292726
2503506,Cacimba de Dentro,PB,Nordeste,137,1,0.45571711350156074,0.3722627737226277,0.45571711350156074,0.3672865013774105,145.2,8.345433977893302
2517001,Umbuzeiro,PB,Nordeste,111,1,0.45571711350156074,0.2072072072072072,0.45571711350156074,0.20607661822985468,121.12,24.850990629435355
2510105,Nova Floresta,PB,Nordeste,109,1,0.45571711350156074,0.3302752293577982,0.4557171135015608,0.3244853263250109,114.15,12.544188414376256
2509206,Massaranduba,PB,Nordeste,101,1,0.45571711350156074,0.594059405940594,0.45571711350156074,0.5931455717678996,117.88,-13.834229243903328
2500502,Alagoinha,PB,Nordeste,141,1,0.4557171135015607,0.475177304964539,0.4557171135015608,0.46907250815633533,150.19,-1.9460191462978338
5106828,Porto Esperidião,MT,Centro-Oeste,141,1,0.4554847638304986,0.5035460992907801,0.4554847638304986,0.5020002500312539,159.98,-4.806133546028152
5106158,Nova Bandeirantes,MT,Centro-Oeste,191,1,0.45548476383049846,0.21465968586387435,0.4554847638304985,0.23419950504473633,210.12,24.082507796662412
1301506,Envira,AM,Norte,234,1,0.4554156497521509,0.5427350427350427,0.4579104712581616,0.5762323401635139,292.33,-8.731939298289182
2610004,Palmares,PE,Nordeste,322,1,0.4552881739311614,0.35403726708074534,0.4552881739311614,0.35146236308552786,343.28000000000003,10.125090685041604
2614501,Surubim,PE,Nordeste,286,1,0.45528817393116133,0.40559440559440557,0.4552881739311614,0.4128696299051515,322.62,4.969376833675576
2613701,São Lourenço da Mata,PE,Nordeste,914,1,0.4552017852162722,0.46936542669584247,0.45520178521627214,0.4668603684246569,1022.19,-1.4163641479570277
5108600,Vila Rica,MT,Centro-Oeste,275,1,0.4545596895445134,0.44727272727272727,0.4545596895445134,0.44771990078229346,314.46,0.7286962271786157
1300144,Apuí,AM,Norte,245,1,0.4544344088781852,0.3795918367346939,0.4495513773171745,0.35851884144846186,367.01,7.484257214349133
1505536,Parauapebas,PA,Norte,2854,1,0.4542868651765407,0.4940434477925718,0.4542868651765407,0.50517364414843,3867.68,-3.97565826160311
3303302,Niterói,RJ,Sudeste,2361,1,0.4536130944955968,0.48750529436679374,0.4536130944955968,0.487989907542021,2964.59,-3.389219987119696
1302801,Maraã,AM,Norte,184,1,0.453505692036293,0.483695652173913,0.4541222402184524,0.48007633240946884,220.09,-3.0189960137620044
5107602,Rondonópolis,MT,Centro-Oeste,2966,1,0.45335883879023564,0.3934592043155765,0.45335883879023564,0.39514731888619126,3336.3,5.989963447465913
2101707,Barreirinhas,MA,Nordeste,762,1,0.45268566956691014,0.21391076115485563,0.4526856695669102,0.21478408687268485,788.28,23.87749084120545
2103604,Coroatá,MA,Nordeste,553,1,0.45268566956691014,0.4412296564195298,0.45268566956691014,0.44279684117069834,642.01,1.1456013147380317
1502152,Canaã dos Carajás,PA,Norte,1402,1,0.4524861410691139,0.3466476462196862,0.4524861410691139,0.3488535829500401,1732.79,10.58384948494277
1304104,Tapauá,AM,Norte,255,1,0.45215022711743896,0.48627450980392156,0.45231396686041697,0.49470824807733016,283.46,-3.41242826864826
2501302,Aroeiras,PB,Nordeste,203,1,0.45214332560138226,0.5566502463054187,0.45214332560138226,0.5555454172179387,219.19,-10.450692070403644
3302908,Miguel Pereira,RJ,Sudeste,223,1,0.4521395391891754,0.29596412556053814,0.4521395391891754,0.29507112140258024,272.07,15.617541362863724
2503555,Cacimbas,PB,Nordeste,105,1,0.45197997231371567,0.5238095238095238,0.45197997231371567,0.521133345801384,106.94,-7.182955149580817
2501203,Areial,PB,Nordeste,101,1,0.45197997231371567,0.297029702970297,0.45197997231371567,0.2924757281553398,107.12,15.495026934341865
2512408,Puxinanã,PB,Nordeste,210,1,0.4519093599378847,0.3761904761904762,0.4519093599378847,0.3788782540343089,216.27,7.571888374740854
2516508,Taperoá,PB,Nordeste,123,1,0.4519093599378847,0.08943089430894309,0.4519093599378847,0.09414397612831032,134.05,36.24784656289417
2516706,Teixeira,PB,Nordeste,123,1,0.4519093599378847,0.17886178861788618,0.4519093599378847,0.18176095680226612,127.09,27.304757131999857
2504900,Cruz do Espírito Santo,PB,Nordeste,115,1,0.4519093599378847,0.5217391304347826,0.45190935993788467,0.5237040995495839,130.99,-6.9829770496897865
2507309,Jacaraú,PB,Nordeste,113,1,0.4519093599378847,0.4778761061946903,0.4519093599378848,0.48800758183276227,137.17,-2.5966746256805564
2500809,Araçagi,PB,Nordeste,104,1,0.4519093599378847,0.5288461538461539,0.4519093599378847,0.5215944008193923,117.16,-7.693679390826913
2515500,Serra Branca,PB,Nordeste,100,1,0.4519093599378847,0.47,0.4519093599378848,0.45667607561372,116.91,-1.8090640062115249
2507101,Itapororoca,PB,Nordeste,143,1,0.45190935993788467,0.16783216783216784,0.4519093599378848,0.15804687990950797,159.13,28.40771921057168
1301209,Coari,AM,Norte,932,1,0.45185487573546684,0.592274678111588,0.45179348002889,0.5923249870289591,1040.78,-14.041980237612112
4314902,Porto Alegre,RS,Sul,7389,1,0.45180817329765244,0.7170117742590337,0.4516398026784188,0.7249215070657709,10281.2268445,-26.52036009613813
5107909,Sinop,MT,Centro-Oeste,2552,1,0.4517313799539104,0.45768025078369906,0.45173133006735056,0.4598688319800125,2945.84,-0.5948870829788677
5105150,Juína,MT,Centro-Oeste,484,1,0.45171992510704295,0.4297520661157025,0.45171992510704295,0.4342968053296963,571.89,2.196785899134046
5104104,Guarantã do Norte,MT,Centro-Oeste,460,1,0.4511539432127565,0.45652173913043476,0.4511539432127565,0.4578839537670571,517.38,-0.5367795917678275
2511905,Pitimbu,PB,Nordeste,182,1,0.45113730273469665,0.4945054945054945,0.45113730273469665,0.48407308207384736,209.08,-4.3368191770797875
2612505,Santa Cruz do Capibaribe,PE,Nordeste,1020,1,0.4510506724373954,0.44313725490196076,0.45105067243739544,0.44061494718999755,1097.33,0.7913417535434619
5101803,Barra do Garças,MT,Centro-Oeste,721,1,0.45093271003077645,0.3314840499306519,0.4509315136968188,0.33336266277842025,795.5600000000001,11.944866010012456
5100805,Apiacás,MT,Centro-Oeste,128,1,0.4508529358984612,0.2578125,0.4508529358984612,0.25816554809843406,134.1,19.30404358984612
2504801,Coremas,PB,Nordeste,106,1,0.4508051795696823,0.5094339622641509,0.45080517956968225,0.512890213960014,114.04,-5.862878269446864
2511400,Picuí,PB,Nordeste,191,1,0.45080517956968225,0.5759162303664922,0.4508051795696823,0.5715521383950024,208.1,-12.511105079680995
2508604,Lucena,PB,Nordeste,176,1,0.45080517956968225,0.5568181818181818,0.4508051795696823,0.5500406445751447,209.13,-10.601300224849952
2507705,Juazeirinho,PB,Nordeste,150,1,0.45080517956968225,0.54,0.45080517956968225,0.5452883091551872,164.06,-8.91948204303178
2516300,Sumé,PB,Nordeste,132,1,0.45080517956968225,0.3560606060606061,0.45080517956968225,0.35458923099372536,137.06,9.474457350907617
2506806,Ingá,PB,Nordeste,128,1,0.45080517956968225,0.53125,0.4508051795696823,0.5275949367088607,158.0,-8.044482043031776
2516102,Soledade,PB,Nordeste,111,1,0.45080517956968225,0.5315315315315315,0.4508051795696823,0.5274787535410765,141.2,-8.07263519618493
2500700,São João do Rio do Peixe,PB,Nordeste,113,1,0.4508051795696822,0.26548672566371684,0.45080517956968225,0.2717293356270992,122.07000000000001,18.531845390596537
1303957,São Sebastião do Uatumã,AM,Norte,122,1,0.4507180438092498,0.5573770491803278,0.4508503317157733,0.5587032267838206,132.02,-10.665900537107802
1301605,Fonte Boa,AM,Norte,242,1,0.4503737197535068,0.5206611570247934,0.45457184697679937,0.5556323012703084,332.99,-7.028743727128662
2609907,Ouricuri,PE,Nordeste,510,1,0.45028681615967137,0.6862745098039216,0.4502868161596714,0.6920966163310962,572.16,-23.59876936442502
1302603,Manaus,AM,Norte,23125,1,0.4501906500453053,0.4803891891891892,0.4501637873837338,0.48626763527405276,30530.43,-3.019853914388393
2512002,Pocinhos,PB,Nordeste,218,1,0.45016710444977526,0.4541284403669725,0.4501671044497752,0.4592833876221498,239.46,-0.39613359171972173
5107701,Rosário Oeste,MT,Centro-Oeste,137,1,0.4496393033418231,0.44525547445255476,0.4496393033418231,0.43626976444014187,154.95000000000002,0.43838288892683597
2512903,Rio Tinto,PB,Nordeste,231,1,0.44928286937090056,0.5281385281385281,0.44834306637710186,0.5370556414219475,258.8,-7.885565876762756
3301009,Campos dos Goytacazes,RJ,Sudeste,3954,1,0.44927981422937235,0.6041982802225594,0.4492783819695888,0.6112769043530452,4798.48,-15.491846599318704
5005251,Laguna Carapã,MS,Centro-Oeste,137,1,0.4491858952267761,0.22627737226277372,0.44918589522677604,0.22514856834143707,148.08,22.29085229640024
1303304,Novo Aripuanã,AM,Norte,252,1,0.44908787146677925,0.47619047619047616,0.45311795123209014,0.4687027621272503,291.08,-2.710260472369691
5107107,São José dos Quatro Marcos,MT,Centro-Oeste,182,1,0.4488925349472473,0.3131868131868132,0.44889253494724723,0.3128344945975967,198.06,13.570572176043411
3305604,Silva Jardim,RJ,Sudeste,260,1,0.4488367784142736,0.4230769230769231,0.4488367784142736,0.426467794033821,315.78000000000003,2.5759855337350537
5102603,Campinápolis,MT,Centro-Oeste,131,1,0.44825495739652466,0.5648854961832062,0.4482549573965246,0.5584983446811168,160.09,-11.663053878668151
2609402,Moreno,PE,Nordeste,385,1,0.448203304033694,0.5584415584415584,0.44820330403369407,0.5606120925603384,401.9,-11.023825440786439
2601904,Bezerros,PE,Nordeste,401,1,0.4479417318254211,0.4339152119700748,0.4479417318254211,0.43155739656239583,420.06,1.4026519855346253
5103205,Colíder,MT,Centro-Oeste,383,1,0.447889089314727,0.3577023498694517,0.447889089314727,0.35797951958944146,420.89,9.018673944527528
5100250,Alta Floresta,MT,Centro-Oeste,657,1,0.44788908931472693,0.2831050228310502,0.4478890893147269,0.2853597680221188,741.45,16.47840664836767
2509305,Mataraca,PB,Nordeste,178,1,0.44769660430749325,0.48314606741573035,0.44769660430749325,0.4957060323739135,192.13,-3.5449463108237103
1300029,Alvarães,AM,Norte,234,1,0.4472518562213665,0.405982905982906,0.4472143739479911,0.3909042104455864,260.78,4.12689502384605
5101704,Barra do Bugres,MT,Centro-Oeste,410,1,0.4472517803469672,0.2731707317073171,0.4472517803469672,0.2721294195825027,436.41,17.40810486396501
2506707,Imaculada,PB,Nordeste,100,1,0.44724120828789743,0.58,0.44659133506775406,0.5772940203912924,108.87,-13.275879171210253
2516904,Uiraúna,PB,Nordeste,124,1,0.44665522735882446,0.5483870967741935,0.4467214237237464,0.5492421236409809,126.01,-10.173186941536905
2108207,Pedreiras,MA,Nordeste,267,1,0.446641924357827,0.3595505617977528,0.446641924357827,0.35494144236696124,292.02,8.709136256007422
3302809,Mendes,RJ,Sudeste,147,1,0.44662835923438005,0.42857142857142855,0.44662835923438005,0.431278748850046,163.05,1.8056930662951498
2504405,Conceição,PB,Nordeste,152,1,0.44658612749604526,0.06578947368421052,0.4424570829487982,0.07506418127023104,179.18,38.079665381183474
2205409,Joaquim Pires,PI,Nordeste,187,1,0.4463555659224909,0.18716577540106952,0.4463555659224909,0.18723877043542672,189.01,25.918979052142145
2210409,São Miguel do Tapuio,PI,Nordeste,104,1,0.4463555659224909,0.5480769230769231,0.4463555659224909,0.5480769230769231,104.0,-10.17213571544322
2208502,Porto,PI,Nordeste,155,1,0.44635556592249087,0.6387096774193548,0.4463555659224909,0.639602731222843,161.1,-19.235411149686392
2210706,Simões,PI,Nordeste,195,1,0.4463261927228851,0.13333333333333333,0.4463261927228851,0.1395967312992602,206.81,31.29928593895518
2201903,Bom Jesus,PI,Nordeste,285,1,0.4462709323291294,0.010526315789473684,0.4462709323291294,0.010451505016722408,287.04,43.57446165396557
2507903,Juripiranga,PB,Nordeste,110,1,0.44622537951238345,0.5363636363636364,0.44620964979282723,0.5428129578381897,122.86000000000001,-9.013825685125292
2504033,Capim,PB,Nordeste,106,1,0.44616223739587635,0.37735849056603776,0.44616223739587635,0.39618933697881065,117.04,6.880374682983859
2501401,Baía da Traição,PB,Nordeste,148,1,0.4461622373958763,0.5472972972972973,0.44616223739587635,0.5524157375368448,156.06,-10.113505990142096
5102678,Campo Verde,MT,Centro-Oeste,600,1,0.4453973093595682,0.355,0.44537135108971593,0.3563676699844106,667.12,9.039730935956825
2206605,Monte Alegre do Piauí,PI,Nordeste,115,1,0.4452114154467882,0.4260869565217391,0.4452114154467882,0.4214529914529915,117.0,1.9124458925049104
2104057,Estreito,MA,Nordeste,500,1,0.44512671373190005,0.394,0.4451267137319,0.4020531596044437,557.19,5.112671373190003
2609600,Olinda,PE,Nordeste,2716,1,0.44482039654258565,0.3751840942562592,0.4448203965425856,0.3771408089827032,2817.86,6.963630228632645
3303401,Nova Friburgo,RJ,Sudeste,1534,1,0.44428460709604617,0.31029986962190353,0.4442846070960461,0.31168673233613037,1809.06,13.398473747414263
1300839,Caapiranga,AM,Norte,123,1,0.4442144779128813,0.6910569105691057,0.44397999180912695,0.6818115942028986,138.0,-24.684243265622435
2500601,Alhandra,PB,Nordeste,216,1,0.4439423194264672,0.6898148148148148,0.4439423194264672,0.692589609343536,248.3,-24.587249538834755
3548708,São Bernardo do Campo,SP,Sudeste,6727,1,0.44391946433457263,0.4569644715326297,0.44391946433457263,0.4580243082536695,7900.1538165,-1.3045007198057068
5101308,Arenápolis,MT,Centro-Oeste,126,1,0.4436367499865256,0.4126984126984127,0.4436367499865255,0.41374494671076806,136.05,3.0938337288112905
3303955,Pinheiral,RJ,Sudeste,282,1,0.44344611488164165,0.36524822695035464,0.44344611488164165,0.36713026201415616,322.12,7.819788793128701
5105622,Mirassol d'Oeste,MT,Centro-Oeste,305,1,0.44321009478802215,0.419672131147541,0.4431457908958442,0.4251473358041193,329.18,2.353796364048116
5102793,Carlinda,MT,Centro-Oeste,121,1,0.4430006367863498,0.008264462809917356,0.4430006367863498,0.01047748540350316,125.03,43.47361739764325
3302106,Itaocara,RJ,Sudeste,188,1,0.4428358196387185,0.30851063829787234,0.44283581963871854,0.2992122459940918,223.42000000000002,13.432518134084614
3305158,São José do Vale do Rio Preto,RJ,Sudeste,252,1,0.44266281916535044,0.23412698412698413,0.4426628191653505,0.23218660849135758,297.95,20.85358350383663
5105259,Lucas do Rio Verde,MT,Centro-Oeste,1212,1,0.44259946186075677,0.2623762376237624,0.4425994618607567,0.2646115198277409,1393.25,18.02232242369944
2200509,Amarante,PI,Nordeste,198,1,0.44256243092443337,0.6717171717171717,0.4425624309244333,0.6705976414151509,200.12,-22.915474079273835
2210508,São Pedro do Piauí,PI,Nordeste,192,1,0.44256243092443337,0.328125,0.44256243092443337,0.32848522358038057,193.89000000000001,11.443743092443338
2207504,Palmeirais,PI,Nordeste,150,1,0.44256243092443337,0.5333333333333333,0.4425624309244334,0.5383745760582841,159.22,-9.077090240889996
2204709,Inhuma,PI,Nordeste,122,1,0.44256243092443337,0.32786885245901637,0.44256243092443337,0.3247518610421836,128.96,11.4693578465417
2112506,Tutóia,MA,Nordeste,637,1,0.44253615449949585,0.4207221350078493,0.4425361544994959,0.42394122112258487,698.21,2.1814019491646572
3304128,Quatis,RJ,Sudeste,114,1,0.442467639121763,0.39473684210526316,0.44246763912176296,0.39962700484893693,134.05,4.773079701649985
3303104,Natividade,RJ,Sudeste,110,1,0.442467639121763,0.42727272727272725,0.44246763912176307,0.43101926753934405,135.98,1.5194911849035764
5219753,Santo Antônio do Descoberto,GO,Centro-Oeste,908,1,0.4423991571064063,0.460352422907489,0.44239915710640626,0.46291915243777,972.2,-1.7953265801082696
5107040,Primavera do Leste,MT,Centro-Oeste,1060,1,0.44232929719984426,0.4037735849056604,0.4422935086694308,0.41257879208750753,1216.81,3.8555712294183864
5105101,Juara,MT,Centro-Oeste,390,1,0.44218285877374675,0.4025641025641026,0.4423214216647977,0.4038916584346068,435.29,3.961875620964417
1508357,Vitória do Xingu,PA,Norte,263,1,0.4418309965070609,0.3041825095057034,0.44183099650706087,0.2985563427349285,299.24,13.764848700135751
1200203,Cruzeiro do Sul,AC,Norte,1103,1,0.4417138735210139,0.4841341795104261,0.44266427499969213,0.4856625100674869,1440.28,-4.242030598941221
2210805,Simplício Mendes,PI,Nordeste,120,1,0.4414626935559838,0.325,0.4414626935559838,0.3255280825282463,122.14,11.646269355598376
2203305,Demerval Lobão,PI,Nordeste,101,1,0.4414626935559838,0.26732673267326734,0.4414626935559838,0.2667681476548378,105.11,17.413596088271643
2200202,Água Branca,PI,Nordeste,187,1,0.4414626935559837,0.08021390374331551,0.4414626935559837,0.08021390374331551,187.0,36.124878981266825
5205497,Cidade Ocidental,GO,Centro-Oeste,1221,1,0.4412995042676587,0.3808353808353808,0.4412995042676586,0.3817361523785694,1278.92,6.046412343227786
2204659,Ilha Grande,PI,Nordeste,148,1,0.44110570985583153,0.6621621621621622,0.44110570985583153,0.6516803488968701,155.92000000000002,-22.105645230633066
2202406,Capitão de Campos,PI,Nordeste,137,1,0.44110570985583153,0.45985401459854014,0.44110570985583153,0.45985401459854014,137.0,-1.874830474270861
2201101,Avelino Lopes,PI,Nordeste,122,1,0.44110570985583153,0.5491803278688525,0.44110570985583153,0.5502598960415834,125.05,-10.807461801302098
2202505,Caracol,PI,Nordeste,118,1,0.44110570985583153,0.5169491525423728,0.4411057098558315,0.5069270951623893,132.09,-7.584344268654131
2201606,Beneditinos,PI,Nordeste,111,1,0.44110570985583153,0.3153153153153153,0.44110570985583153,0.3152267632350405,115.98,12.579039454051621
2206100,Matias Olímpio,PI,Nordeste,111,1,0.44110570985583153,0.4774774774774775,0.44110570985583153,0.4795793163891323,114.10000000000001,-3.6371767621645956
5103353,Confresa,MT,Centro-Oeste,583,1,0.44108504317391073,0.4528301886792453,0.4410850431739107,0.4575091923418283,630.96,-1.1745145505334564
2208205,Pio IX,PI,Nordeste,197,1,0.440827227702125,0.41624365482233505,0.440827227702125,0.4184326269492203,200.08,2.458357287978996
2208809,Regeneração,PI,Nordeste,161,1,0.440827227702125,0.6832298136645962,0.44082722770212496,0.6867281161515754,165.99,-24.240258596247124
3124104,Esmeraldas,MG,Sudeste,914,1,0.44075672344746597,0.3074398249452954,0.4413322980571943,0.31596952971764813,1096.15,13.331689850217055
3549904,São José dos Campos,SP,Sudeste,6763,1,0.44049432235846997,0.3538370545615851,0.4402593582646577,0.3547840503028539,7301.0000562,8.665726779688487
5104807,Jaciara,MT,Centro-Oeste,348,1,0.44044969225187636,0.4454022988505747,0.44044969225187636,0.4473302188085623,378.87,-0.4952606598698339
3305802,Teresópolis,RJ,Sudeste,1463,1,0.4403956957897859,0.35269993164730007,0.4403956957897858,0.35788450342804495,1769.23,8.769576414248581
3300407,Barra Mansa,RJ,Sudeste,1314,1,0.4403956957897859,0.3576864535768645,0.4403956957897858,0.36122499127038527,1546.46,8.270924221292136
5008305,Três Lagoas,MS,Centro-Oeste,1634,1,0.44011689890252437,0.1701346389228886,0.4401168989025243,0.1701128679183156,1639.97,26.998225997963576
2602803,Buíque,PE,Nordeste,508,1,0.43986155516245695,0.4448818897637795,0.4398615551624569,0.44493056876545556,525.7,-0.5020334601322562
2106755,Miranda do Norte,MA,Nordeste,270,1,0.4398417308255853,0.4888888888888889,0.43984173082558536,0.4945725434551259,281.9,-4.904715806330357
2610707,Paulista,PE,Nordeste,2040,1,0.4393761578250065,0.4504901960784314,0.43938240888363805,0.4505759013760313,2185.27,-1.1114038253424885
2205201,Jaicós,PI,Nordeste,164,1,0.43900859617356114,0.40853658536585363,0.43900859617356114,0.41345467523197715,168.12,3.0472010807707504
2202604,Castelo do Piauí,PI,Nordeste,167,1,0.4390085961735611,0.17365269461077845,0.43900859617356114,0.17375110848359443,169.15,26.535590156278268
3304102,Porciúncula,RJ,Sudeste,123,1,0.4389139662169308,0.4715447154471545,0.43891396621693074,0.47612884670693123,139.08,-3.263074923022369
1302207,Juruá,AM,Norte,137,1,0.4384357046033108,0.48905109489051096,0.4369047007795711,0.525631926625539,183.17000000000002,-5.061539028720014
3306305,Volta Redonda,RJ,Sudeste,2463,1,0.43827267040106244,0.365814047909054,0.43827267040106244,0.36727359846669866,2963.54,7.245862249200846
2606408,Gravatá,PE,Nordeste,447,1,0.43814701608510676,0.5704697986577181,0.43814701608510676,0.5689121176926055,464.94,-13.232278257261132
2509057,Marcação,PB,Nordeste,129,1,0.4377539510439825,0.7829457364341085,0.43843717272519095,0.7786785569517632,148.02,-34.51917853901259
3302205,Itaperuna,RJ,Sudeste,679,1,0.4376937690736588,0.3446244477172312,0.4376937690736587,0.34738570677877034,761.2,9.306932135642759
3300704,Cabo Frio,RJ,Sudeste,2212,1,0.4373713075626867,0.4475587703435805,0.4373713075626867,0.4492117766608992,2912.88,-1.0187462780893775
3300100,Angra dos Reis,RJ,Sudeste,1777,1,0.4373713075626867,0.3911086100168824,0.4373713075626867,0.39201329511789784,2075.95,4.626269754580431
3304524,Rio das Ostras,RJ,Sudeste,1585,1,0.4373713075626867,0.3110410094637224,0.4373713075626867,0.3132979170166303,1904.96,12.633029809896435
3302403,Macaé,RJ,Sudeste,2721,1,0.43737130756268666,0.40610069827269385,0.4373713075626867,0.40519337523512405,3487.52,3.1270609289992812
3303906,Petrópolis,RJ,Sudeste,2256,1,0.4373309139304218,0.3466312056737589,0.4373309139304218,0.3519573812484918,2693.65,9.06997082566629
2200707,Anísio de Abreu,PI,Nordeste,126,1,0.4373219482648399,0.42857142857142855,0.43732194826483983,0.4298535663675012,127.02,0.875051969341134
2206407,Monsenhor Gil,PI,Nordeste,122,1,0.4373219482648398,0.5819672131147541,0.43732194826483983,0.5751568187098273,129.13,-14.46452648499143
3301603,Duas Barras,RJ,Sudeste,138,1,0.4372273985163039,0.34782608695652173,0.43722739851630393,0.3459654550141789,155.16,8.940131155978214
3304201,Resende,RJ,Sudeste,983,1,0.4369867394913547,0.2726347914547304,0.4369867394913547,0.2751293501826882,1157.71,16.43519480366243
3154606,Ribeirão das Neves,MG,Sudeste,3421,1,0.4368812311830833,0.3937445191464484,0.4371655188290357,0.39861285812365005,3990.94,4.313671203663488
3304409,Rio Claro,RJ,Sudeste,147,1,0.43665526965547913,0.3469387755102041,0.43665526965547913,0.34466449896541534,169.15,8.971649414527505
5102702,Canarana,MT,Centro-Oeste,303,1,0.43636288453342126,0.5775577557755776,0.43636288453342115,0.5793962891165881,361.1,-14.11948712421563
5101902,Brasnorte,MT,Centro-Oeste,217,1,0.4363628845334212,0.3087557603686636,0.4363628845334212,0.3093842219161912,254.15,12.760712416475762
3306107,Valença,RJ,Sudeste,718,1,0.4363241560522681,0.4428969359331476,0.43632415605226804,0.44146542803660077,860.09,-0.6572779880879509
5106752,Pontes e Lacerda,MT,Centro-Oeste,705,1,0.43625813793682294,0.3304964539007092,0.4362581379368229,0.33514907897867435,798.57,10.576168403611375
1301951,Itamarati,AM,Norte,120,1,0.4362326197428898,0.175,0.43654258245115346,0.1723508883248731,126.08,26.12326197428898
2203206,Curimatá,PI,Nordeste,137,1,0.43622504252958827,0.1897810218978102,0.4362250425295882,0.18234770095251146,145.93,24.644402063177807
3302007,Itaguaí,RJ,Sudeste,1455,1,0.43586277478271174,0.5800687285223368,0.43586277478271174,0.5838366995059923,1763.13,-14.420595373962508
3547809,Santo André,SP,Sudeste,4506,1,0.4357331999057123,0.39036839769196624,0.4360323642484323,0.3957867924283342,5174.9999992,4.536480221374606
2207603,Parnaguá,PI,Nordeste,117,1,0.4355912362520695,0.5213675213675214,0.4355912362520695,0.5265618702136237,124.05,-8.577628511545187
2204402,Gilbués,PI,Nordeste,136,1,0.4353749103176847,0.6102941176470589,0.4353749103176847,0.6076388888888888,141.12,-17.491920732937416
5106307,Paranatinga,MT,Centro-Oeste,308,1,0.43498893216203055,0.39285714285714285,0.43498893216203066,0.39012867187282885,359.83,4.21317893048877
3304557,Rio de Janeiro,RJ,Sudeste,43411,1,0.434534582024831,0.3571214669093087,0.43451502418303867,0.3618234986627473,49968.12,7.7413115115522295
5106778,Porto Alegre do Norte,MT,Centro-Oeste,158,1,0.43416752943384473,0.47468354430379744,0.4341675294338447,0.46736911789043967,181.27,-4.051601486995271
3518800,Guarulhos,SP,Sudeste,13135,1,0.43415888426925775,0.5002664636467453,0.4349242187782958,0.5076623716503194,15372.851850000001,-6.610757937748756
3129806,Ibirité,MG,Sudeste,1647,1,0.43405083816388074,0.3363691560412872,0.4343156083988936,0.3354067010282737,1942.09,9.768168212259354
3534401,Osasco,SP,Sudeste,6664,1,0.43389061271312523,0.5081032412965186,0.43389061271312523,0.5085423788713943,7796.4900062,-7.42126285833934
2209971,São João do Arraial,PI,Nordeste,115,1,0.43348275271427233,0.12173913043478261,0.4334827527142723,0.12206572769953052,117.15,31.174362227948972
2205854,Madeiro,PI,Nordeste,102,1,0.4334827527142723,0.4411764705882353,0.4334827527142723,0.4411764705882353,102.0,-0.7693717873963002
2206803,Nossa Senhora dos Remédios,PI,Nordeste,158,1,0.4334827527142722,0.5443037974683544,0.4334827527142722,0.5443037974683544,158.0,-11.082104475408222
3302056,Italva,RJ,Sudeste,104,1,0.4333761447394796,0.375,0.4333761447394796,0.3823680164018452,117.06,5.83761447394796
5107305,São José do Rio Claro,MT,Centro-Oeste,228,1,0.433298924103223,0.3991228070175439,0.433298924103223,0.3970941402497598,249.84,3.4176117085679136
5103007,Chapada dos Guimarães,MT,Centro-Oeste,246,1,0.43329892410322296,0.3130081300813008,0.43329892410322296,0.3099199939901589,266.23,12.029079402192217
2612604,Santa Maria da Boa Vista,PE,Nordeste,462,1,0.4328583539055949,0.354978354978355,0.4328583539055949,0.3562859388574029,483.46,7.78799989272399
2615409,Toritama,PE,Nordeste,548,1,0.43253804268608986,0.35766423357664234,0.43253804268608986,0.36050474509324154,572.17,7.487380910944752
5106232,Nova Olímpia,MT,Centro-Oeste,240,1,0.43246096909792797,0.425,0.4324609690979279,0.42719943087502965,253.02,0.7460969097927983
1302009,Itapiranga,AM,Norte,113,1,0.4320811626305068,0.6902654867256637,0.43173014916296865,0.6915293437409656,172.95,-25.81843240951569
3303807,Paraty,RJ,Sudeste,415,1,0.43199948056186516,0.5108433734939759,0.43199948056186505,0.5111578644512776,556.11,-7.884389293211075
5221858,Valparaíso de Goiás,GO,Centro-Oeste,2094,1,0.43173191391880783,0.35721107927411655,0.43173191391880783,0.35774494583009886,2370.32,7.452083464469128
2604205,Catende,PE,Nordeste,267,1,0.43163569833897375,0.7790262172284644,0.43163569833897375,0.7816925615289426,290.92,-34.73905188894907
3552205,Sorocaba,SP,Sudeste,6334,1,0.430687977769278,0.44900536785601514,0.43091979330574226,0.4531682562249792,7135.7333213,-1.8317390086737162
3302700,Maricá,RJ,Sudeste,1946,1,0.4304284547469731,0.4023638232271326,0.4304284547469731,0.40030774870315033,2346.07,2.806463151984051
3541000,Praia Grande,SP,Sudeste,3853,1,0.4293587995902802,0.4887100960290683,0.4293587995902802,0.4873682026555777,4638.8749916,-5.935129643878806
3118601,Contagem,MG,Sudeste,4601,1,0.42902216863716197,0.2938491632253858,0.4291446265313919,0.2989873310002234,5640.54,13.517300541177619
5100201,Água Boa,MT,Centro-Oeste,350,1,0.4288618669282198,0.20285714285714285,0.4288618669282198,0.20514909162717218,405.12,22.600472407107695
3301306,Casimiro de Abreu,RJ,Sudeste,500,1,0.4285016010992536,0.412,0.4285016010992536,0.4166273949006289,615.37,1.6501601099253638
3306206,Vassouras,RJ,Sudeste,348,1,0.4285016010992536,0.39655172413793105,0.42850160109925367,0.39665216429466854,406.83,3.1949876961322565
3305554,Seropédica,RJ,Sudeste,980,1,0.4279370204192505,0.49081632653061225,0.4279370204192505,0.494728538206799,1216.93,-6.287930611136172
3306008,Três Rios,RJ,Sudeste,636,1,0.42793702041925047,0.4827044025157233,0.4279370204192505,0.4857444122258141,720.77,-5.47673820964728
3300225,Areal,RJ,Sudeste,138,1,0.42788086825071325,0.3695652173913043,0.42788086825071325,0.363822652757079,161.04,5.831565085940893
2602605,Brejo da Madre de Deus,PE,Nordeste,420,1,0.4278709804108751,0.5095238095238095,0.42787098041087507,0.5126358757969086,436.06,-8.165282911293437
5102637,Campo Novo do Parecis,MT,Centro-Oeste,779,1,0.4277421844251512,0.3286264441591784,0.42774365971614814,0.3282196621993758,871.52,9.91157402659728
2109502,Riachão,MA,Nordeste,283,1,0.4274266039218795,0.4664310954063604,0.4274266039218795,0.48148987854251013,308.75,-3.900449148448093
2102804,Carolina,MA,Nordeste,252,1,0.4274266039218795,0.4801587301587302,0.4274266039218795,0.49035143319952107,283.98,-5.27321262368507
3301157,Cardoso Moreira,RJ,Sudeste,163,1,0.42742159420305603,0.6380368098159509,0.42742159420305603,0.6503201624238638,192.09,-21.06152156128949
3300936,Carapebus,RJ,Sudeste,138,1,0.42742159420305603,0.39855072463768115,0.427421594203056,0.4046033415118589,171.18,2.887086956537488
3300902,Cambuci,RJ,Sudeste,109,1,0.42742159420305603,0.3577981651376147,0.42742159420305603,0.3562158469945355,117.12,6.962342906544134
5101407,Aripuanã,MT,Centro-Oeste,383,1,0.42658692207303694,0.3733681462140992,0.42658692207303694,0.38151834460446205,445.09,5.321877585893775
1200500,Sena Madureira,AC,Norte,482,1,0.4264509257397633,0.34439834024896265,0.42606398070429985,0.3512040062508879,563.12,8.205258549080064
5105507,Vila Bela da Santíssima Trindade,MT,Centro-Oeste,200,1,0.4262271889586335,0.525,0.4261594459754395,0.5238692380870016,231.26000000000002,-9.877281104136653
5106257,Nova Xavantina,MT,Centro-Oeste,245,1,0.4259565390546337,0.5510204081632653,0.4259565390546337,0.5488027449262667,273.96,-12.506386910863155
5103304,Comodoro,MT,Centro-Oeste,230,1,0.4259565390546337,0.5217391304347826,0.4259565390546337,0.5239602876798,255.84,-9.57825913801489
2201739,Betânia do Piauí,PI,Nordeste,104,1,0.4258279330258884,0.18269230769230768,0.42582793302588834,0.1723460585874114,117.09,24.31356253335807
5104203,Guiratinga,MT,Centro-Oeste,117,1,0.4256055130331594,0.15384615384615385,0.42560551303315936,0.1548926405507294,122.02000000000001,27.175935918700556
4323002,Viamão,RS,Sul,2425,1,0.4255099729112553,0.6218556701030927,0.42554956830018137,0.6322918129215559,2944.5333271,-19.63456971918374
3300233,Armação dos Búzios,RJ,Sudeste,634,1,0.4254967876994279,0.3138801261829653,0.4254967876994279,0.31454164284352965,787.05,11.16166615164626
3302601,Mangaratiba,RJ,Sudeste,429,1,0.4254967876994279,0.5827505827505828,0.4254967876994279,0.5904009354570098,564.43,-15.72537950511549
1200609,Tarauacá,AC,Norte,619,1,0.42538455308331236,0.49434571890145396,0.4255314231290609,0.5012422880433266,716.42,-6.8961165818141605
3548500,Santos,SP,Sudeste,2275,1,0.42511785432124344,0.47164835164835167,0.4251902627276349,0.47167058440167775,2564.888889,-4.653049732710823
2204501,Guadalupe,PI,Nordeste,128,1,0.4250669406119053,0.3203125,0.4250669406119053,0.314440460752155,131.09,10.475444061190531
3557006,Votorantim,SP,Sudeste,1103,1,0.4249037587215929,0.4514959202175884,0.4249037587215929,0.45305506761256736,1219.9999976,-2.6592161495995468
2612208,Salgueiro,PE,Nordeste,723,1,0.42464502573714324,0.2475795297372061,0.42464502573714324,0.2487468167805924,746.1,17.706549599993714
2615300,Timbaúba,PE,Nordeste,346,1,0.4246249541863148,0.2254335260115607,0.42462495418631474,0.22429616242622769,354.13,19.91914281747541
2601409,Barreiros,PE,Nordeste,421,1,0.42462495418631474,0.47268408551068886,0.42462495418631474,0.4693656535864882,433.99,-4.805913132437412
2608909,Limoeiro,PE,Nordeste,377,1,0.42462495418631474,0.32891246684350134,0.42462495418631474,0.32965084911235004,389.23,9.57124873428134
3301207,Carmo,RJ,Sudeste,140,1,0.4245009666048588,0.3142857142857143,0.42450096660485886,0.3201250676447598,166.31,11.021525231914453
5106109,Nossa Senhora do Livramento,MT,Centro-Oeste,119,1,0.42443247253786454,0.19327731092436976,0.424419313065429,0.19824,125.0,23.11551616134948
3305703,Sumidouro,RJ,Sudeste,134,1,0.4239825614773355,0.2462686567164179,0.42398256147733543,0.24571651090342678,154.08,17.77139047609176
5104906,Jangada,MT,Centro-Oeste,119,1,0.4236095073910863,0.453781512605042,0.4238569795576264,0.45115342932342467,129.18,-3.017200521395569
2614105,Sertânia,PE,Nordeste,302,1,0.42343375952164,0.4304635761589404,0.4234337595216399,0.4333908928114607,312.72,-0.7029816637300401
2608107,João Alfredo,PE,Nordeste,169,1,0.42343375952164,0.24260355029585798,0.42343375952164,0.2420486435921422,171.04,18.0830209225782
3515707,Ferraz de Vasconcelos,SP,Sudeste,1961,1,0.42340262153473485,0.3477817440081591,0.42340262153473485,0.3493432339013066,2070.9999994,7.562087752657575
3528502,Mairiporã,SP,Sudeste,898,1,0.4233515141519386,0.36525612472160357,0.4233515141519386,0.36690765253645385,973.9999979,5.8095389430335045
3170206,Uberlândia,MG,Sudeste,5954,1,0.42328028419169506,0.34867316090023515,0.42388018209295913,0.3542430234618706,7110.26,7.460712329145991
2607901,Jaboatão dos Guararapes,PE,Nordeste,4684,1,0.423176419544272,0.447267292912041,0.423176419544272,0.45022428473234827,5033.78,-2.4090873367768992
2109106,Presidente Dutra,MA,Nordeste,429,1,0.4231271610185,0.5501165501165501,0.4231271610185,0.5487561012320726,465.07,-12.698938909805014
3505609,Barrinha,SP,Sudeste,356,1,0.422643466241045,0.4859550561797753,0.422643466241045,0.48566770016441385,400.0000011,-6.331158993873032
2600104,Afogados da Ingazeira,PE,Nordeste,387,1,0.42234554162933524,0.2971576227390181,0.42234554162933524,0.29814306230945603,396.89,12.518791889031716
2605103,Custódia,PE,Nordeste,366,1,0.42234554162933524,0.15300546448087432,0.4223455416293352,0.1542595860741216,373.98,26.934007714846093
2605707,Floresta,PE,Nordeste,228,1,0.42234554162933524,0.4868421052631579,0.42234554162933524,0.4829929137140475,239.9,-6.4496563633822666
5103056,Cláudia,MT,Centro-Oeste,142,1,0.4221664494511973,0.3380281690140845,0.42216644945119725,0.3371702953364467,152.03,8.41382804371128
5101258,Araputanga,MT,Centro-Oeste,180,1,0.42202690788139474,0.39444444444444443,0.4220269078813947,0.3954054626296845,188.92000000000002,2.7582463436950313
2613503,São José do Belmonte,PE,Nordeste,408,1,0.42133897922431884,0.3946078431372549,0.42133897922431884,0.39588246391849824,424.04,2.6731136087063954
3171204,Vespasiano,MG,Sudeste,1460,1,0.42132245082873204,0.29383561643835615,0.421286952987901,0.2923393303532947,1624.14,12.748683439037588
3523107,Itaquaquecetuba,SP,Sudeste,4693,1,0.4212422806567743,0.4229703814191349,0.421111845784828,0.4251922209542062,5080.0000267,-0.17281007623605737
3101706,Almenara,MG,Sudeste,408,1,0.42116611848225083,0.45098039215686275,0.42116611848225083,0.44933119315141784,467.25,-2.981427367461192
3556503,Várzea Paulista,SP,Sudeste,1188,1,0.42108689918774844,0.468013468013468,0.4210868991877485,0.4675955781929975,1308.9999986,-4.692656882571955
5107875,Sapezal,MT,Centro-Oeste,398,1,0.42098478739519346,0.16080402010050251,0.4209847873951935,0.156180312201338,502.24,26.018076729469097
5100409,Alto Garças,MT,Centro-Oeste,172,1,0.42080382455275744,0.47093023255813954,0.42080382455275744,0.4710160660008684,184.24,-5.012640800538209
3522505,Itapevi,SP,Sudeste,3253,1,0.4207128006365159,0.4438979403627421,0.42071280063651584,0.4454169148816804,3567.9999908,-2.318513972622621
3519071,Hortolândia,SP,Sudeste,2413,1,0.42071280063651584,0.44633236634894324,0.4207128006365158,0.44951226062508776,2713.9999928,-2.5619565712427406
3539806,Poá,SP,Sudeste,1172,1,0.42071092184719205,0.4786689419795222,0.4207109218471921,0.4827919749931018,1364.999998,-5.795802013233015
5107800,Santo Antônio do Leverger,MT,Centro-Oeste,153,1,0.4206331823493135,0.5098039215686274,0.4206331823493135,0.5193686463349384,186.9,-8.91707392193139
3106705,Betim,MG,Sudeste,4233,1,0.4204172494694539,0.32719111741081974,0.4204612232940919,0.3302871035345378,4828.92,9.322613205863417
5106265,Novo Mundo,MT,Centro-Oeste,106,1,0.42041438654644886,0.330188679245283,0.4204143865464488,0.3232662192393736,125.16,9.022570730116586
2205953,Marcolândia,PI,Nordeste,139,1,0.4201374934769935,0.10071942446043165,0.4201374934769935,0.10359801488833748,145.07999999999998,31.941806901656182
2105427,Itinga do Maranhão,MA,Nordeste,252,1,0.42010995913087,0.3968253968253968,0.42010995913087,0.3985688993803482,271.12,2.328456230547321
3549805,São José do Rio Preto,SP,Sudeste,3296,1,0.4198123638095742,0.42991504854368934,0.41981236380957426,0.4314965197903212,3889.000017,-1.010268473411513
3554102,Taubaté,SP,Sudeste,2159,1,0.4198123638095742,0.45993515516442796,0.41981236380957426,0.46120412014973244,2545.0000124,-4.012279135485375
2109007,Porto Franco,MA,Nordeste,278,1,0.4197725941785222,0.2589928057553957,0.41977259417852225,0.2592277598230992,293.95,16.07797884231265
5108956,Nova Monte Verde,MT,Centro-Oeste,134,1,0.41975781453117866,0.06716417910447761,0.41975781453117866,0.076290693850707,152.05,35.25936354267011
3513009,Cotia,SP,Sudeste,2899,1,0.41971975339586115,0.5053466712659538,0.41971975339586104,0.5049517213352156,3349.9655225,-8.562691787009264
3520509,Indaiatuba,SP,Sudeste,2404,1,0.4197197533958611,0.3714642262895175,0.4197197533958611,0.3717871785525138,2724.0000162,4.825552710634362
3524402,Jacareí,SP,Sudeste,2047,1,0.4197197533958611,0.48070346849047385,0.4197197533958611,0.485242438435892,2384.0000055,-6.098371509461275
3157005,Salinas,MG,Sudeste,392,1,0.4191452066125815,0.22959183673469388,0.4192375515155532,0.22832728777661468,410.77,18.95533698778876
5106372,Pedra Preta,MT,Centro-Oeste,282,1,0.41912804603847187,0.3475177304964539,0.41912804603847187,0.34920113090932997,304.18,7.161031554201797
5103700,Feliz Natal,MT,Centro-Oeste,153,1,0.41912804603847187,0.48366013071895425,0.4191280460384719,0.48869822485207104,169.0,-6.4532084680482384
3551009,São Vicente,SP,Sudeste,3048,1,0.4190636591931711,0.5131233595800525,0.4190892696621883,0.5178190319954341,3426.0000075,-9.405970038688139
3300258,Arraial do Cabo,RJ,Sudeste,377,1,0.41877489327692974,0.41644562334217505,0.4187748932769298,0.4194371822055706,485.77,0.23292699347546852
5107008,Poxoréo,MT,Centro-Oeste,242,1,0.4187387192297853,0.5330578512396694,0.4187224003079011,0.5372189012240249,281.04,-11.431913200988413
2611804,Ribeirão,PE,Nordeste,221,1,0.4187362777220629,0.3393665158371041,0.4187362777220629,0.34348955999641545,223.18,7.936976188495882
3156700,Sabará,MG,Sudeste,1108,1,0.41851089135959607,0.2743682310469314,0.41851089135959607,0.2832248120537259,1271.64,14.414266031266465
3516408,Franco da Rocha,SP,Sudeste,1792,1,0.41847422191252404,0.5161830357142857,0.4183886647485235,0.5170210861968622,1996.0000029999999,-9.770881380176167
3552809,Taboão da Serra,SP,Sudeste,2465,1,0.41844814946198683,0.5066937119675456,0.4185162078906316,0.5079717677828546,2848.0000131,-8.824556250555881
3538006,Pindamonhangaba,SP,Sudeste,1412,1,0.41837848455957366,0.3597733711048159,0.41837848455957377,0.36203588667539344,1634.0000002,5.860511345475778
3541406,Presidente Prudente,SP,Sudeste,1708,1,0.41835930801521837,0.3881733021077283,0.41835930801521837,0.38875069626518366,1909.9999988,3.0186005907490046
3530607,Mogi das Cruzes,SP,Sudeste,4279,1,0.4182981155062041,0.5188128067305445,0.4182981155062041,0.5212078651286403,4768.0000055,-10.051469122434042
3502804,Araçatuba,SP,Sudeste,1479,1,0.41820559835349447,0.2582826233941853,0.41820559835349447,0.25778052793444656,1714.9999926,15.992297495930918
5103502,Diamantino,MT,Centro-Oeste,291,1,0.4181597298874938,0.3917525773195876,0.4181569366921391,0.3949717346027968,336.1,2.6407152567906156
3543402,Ribeirão Preto,SP,Sudeste,4822,1,0.417784523329062,0.4381999170468685,0.4181637204016915,0.4441413786891389,5396.9999881,-2.0415393717806483
3526902,Limeira,SP,Sudeste,2425,1,0.4177567325573104,0.36783505154639173,0.4177752371967609,0.37071033809005616,2689.9999912,4.992168101091865
3305505,Saquarema,RJ,Sudeste,1186,1,0.41771027746425815,0.37436762225969644,0.4177102774642582,0.3749809401034086,1442.82,4.334265520456171
2602100,Bom Conselho,PE,Nordeste,462,1,0.41765138727386597,0.3939393939393939,0.41765138727386597,0.39256773866801725,473.88,2.371199333447205
2608800,Lajedo,PE,Nordeste,407,1,0.41765138727386597,0.4250614250614251,0.417651387273866,0.42582309068519253,430.39,-0.741003778755911
3543907,Rio Claro,SP,Sudeste,1648,1,0.4175915161988056,0.4550970873786408,0.41763100766411215,0.4541384767102068,1822.0000058,-3.7505571179835218
3509601,Campo Limpo Paulista,SP,Sudeste,846,1,0.41758001210684015,0.5094562647754137,0.4175800121068401,0.5123477731210647,979.9999993,-9.187625266857358
3522208,Itapecerica da Serra,SP,Sudeste,1878,1,0.41754428866186044,0.44621938232161873,0.4176036153470625,0.44658774109992583,2073.0000103,-2.867509365975829
3304003,Piraí,RJ,Sudeste,277,1,0.41728293017893303,0.3862815884476534,0.41728293017893303,0.3956282178664981,332.13,3.1001341731279606
2614204,Sirinhaém,PE,Nordeste,353,1,0.4170246055169995,0.254957507082153,0.41702460551699944,0.25509634180396534,358.1,16.206709843484653
2600401,Água Preta,PE,Nordeste,174,1,0.41701375844243865,0.4425287356321839,0.4170137584424387,0.4444384097327829,184.12,-2.551497718974527
5107941,Tabaporã,MT,Centro-Oeste,176,1,0.4169868179967872,0.375,0.41698681799678716,0.3763467309489841,203.27,4.198681799678722
5108501,Vera,MT,Centro-Oeste,176,1,0.4169868179967872,0.4715909090909091,0.41698681799678716,0.47228840774888636,193.06,-5.46040910941219
3522109,Itanhaém,SP,Sudeste,1291,1,0.4169800402402598,0.5158791634391944,0.4169800402402598,0.5195139860073094,1542.9999944,-9.889912319893456
3523909,Itu,SP,Sudeste,1577,1,0.4168656921527706,0.3804692454026633,0.4168656921527706,0.3833212141503452,1783.0000054,3.639644675010728
2614600,Tabira,PE,Nordeste,298,1,0.4167208159979473,0.3087248322147651,0.41672081599794736,0.308974529937325,299.96,10.79959837831822
2615003,Taquaritinga do Norte,PE,Nordeste,235,1,0.4167208159979473,0.40425531914893614,0.4167208159979473,0.40365030552338355,250.39000000000001,1.246549684901116
2607604,Ilha de Itamaracá,PE,Nordeste,205,1,0.4167208159979473,0.4926829268292683,0.4167208159979473,0.49418860614598925,227.14000000000001,-7.596211083132099
2604601,Condado,PE,Nordeste,203,1,0.4167208159979473,0.5665024630541872,0.41672081599794736,0.5675313487125491,208.94,-14.978164705623985
2600500,Águas Belas,PE,Nordeste,441,1,0.4166479430797015,0.41043083900226757,0.41664794307970143,0.402347872913301,464.25,0.6217104077433921
2602209,Bom Jardim,PE,Nordeste,297,1,0.41664794307970143,0.3063973063973064,0.41664794307970143,0.30840322315408647,304.05,11.025063668239504
2602001,Bodocó,PE,Nordeste,289,1,0.41664794307970143,0.5224913494809689,0.41664794307970143,0.5267338110044613,295.88,-10.584340640126744
2600708,Aliança,PE,Nordeste,237,1,0.41664794307970143,0.6033755274261603,0.41664794307970143,0.6078074993085464,253.09,-18.672758434645885
1200401,Rio Branco,AC,Norte,4491,1,0.41655469276594265,0.451792473836562,0.41646813486716283,0.4544930483695983,5585.74,-3.5237781070619367
3518404,Guaratinguetá,SP,Sudeste,904,1,0.41648580737674745,0.44026548672566373,0.41648580737674745,0.4416633100639173,978.0000033,-2.377967934891628
3510500,Caraguatatuba,SP,Sudeste,1504,1,0.41645786332563284,0.4175531914893617,0.4164578633256329,0.418057697351914,1689.9999942,-0.10953281637288703
3135209,Januária,MG,Sudeste,675,1,0.41642231731559165,0.42074074074074075,0.4168446758211174,0.42477122504426806,739.8100000000001,-0.4318423425149098
3548807,São Caetano do Sul,SP,Sudeste,1096,1,0.4163378721569526,0.3375912408759124,0.41633787215695267,0.3387680250827571,1238.999998,7.87466312810402
5108055,Terra Nova do Norte,MT,Centro-Oeste,165,1,0.4162213157014919,0.38181818181818183,0.4162213157014919,0.38855388051367956,179.1,3.4403133883310066
5105200,Juscimeira,MT,Centro-Oeste,138,1,0.4162213157014919,0.3188405797101449,0.4162213157014919,0.32940553422481134,151.06,9.738073599134701
3555406,Ubatuba,SP,Sudeste,972,1,0.41606804150311927,0.6316872427983539,0.41606804150311927,0.6336287201422696,1151.9999981,-21.56192012952346
3512803,Cosmópolis,SP,Sudeste,529,1,0.41606804150311927,0.4045368620037807,0.41606804150311927,0.40386776790381823,558.0000025,1.1531179499338573
3537602,Peruíbe,SP,Sudeste,715,1,0.4160680415031192,0.5272727272727272,0.4160680415031192,0.5318606080614412,795.9999979,-11.120468576960802
3525003,Jandira,SP,Sudeste,912,1,0.4159581252755692,0.4868421052631579,0.41595812527556925,0.486102510420716,1036.0000033,-7.088397998758872
3546801,Santa Isabel,SP,Sudeste,506,1,0.4159174956374423,0.3241106719367589,0.41591749563744224,0.3282653495864325,573.9999992,9.180682370068338
3145208,Nova Serrana,MG,Sudeste,1397,1,0.4158434577845459,0.2734430923407301,0.41584345778454584,0.2752850485489048,1489.22,14.24003654438158
3506359,Bertioga,SP,Sudeste,963,1,0.4156788982855517,0.3011422637590862,0.41567889828555177,0.30415977919600684,1049.9999962,11.45366345264655
2615805,Tupanatinga,PE,Nordeste,194,1,0.4156443847287169,0.31443298969072164,0.4156443847287169,0.316323015599626,203.21,10.121139503799526
2615607,Trindade,PE,Nordeste,387,1,0.41563741345733207,0.30749354005167956,0.415637413457332,0.3086941217881028,397.74,10.81438734056525
3547304,Santana de Parnaíba,SP,Sudeste,1695,1,0.41550787359989727,0.3935103244837758,0.41550787359989727,0.39307021388252694,1910.9999956,2.1997549116121453
3507506,Botucatu,SP,Sudeste,1152,1,0.41550787359989727,0.4279513888888889,0.41550787359989727,0.4291477481380254,1271.9999948,-1.2443515288991625
3506508,Birigui,SP,Sudeste,1037,1,0.41538636952116637,0.21793635486981677,0.4153863695211664,0.21871230001721464,1086.999999,19.74500146513496
2613107,São Caitano,PE,Nordeste,338,1,0.41538238401477406,0.46745562130177515,0.41538238401477406,0.4682562816999942,343.06,-5.207323728700109
2603009,Cabrobó,PE,Nordeste,311,1,0.415382384014774,0.35691318327974275,0.41538238401477406,0.38783247783481106,342.88,5.846920073503126
2613602,São José do Egito,PE,Nordeste,298,1,0.415382384014774,0.2651006711409396,0.41538238401477395,0.2662229071711971,304.97,15.02817128738344
2607653,Itambé,PE,Nordeste,247,1,0.415382384014774,0.562753036437247,0.415382384014774,0.5669867865413432,293.64,-14.737065242247294
2202083,Cajueiro da Praia,PI,Nordeste,142,1,0.41534529079856897,0.3732394366197183,0.41534529079856897,0.37251609291911564,142.92,4.210585417885065
2206720,Nazária,PI,Nordeste,128,1,0.41534529079856897,0.4765625,0.41534529079856897,0.4788369803891876,132.07,-6.121720920143103
3551702,Sertãozinho,SP,Sudeste,1386,1,0.41512834531898274,0.455988455988456,0.4151283453189827,0.4583783073169693,1524.9999990000001,-4.086011066947326
3556206,Valinhos,SP,Sudeste,829,1,0.4151283453189827,0.5150784077201448,0.4151283453189827,0.5178620470920504,907.0000021,-9.995006240116211
3511102,Catanduva,SP,Sudeste,741,1,0.4151283453189827,0.2941970310391363,0.41512834531898274,0.2973455760777135,813.9999952,12.093131427984638
3504107,Atibaia,SP,Sudeste,1697,1,0.41511305222566514,0.3464938126104891,0.4150711466882954,0.3474074150071821,1841.0000051,6.861923961517602
2604106,Caruaru,PE,Nordeste,3085,1,0.41502797011909,0.4168557536466775,0.41502797011908993,0.4163050179514766,3308.92,-0.1827783527587501
2606002,Garanhuns,PE,Nordeste,1278,1,0.41502797011909,0.3028169014084507,0.41502797011908993,0.30256652798202766,1353.19,11.22110687106393
5105606,Matupá,MT,Centro-Oeste,295,1,0.41493861976762414,0.4745762711864407,0.41493861976762414,0.4739480435231327,339.13,-5.963765141881655
5106216,Nova Canaã do Norte,MT,Centro-Oeste,172,1,0.41493861976762414,0.313953488372093,0.41493861976762414,0.3148409510368038,184.22,10.098513139553111
3533403,Nova Odessa,SP,Sudeste,491,1,0.41480009350036473,0.4175152749490835,0.4148000935003647,0.42040268241118484,529.0000012,-0.27151814487187953
3508504,Caçapava,SP,Sudeste,752,1,0.4148000935003647,0.550531914893617,0.41480009350036473,0.5574400804020184,887.9999957,-13.57318213932523
2602308,Bonito,PE,Nordeste,347,1,0.41475658221679584,0.20461095100864554,0.41475658221679584,0.20249958247508767,359.26,21.01456312081503
2616308,Vicência,PE,Nordeste,223,1,0.4147565822167958,0.3183856502242152,0.4147565822167958,0.31855143301488553,225.05,9.637093199258057
2108306,Penalva,MA,Nordeste,382,1,0.4147559436548558,0.36387434554973824,0.4147559436548558,0.36128970117267456,415.29,5.088159810511756
2106607,Matões,MA,Nordeste,269,1,0.4147559436548558,0.6579925650557621,0.4147559436548558,0.6548197988142028,300.22,-24.32366214009063
2606804,Igarassu,PE,Nordeste,1170,1,0.4146485692146421,0.3299145299145299,0.4146485692146421,0.3303818255337058,1211.81,8.47340393001122
3135100,Janaúba,MG,Sudeste,742,1,0.4146253783137639,0.3221024258760108,0.41490529960074646,0.3230000640491898,780.65,9.252295243775311
3538709,Piracicaba,SP,Sudeste,3598,1,0.41449259420069484,0.39660922734852694,0.41464115754352876,0.39973960447839135,3997.0000005,1.7883366852167903
3119401,Coronel Fabriciano,MG,Sudeste,668,1,0.414436062140702,0.3562874251497006,0.41443606214070206,0.3589820961577147,795.36,5.814863699100142
5105903,Nobres,MT,Centro-Oeste,243,1,0.41421088180908733,0.4279835390946502,0.41426653074797615,0.4278638462684343,268.52000000000004,-1.3772657285562873
2103505,Colinas,MA,Nordeste,392,1,0.414208639990399,0.5,0.41420863999039886,0.5009640253938397,425.3,-8.579136000960103
2109601,Rosário,MA,Nordeste,388,1,0.414208639990399,0.42783505154639173,0.4142086399903989,0.4240843658892128,439.04,-1.3626411555992757
2108504,Pindaré-Mirim,MA,Nordeste,399,1,0.4142086399903989,0.49624060150375937,0.4142086399903989,0.4890573724114518,441.85,-8.203196151336044
2110708,São Domingos do Maranhão,MA,Nordeste,348,1,0.41420863999039886,0.5028735632183908,0.414208639990399,0.49866520100502515,382.08,-8.866492322799196
1200302,Feijó,AC,Norte,391,1,0.41399025647992416,0.35805626598465473,0.4149428502821676,0.36257706117471716,442.83,5.593399049526942
3531100,Mongaguá,SP,Sudeste,748,1,0.4139634243643113,0.5788770053475936,0.4139634243643113,0.5855450297203907,896.8000023,-16.491358098328224
5105580,Marcelândia,MT,Centro-Oeste,172,1,0.41395898688149135,0.3430232558139535,0.41395898688149135,0.3462504093439581,183.22,7.093573106753786
5107180,Ribeirão Cascalheira,MT,Centro-Oeste,108,1,0.41395898688149135,0.28703703703703703,0.41395898688149135,0.2910148251290032,122.09,12.692194984445432
5300108,Brasília,DF,Centro-Oeste,22111,1,0.4139224630915844,0.4057256569128488,0.4139224630915845,0.40865679330049276,27683.23,0.8196806178735638
3530706,Mogi Guaçu,SP,Sudeste,1351,1,0.4138381162512535,0.3634344929681717,0.41383811625125344,0.36534141859973873,1465.9999979,5.040362328308179
3507605,Bragança Paulista,SP,Sudeste,1425,1,0.41383811625125344,0.46596491228070175,0.41383811625125344,0.4663713270580445,1646.999993,-5.212679602944831
3525300,Jaú,SP,Sudeste,1024,1,0.41383811625125344,0.44921875,0.41383811625125344,0.4511052169885759,1108.0000015,-3.538063374874656
3305000,São João da Barra,RJ,Sudeste,554,1,0.4137976440022836,0.40794223826714804,0.41379764400228364,0.4177879035378068,697.89,0.5855405735135544
2102036,Bom Jesus das Selvas,MA,Nordeste,405,1,0.41358335552918546,0.36790123456790125,0.41358335552918546,0.3682101821363605,434.29,4.568212096128422
2102101,Brejo,MA,Nordeste,272,1,0.41358335552918546,0.41911764705882354,0.41358335552918546,0.4194195579231382,289.09,-0.553429152963808
3170701,Varginha,MG,Sudeste,1027,1,0.4135803052211965,0.27848101265822783,0.4135803052211965,0.2846599894570374,1157.17,13.509929256296866
3554003,Tatuí,SP,Sudeste,1236,1,0.4134590342629856,0.4603559870550162,0.4134590342629855,0.46077474955708236,1305.999998,-4.68969527920306
3505500,Barretos,SP,Sudeste,1117,1,0.4134590342629856,0.41181736794986573,0.4134590342629855,0.4157786431922265,1271.9999987,0.16416663131198495
3113404,Caratinga,MG,Sudeste,855,1,0.41342298701020896,0.32046783625730996,0.41342298701020896,0.3257951924874826,962.66,9.2955150752899
2100477,Alto Alegre do Pindaré,MA,Nordeste,332,1,0.4133887267968548,0.42771084337349397,0.41338872679685484,0.4370466540600039,354.31,-1.4322116576639177
2201150,Baixa Grande do Ribeiro,PI,Nordeste,201,1,0.4133785408167948,0.18407960199004975,0.41337854081679487,0.1896129348358648,204.1,22.929893882674506
3503901,Arujá,SP,Sudeste,1016,1,0.41329104581972453,0.38976377952755903,0.4132910458197245,0.39329247744429496,1098.9999987,2.3527266292165505
3531803,Monte Mor,SP,Sudeste,754,1,0.41329104581972453,0.5278514588859416,0.4132910458197246,0.53022194109144,906.0000007,-11.456041306621712
3526803,Lençóis Paulista,SP,Sudeste,607,1,0.41329104581972453,0.3640856672158155,0.4132910458197245,0.36354027785164555,644.000001,4.920537860390906
3550704,São Sebastião,SP,Sudeste,985,1,0.4132631643097697,0.5604060913705584,0.41326316430976967,0.5561676261336969,1074.9999921,-14.714292706078869
3509007,Caieiras,SP,Sudeste,1025,1,0.41272566333828253,0.4751219512195122,0.41274708821531647,0.4784469445070622,1091.9999908,-6.239628788122964
3104007,Araxá,MG,Sudeste,1076,1,0.4125883630239813,0.24070631970260223,0.4125883630239812,0.2465189847482769,1220.19,17.188204332137904
3132404,Itajubá,MG,Sudeste,708,1,0.41242856798431216,0.2076271186440678,0.4124285679843122,0.20900776701419235,812.41,20.480144934024437
3157807,Santa Luzia,MG,Sudeste,2300,1,0.41235536470692274,0.2908695652173913,0.4125139920381212,0.29944024205748865,2644.0,12.148579948953142
4304606,Canoas,RS,Sul,2553,1,0.41227306142977715,0.5597336466901685,0.4122619906259251,0.5687017101863534,3370.70518,-14.74605852603913
3139607,Mantena,MG,Sudeste,222,1,0.41219933978114565,0.28378378378378377,0.4121993397811457,0.2885020685348529,256.21999999999997,12.841555599736187
2112803,Viana,MA,Nordeste,518,1,0.4121268758142367,0.46332046332046334,0.4121268758142367,0.4664366542126245,559.39,-5.119358750622665
2111508,São Mateus do Maranhão,MA,Nordeste,453,1,0.4121268758142367,0.34216335540838855,0.4121268758142367,0.3384812338704761,492.11,6.996352040584814
2103406,Coelho Neto,MA,Nordeste,430,1,0.4121268758142367,0.23953488372093024,0.4121268758142367,0.23871903824230492,482.45,17.259199209330646
2105708,Lago da Pedra,MA,Nordeste,410,1,0.4121268758142367,0.20243902439024392,0.4121268758142367,0.2062004325883201,443.84000000000003,20.968785142399277
2114007,Zé Doca,MA,Nordeste,408,1,0.4121268758142367,0.2696078431372549,0.4121268758142367,0.27709019677677854,449.24,14.251903267698179
2110203,Santa Rita,MA,Nordeste,376,1,0.4121268758142367,0.43351063829787234,0.4121268758142367,0.43473782985832965,436.93,-2.138376248363566
2112308,Tuntum,MA,Nordeste,298,1,0.4121268758142367,0.3389261744966443,0.4121268758142367,0.3356241409471448,320.12,7.320070131759238
2112902,Vitória do Mearim,MA,Nordeste,249,1,0.4121268758142367,0.39357429718875503,0.4121268758142366,0.39803812696650004,270.15000000000003,1.8552578625481653
2106904,Monção,MA,Nordeste,245,1,0.4121268758142367,0.6408163265306123,0.4121268758142367,0.6380670246250694,270.05,-22.868945071637558
3302452,Macuco,RJ,Sudeste,105,1,0.41200192948757375,0.21904761904761905,0.41200192948757375,0.22008603283293826,113.91000000000001,19.29543104399547
3138203,Lavras,MG,Sudeste,781,1,0.41194479165168507,0.3034571062740077,0.4122115900902563,0.3131786388364605,900.7,10.84876853776774
2605905,Gameleira,PE,Nordeste,162,1,0.4119180585209187,0.22839506172839505,0.41191805852091873,0.22632079961922896,168.07999999999998,18.35229967925236
3169901,Ubá,MG,Sudeste,809,1,0.4118465789946823,0.2138442521631644,0.41207454198474425,0.2116723301771634,909.33,19.80023268315179
3137601,Lagoa Santa,MG,Sudeste,534,1,0.41183553465172806,0.26779026217228463,0.41222272200789467,0.2686421751577559,667.1700000000001,14.404527247944344
3527207,Lorena,SP,Sudeste,656,1,0.41177692597913534,0.5198170731707317,0.4117769259791353,0.5209486899220206,729.6842097,-10.804014719159632
3513405,Cruzeiro,SP,Sudeste,451,1,0.4117769259791353,0.43680709534368073,0.4117769259791353,0.43895386360045685,484.9999983,-2.503016936454544
2107803,Parnarama,MA,Nordeste,322,1,0.4115025263637969,0.4472049689440994,0.4115025263637969,0.45355065368887865,347.26,-3.5702442580302476
2100600,Amarante do Maranhão,MA,Nordeste,309,1,0.4115025263637969,0.5792880258899676,0.41150252636379686,0.5867995089782752,350.29,-16.778549952617073
2112407,Turiaçu,MA,Nordeste,294,1,0.4115025263637969,0.35034013605442177,0.41150252636379686,0.35584771636862106,320.98,6.116239030937515
2100956,Arame,MA,Nordeste,133,1,0.4115025263637969,0.2556390977443609,0.4115025263637969,0.2556390977443609,133.0,15.586342861943603
2604007,Carpina,PE,Nordeste,570,1,0.4114579631518024,0.4070175438596491,0.4114579631518024,0.40814167358432213,614.37,0.4440419292153275
5100300,Alto Araguaia,MT,Centro-Oeste,153,1,0.41144288113309424,0.22875816993464052,0.41144288113309424,0.24433073613210837,171.98,18.268471119845373
3525904,Jundiaí,SP,Sudeste,3499,1,0.41127906696882055,0.294941411831952,0.4112790669688205,0.29513866597646,3851.0000011,11.633765513686855
2112605,Urbano Santos,MA,Nordeste,277,1,0.411235871623045,0.6101083032490975,0.411235871623045,0.6137723538757986,295.81,-19.88724316260525
2100907,Araioses,MA,Nordeste,239,1,0.411235871623045,0.5690376569037657,0.4112358716230449,0.5748458509768961,269.22,-15.780178528072074
2109809,Santa Helena,MA,Nordeste,200,1,0.411235871623045,0.275,0.411235871623045,0.27260574102268925,269.29,13.623587162304496
3526704,Leme,SP,Sudeste,993,1,0.41117940554892507,0.3806646525679758,0.41117940554892507,0.38297221407126586,1065.9999953,3.0514752980949247
3504008,Assis,SP,Sudeste,869,1,0.41117940554892507,0.4487917146144994,0.41117940554892507,0.4514528097892401,959.0000049,-3.7612309065574334
3513801,Diadema,SP,Sudeste,3765,1,0.41111776802722333,0.4,0.411683200899257,0.40629857714431183,4153.000019,1.1117768027223307
3545803,Santa Bárbara d'Oeste,SP,Sudeste,1579,1,0.41107967651478744,0.3305889803673211,0.411393559239159,0.33156099264705235,1736.0000011,8.049069614746635
3505708,Barueri,SP,Sudeste,4293,1,0.4108209005744933,0.31679478220358726,0.4108209005744932,0.31838791660175225,4987.6515103,9.402611837090602
2102002,Bom Jardim,MA,Nordeste,332,1,0.4104250144261187,0.3132530120481928,0.4104603298210171,0.31437727603787324,343.25,9.71720023779259
2600054,Abreu e Lima,PE,Nordeste,722,1,0.4104099448692772,0.538781163434903,0.4104099448692772,0.5360749909264985,799.03,-12.837121856562582
5106299,Paranaíta,MT,Centro-Oeste,158,1,0.4104083393270087,0.20253164556962025,0.41040833932700876,0.20302477490731477,169.93,20.787669375738847
3504503,Avaré,SP,Sudeste,813,1,0.4102711659308893,0.4735547355473555,0.4102711659308893,0.47527470169750674,911.0000039,-6.3283569616466195
3557105,Votuporanga,SP,Sudeste,743,1,0.4102711659308893,0.38088829071332436,0.4102711659308893,0.3833629034724316,790.0000038,2.938287521756494
3550605,São Roque,SP,Sudeste,725,1,0.4102711659308893,0.48413793103448277,0.41027116593088925,0.48487240578303203,797.0000006,-7.386676510359347
3507001,Boituva,SP,Sudeste,647,1,0.4102711659308893,0.30139103554868624,0.41027116593088936,0.30170170776826966,718.0000014,10.888013038220306
3549102,São João da Boa Vista,SP,Sudeste,627,1,0.4102711659308893,0.3827751196172249,0.41027116593088936,0.38399516210345874,696.0000014999999,2.7496046313664424
3506102,Bebedouro,SP,Sudeste,567,1,0.4102711659308893,0.4462081128747795,0.4102711659308893,0.4424647873845137,634.0000009,-3.593694694389021
3530300,Mirassol,SP,Sudeste,489,1,0.4102711659308893,0.38650306748466257,0.4102711659308893,0.38429026483546497,519.9999971,2.3768098446226738
3539301,Pirassununga,SP,Sudeste,460,1,0.4102711659308893,0.4326086956521739,0.4102711659308893,0.4360006500047223,508.0000016,-2.2337529721284612
3530805,Mogi Mirim,SP,Sudeste,657,1,0.41027116593088925,0.4185692541856925,0.41027116593088925,0.42299601575623735,744.9999992,-0.8298088254803271
1200104,Brasiléia,AC,Norte,385,1,0.41018244648297725,0.5116883116883116,0.4106172725200109,0.519989857154932,473.24,-10.15058652053344
2209203,Santa Filomena,PI,Nordeste,100,1,0.410063986095038,0.38,0.410063986095038,0.3753361505954667,104.12,3.006398609503802
3131703,Itabira,MG,Sudeste,989,1,0.40997762391734827,0.3023255813953488,0.41049788752521094,0.3019146195193461,1125.55,10.765204252199945
2616407,Vitória de Santo Antão,PE,Nordeste,1004,1,0.40983826923820943,0.49203187250996017,0.40983826923820943,0.49346198510182304,1059.19,-8.219360327175075
3515509,Fernandópolis,SP,Sudeste,509,1,0.4096814687364284,0.3850687622789784,0.40968601274019634,0.3897433816784938,569.9473683,2.4612706457450004
3523404,Itatiba,SP,Sudeste,1007,1,0.40955076393828427,0.2671300893743793,0.4095507639382843,0.26527028563699784,1109.9999979,14.242067456390494
2613909,Serra Talhada,PE,Nordeste,815,1,0.4095022228548728,0.2196319018404908,0.40950222285487275,0.22082358225184975,846.0600000000001,18.9870321014382
2601201,Arcoverde,PE,Nordeste,670,1,0.4095022228548728,0.29701492537313434,0.4095022228548728,0.29955998147290414,690.88,11.248729748173847
3536505,Paulínia,SP,Sudeste,1040,1,0.40942752404649474,0.38076923076923075,0.40942752404649474,0.38606439458851977,1146.9999995,2.865829327726399
3522604,Itapira,SP,Sudeste,520,1,0.4093478561034973,0.36923076923076925,0.4092527828345709,0.36757617516842644,568.0000011,4.011708687272803
3515004,Embu das Artes,SP,Sudeste,2895,1,0.40923821000970173,0.5050086355785838,0.41009456559518864,0.5129488768475967,3358.9999976,-9.577042556888205
2610608,Paudalho,PE,Nordeste,518,1,0.4092017847582884,0.3416988416988417,0.4092017847582884,0.3397478915389498,551.35,6.750294305944671
2605301,Exu,PE,Nordeste,335,1,0.4091613367365492,0.44477611940298506,0.40916133673654925,0.44780440265994037,348.88,-3.5614782666435865
3151800,Poços de Caldas,MG,Sudeste,1117,1,0.40912983549899684,0.21486123545210384,0.4093575113900108,0.21674449991181455,1304.07,19.4268600046893
3540754,Potim,SP,Sudeste,197,1,0.40890659236162386,0.5279187817258884,0.40890659236162386,0.5341625011705715,233.9999993,-11.90121893642645
3552403,Sumaré,SP,Sudeste,2702,1,0.4089004333670799,0.41894892672094747,0.4093988799723576,0.42508691684916994,3040.9999905,-1.0048493353867594
3529005,Marília,SP,Sudeste,1666,1,0.40876242202219054,0.34213685474189676,0.40898162526406107,0.3453351044245897,1897.9999974,6.6625567280293785
2607307,Ipubi,PE,Nordeste,363,1,0.4087066021136873,0.29476584022038566,0.40870660211368726,0.2991776846178652,372.12,11.394076189330166
2603207,Caetés,PE,Nordeste,364,1,0.40870660211368726,0.42857142857142855,0.4087066021136873,0.4275232735496765,380.26,-1.9864826457741291
2609154,Manari,PE,Nordeste,174,1,0.40862968337961636,0.47126436781609193,0.4086296833796163,0.4710301589017404,185.02,-6.263468443647557
3534708,Ourinhos,SP,Sudeste,919,1,0.4083465215751997,0.4613710554951034,0.4085266917012421,0.46227449032120566,993.9999968,-5.302453391990369
3518701,Guarujá,SP,Sudeste,3023,1,0.4081478774539709,0.511081706913662,0.40907003927725677,0.5162047997291063,3476.9999995,-10.293382945969103
2105005,Humberto de Campos,MA,Nordeste,334,1,0.40808320187763375,0.4101796407185629,0.40808320187763375,0.40774222172924407,360.62,-0.2096438840929138
2112100,Timbiras,MA,Nordeste,293,1,0.4080832018776337,0.5563139931740614,0.4080832018776337,0.5536,331.25,-14.82307912964277
2105104,Icatu,MA,Nordeste,234,1,0.4080832018776337,0.3034188034188034,0.4080832018776337,0.31018728133360773,242.95000000000002,10.46643984588303
3509502,Campinas,SP,Sudeste,8899,1,0.40803737704304177,0.33756601865378133,0.4083294778859267,0.3431236371494104,9851.9999936,7.047135838926044
2613008,São Bento do Una,PE,Nordeste,549,1,0.4079339626049716,0.3570127504553734,0.4079339626049716,0.35961457307638206,568.72,5.092121214959821
5100607,Alto Taquari,MT,Centro-Oeste,162,1,0.40779853274713584,0.30246913580246915,0.40779853274713584,0.2998721583013729,179.91,10.53293969446667
2602902,Cabo de Santo Agostinho,PE,Nordeste,1976,1,0.4077191753611268,0.4924089068825911,0.4077191753611268,0.4927959501557633,2157.12,-8.46897315214643
2610509,Passira,PE,Nordeste,201,1,0.40770960268956513,0.23880597014925373,0.4077096026895651,0.23783834061947726,215.02,16.89036325403114
2612406,Sanharó,PE,Nordeste,171,1,0.40770960268956513,0.3391812865497076,0.40770960268956513,0.3415176091545384,180.02,6.852831613985755
3519709,Ibiúna,SP,Sudeste,963,1,0.4075549889551656,0.4683281412253375,0.40755498895516556,0.4694134873020133,1041.0000092,-6.077315227017188
2110609,São Bernardo,MA,Nordeste,321,1,0.40753857185900144,0.3177570093457944,0.40753857185900144,0.321301179842078,328.01,8.978156251320707
3302254,Itatiaia,RJ,Sudeste,348,1,0.40712959441088004,0.31896551724137934,0.40712959441088004,0.3239291507738174,456.18,8.81640771695007
3537305,Penápolis,SP,Sudeste,535,1,0.4070981580992125,0.3663551401869159,0.4072701400978206,0.37003238358835644,565.9999997,4.0743017912296615
2101004,Arari,MA,Nordeste,319,1,0.40691636204599846,0.27586206896551724,0.40691636204599846,0.2762688614540466,328.05,13.105429308048123
3516200,Franca,SP,Sudeste,3344,1,0.4068701112728535,0.2888755980861244,0.40709198835032206,0.29133456739390123,3594.9999932,11.79945131867291
2104107,Fortaleza dos Nogueiras,MA,Nordeste,194,1,0.4068608522604156,0.211340206185567,0.4068608522604156,0.21751274010192082,204.08,19.552064607484855
3301108,Cantagalo,RJ,Sudeste,162,1,0.40660474195813406,0.4691358024691358,0.406604741958134,0.4798429319371728,191.0,-6.253106051100171
3519600,Ibitinga,SP,Sudeste,511,1,0.4065473612755006,0.5048923679060665,0.4065473612755006,0.5080477622935909,570.0000053,-9.83450066305659
3136702,Juiz de Fora,MG,Sudeste,3343,1,0.40647160694800893,0.4481005085252767,0.40684558304347196,0.45134015097732394,4070.81,-4.162890157726778
3143906,Muriaé,MG,Sudeste,927,1,0.40623927843763913,0.2373247033441208,0.40678925828318413,0.2451709849278266,1098.05,16.89145750935183
2606606,Ibimirim,PE,Nordeste,269,1,0.4061092669880892,0.3680297397769517,0.4061393380549403,0.36883145409283935,273.16,3.80795272111375
3509700,Campos do Jordão,SP,Sudeste,442,1,0.40595598269155436,0.4298642533936652,0.4059559826915544,0.42880961858552175,495.0000007,-2.390827070211082
3509205,Cajamar,SP,Sudeste,967,1,0.4059325798892409,0.46949327817993797,0.4059325798892409,0.4682535705791992,1110.9999957,-6.356069829069705
3552502,Suzano,SP,Sudeste,3638,1,0.405930378273887,0.4846069268829027,0.40642014228789225,0.48885092329576446,4081.9999994,-7.867654860901569
2106102,Loreto,MA,Nordeste,129,1,0.4059049447589197,0.34108527131782945,0.40590494475891964,0.33882928936568507,138.89000000000001,6.481967344109024
2609501,Nazaré da Mata,PE,Nordeste,221,1,0.4057689376844509,0.4298642533936652,0.40576893768445094,0.4304093051945191,226.97,-2.4095315709214304
2606200,Goiana,PE,Nordeste,702,1,0.4056740377540988,0.5413105413105413,0.4056740377540988,0.541159363138956,811.48,-13.563650355644253
3170107,Uberaba,MG,Sudeste,2858,1,0.4056421680073457,0.38453463960811757,0.40637630993590484,0.3901084014787581,3432.61,2.1107528399228137
5105002,Jauru,MT,Centro-Oeste,111,1,0.40555046810929585,0.25225225225225223,0.40555046810929585,0.2531234382808596,120.06,15.329821585704362
2109452,Raposa,MA,Nordeste,431,1,0.4054671270669644,0.5127610208816705,0.4054671270669645,0.5164069660861595,490.95,-10.729389381470611
2103703,Cururupu,MA,Nordeste,276,1,0.4054671270669644,0.32971014492753625,0.4054671270669644,0.33677852348993287,298.0,7.575698213942816
2113009,Vitorino Freire,MA,Nordeste,258,1,0.4054671270669644,0.26356589147286824,0.4054671270669644,0.268924234650248,292.35,14.190123559409617
2100436,Alto Alegre do Maranhão,MA,Nordeste,165,1,0.4054671270669644,0.47878787878787876,0.4054671270669645,0.4849789861464225,192.73,-7.332075172091434
3513504,Cubatão,SP,Sudeste,1093,1,0.4054213402406565,0.5489478499542544,0.40561669324735866,0.54835130788703,1263.0000008,-14.352650971359788
2611606,Recife,PE,Nordeste,9918,1,0.4052385063728078,0.4537205081669691,0.4052524910640684,0.4545073107886928,10820.31,-4.848200179416135
3510609,Carapicuíba,SP,Sudeste,3977,1,0.405015794995777,0.420165954236862,0.40577146929788754,0.4242917648336939,4469.0000131,-1.5150159241084982
3556701,Vinhedo,SP,Sudeste,660,1,0.4049500319682081,0.4409090909090909,0.4049500319682081,0.4387908851520256,706.0000011,-3.5959058940882804
3524709,Jaguariúna,SP,Sudeste,546,1,0.4049500319682081,0.2967032967032967,0.40495003196820806,0.29782214804412205,648.9999957,10.824673526491141
2100303,Aldeias Altas,MA,Nordeste,212,1,0.40484591875212145,0.5424528301886793,0.40484591875212134,0.5463067408300595,257.09000000000003,-13.760691143655784
2102200,Buriti,MA,Nordeste,251,1,0.4048459187521214,0.7091633466135459,0.4048459187521214,0.7107236393642593,278.73,-30.431742786142447
3168002,Taiobeiras,MG,Sudeste,380,1,0.40466866806326435,0.14210526315789473,0.4045587161774162,0.1447694095064909,395.94,26.25634049053696
3501905,Amparo,SP,Sudeste,481,1,0.4046207248678735,0.37422037422037424,0.4047641557849446,0.37607239491629463,537.9999977,3.040035064749924
3141801,Minas Novas,MG,Sudeste,238,1,0.4046197051298125,0.20588235294117646,0.4046197051298125,0.2117841454076492,248.13,19.873735218863605
3543303,Ribeirão Pires,SP,Sudeste,1002,1,0.40460343059594855,0.32934131736526945,0.40492028767475613,0.3300138167370012,1080.0000028,7.52621132306791
2601706,Belo Jardim,PE,Nordeste,658,1,0.4045485969875704,0.5623100303951368,0.4045485969875704,0.5608104395604395,728.0,-15.776143340756644
3551504,Serrana,SP,Sudeste,493,1,0.4044568724759129,0.5537525354969574,0.40445687247591283,0.560272512422892,556.0000032,-14.929566302104448
3521002,Iperó,SP,Sudeste,380,1,0.4044568724759129,0.5578947368421052,0.4044568724759129,0.5524594513761468,436.0,-15.343786436619233
3501707,Américo Brasiliense,SP,Sudeste,359,1,0.4044568724759129,0.2924791086350975,0.4044568724759129,0.2882082209849647,396.0000017,11.197776384081537
4320008,Sapucaia do Sul,RS,Sul,1388,1,0.4044202240082539,0.5194524495677233,0.40440687155030586,0.5211729034974381,1539.8461578,-11.503222555946941
5104542,Itanhangá,MT,Centro-Oeste,112,1,0.40431424237276686,0.22321428571428573,0.40431424237276686,0.22026713588738703,125.03,18.109995665848114
5101852,Bom Jesus do Araguaia,MT,Centro-Oeste,113,1,0.4043142423727668,0.17699115044247787,0.4043142423727668,0.1735583459969607,125.03,22.732309193028893
3140001,Mariana,MG,Sudeste,601,1,0.4042952293948976,0.3194675540765391,0.40480808982723276,0.3219881628576114,670.77,8.482767531835849
5106240,Nova Ubiratã,MT,Centro-Oeste,213,1,0.40406559325110625,0.41784037558685444,0.4040655932511063,0.41584200831084267,233.42999999999998,-1.3774782335748192
5104609,Itiquira,MT,Centro-Oeste,207,1,0.4040655932511062,0.41545893719806765,0.40406559325110625,0.4183525394793,234.3,-1.1393343946961454
2100709,Anajatuba,MA,Nordeste,141,1,0.40395983911347577,0.5886524822695035,0.4039598391134758,0.5865671641791045,154.1,-18.469264315602775
3520004,Igaraçu do Tietê,SP,Sudeste,209,1,0.403946042309466,0.22488038277511962,0.4039460423094659,0.22714349330733738,218.00000070000002,17.90656595343464
3148707,Pedra Azul,MG,Sudeste,215,1,0.4039281789550345,0.3953488372093023,0.4039281789550345,0.39278905223912214,236.03,0.8579341745732216
2611101,Petrolina,PE,Nordeste,4624,1,0.40390890964317416,0.2969290657439446,0.40390890964317416,0.29745405413198717,4855.17,10.697984389922954
3503307,Araras,SP,Sudeste,1043,1,0.4038806301823499,0.34707574304889743,0.4041816247368498,0.34841078686249827,1121.0000018,5.680488713345245
2111607,São Raimundo das Mangabeiras,MA,Nordeste,254,1,0.4038379085197076,0.15354330708661418,0.4038379085197075,0.1550745339339999,273.03000000000003,25.02946014330934
3502507,Aparecida,SP,Sudeste,321,1,0.4037064705757455,0.46105919003115264,0.40370647057574544,0.4624545882188387,345.9999993,-5.735271945540715
3103504,Araguari,MG,Sudeste,1032,1,0.40365801569154125,0.34205426356589147,0.40340127440287243,0.3463543944987839,1143.02,6.160375212564978
3131307,Ipatinga,MG,Sudeste,1931,1,0.40360190874438784,0.2377006732263076,0.4038636700057156,0.24384646042631558,2182.89,16.590123551808023
3537107,Pedreira,SP,Sudeste,411,1,0.403502770758569,0.058394160583941604,0.403502770758569,0.05746839876322177,421.0000021,34.51086101746274
3118304,Conselheiro Lafaiete,MG,Sudeste,1226,1,0.4034600218873793,0.16476345840130505,0.40356023490578957,0.16803516690312192,1360.3700000000001,23.869656348607425
3524006,Itupeva,SP,Sudeste,646,1,0.40345211359034217,0.5170278637770898,0.40345211359034217,0.5167065059706168,779.8666623,-11.357575018674758
3524303,Jaboticabal,SP,Sudeste,449,1,0.40336807011545395,0.41648106904231624,0.403368070115454,0.4206344256363891,487.0000017,-1.3112998926862296
2104552,Governador Edison Lobão,MA,Nordeste,306,1,0.40332918631965053,0.3235294117647059,0.40332918631965053,0.32525723857382155,334.32,7.979977455494463
2101251,Bacabeira,MA,Nordeste,194,1,0.40332918631965053,0.4587628865979381,0.4033291863196505,0.4626116071428571,215.04000000000002,-5.543370027828759
3545209,Salto,SP,Sudeste,1303,1,0.40327066282677637,0.3215656178050652,0.40352219886849694,0.32668236741550927,1410.0000084,8.170504502171116
3522307,Itapetininga,SP,Sudeste,1519,1,0.40321702468188925,0.45687952600395,0.40338165243857566,0.45952689281380993,1665.0000021,-5.3662501322060745
4318705,São Leopoldo,RS,Sul,1834,1,0.4030731639895955,0.6155943293347873,0.4030229444313167,0.6234388587277849,2531.2820709,-21.252116534519182
3556404,Vargem Grande do Sul,SP,Sudeste,370,1,0.4029805528206701,0.3810810810810811,0.40298055282067,0.38491645249220335,402.9999983,2.1899471739589007
3144805,Nova Lima,MG,Sudeste,855,1,0.4027324771589714,0.2023391812865497,0.40273247715897137,0.20399278694821754,937.19,20.03932958724217
2102556,Campestre do Maranhão,MA,Nordeste,178,1,0.4027090348319982,0.38764044943820225,0.40270903483199827,0.3830532934748995,194.02,1.5068585393795964
2605202,Escada,PE,Nordeste,406,1,0.40260323236821693,0.6921182266009852,0.40260323236821693,0.6952269262343146,426.35,-28.95149942327683
3541505,Presidente Venceslau,SP,Sudeste,254,1,0.40251165077593676,0.23622047244094488,0.4025116507759368,0.2342925275821169,264.0000052,16.629117833499187
3163706,São Lourenço,MG,Sudeste,367,1,0.40233305392966534,0.14713896457765668,0.40233305392966534,0.14631907927373747,403.16,25.519408935200865
3133808,Itaúna,MG,Sudeste,666,1,0.40226367662592766,0.13213213213213212,0.40298282018707504,0.12606453319227717,756.2,27.01315444937955
3514403,Dracena,SP,Sudeste,327,1,0.40202758273605554,0.3730886850152905,0.4020275827360556,0.3726383811116343,346.0000009,2.893889772076502
3164704,São Sebastião do Paraíso,MG,Sudeste,668,1,0.401631773496396,0.18712574850299402,0.40163177349639606,0.18913747835316463,716.04,21.4506024993402
3134400,Iturama,MG,Sudeste,357,1,0.40159754209488147,0.29971988795518206,0.40159754209488135,0.30400079816422226,400.92,10.18776541396994
3141405,Medina,MG,Sudeste,194,1,0.40138851518554275,0.3556701030927835,0.40149907689280806,0.35221614159641074,202.83,4.571841209275923
3506003,Bauru,SP,Sudeste,2786,1,0.4013379656618415,0.4002153625269203,0.4016063848008776,0.4005002656933201,3189.000008,0.11226031349211851
3502903,Araçoiaba da Serra,SP,Sudeste,374,1,0.4012576703034936,0.4358288770053476,0.4012576703034936,0.43836808923899057,422.0000042,-3.457120670185404
3143302,Montes Claros,MG,Sudeste,3495,1,0.40124698012445115,0.2474964234620887,0.40125698806753063,0.25286773527979556,3983.98,15.375055666236245
3501608,Americana,SP,Sudeste,1516,1,0.40123748728748787,0.3502638522427441,0.40167223516020245,0.35133590192559344,1638.0000044,5.097363504474378
3106200,Belo Horizonte,MG,Sudeste,16012,1,0.4011810179580713,0.29465400949288034,0.40174022124499387,0.2987241070493957,18915.38,10.652700846519098
3152501,Pouso Alegre,MG,Sudeste,1194,1,0.4011775029891869,0.31072026800670016,0.4010389744193718,0.3127542581250838,1342.14,9.045723498248675
2100501,Alto Parnaíba,MA,Nordeste,156,1,0.4009520141376941,0.47435897435897434,0.4009520141376941,0.4800932568149211,167.28,-7.340696022128023
3111200,Campo Belo,MG,Sudeste,388,1,0.4008382949814019,0.14432989690721648,0.4008382949814019,0.14421494707370386,407.17,25.650839807418542
3110004,Caeté,MG,Sudeste,345,1,0.40083829498140183,0.28695652173913044,0.4008382949814019,0.29046125834513453,395.44,11.388177324227138
5106224,Nova Mutum,MT,Centro-Oeste,883,1,0.40070079492006605,0.25254813137032844,0.40070079492006605,0.2514306188258177,976.85,14.81526635497376
3554508,Tietê,SP,Sudeste,301,1,0.4005104977723585,0.3687707641196013,0.40051049777235853,0.37503830832039625,319.9999993,3.1739733652757174
3534302,Orlândia,SP,Sudeste,293,1,0.4005104977723585,0.4300341296928328,0.40051049777235853,0.42848034338402685,324.9999979,-2.9523631920474305
3105608,Barbacena,MG,Sudeste,860,1,0.4004747451147938,0.16162790697674417,0.40042377416129404,0.16483527961728886,957.38,23.884683813804962
2614857,Tamandaré,PE,Nordeste,258,1,0.40042675649939086,0.43410852713178294,0.40042675649939086,0.42808319858885785,272.12,-3.3681770632392083
2613404,São José da Coroa Grande,PE,Nordeste,244,1,0.40042675649939086,0.610655737704918,0.4004267564993909,0.6077333127317677,258.88,-21.022898120552714
3120904,Curvelo,MG,Sudeste,726,1,0.40033396166020085,0.26721763085399447,0.4004196712132041,0.27456922677288076,808.4300000000001,13.311633080620638
3508603,Cachoeira Paulista,SP,Sudeste,229,1,0.4002683644573125,0.5851528384279476,0.40026836445731245,0.5820273460210084,247.0000004,-18.488447397063513
4314407,Pelotas,RS,Sul,1963,1,0.40019152190096074,0.609271523178808,0.4001267414240232,0.6058337945915325,2730.2799216,-20.90800012778472
3118007,Congonhas,MG,Sudeste,551,1,0.4000970481651962,0.2577132486388385,0.40009704816519615,0.25984577470387155,628.95,14.238379952635771
5107065,Querência,MT,Centro-Oeste,396,1,0.3999230676488756,0.255050505050505,0.3999230676488756,0.2581774032281103,420.06,14.487256259837055
4205407,Florianópolis,SC,Sul,2861,1,0.3997728608788102,0.48968891995805663,0.4000634760108601,0.5034558111430251,4832.44,-8.991605907924644
2616209,Vertentes,PE,Nordeste,168,1,0.3994363106809943,0.42857142857142855,0.3994363106809943,0.4315107422985109,175.94,-2.913511789043427
2614808,Tacaratu,PE,Nordeste,151,1,0.3994363106809943,0.2582781456953642,0.3994363106809943,0.26166645001949823,153.86,14.115816498563005
3548906,São Carlos,SP,Sudeste,2048,1,0.399324374350877,0.37451171875,0.39966145260952757,0.38102006435951563,2257.9565206,2.4812655600876976
2611309,Pombos,PE,Nordeste,133,1,0.3991421728921064,0.5864661654135338,0.3991421728921064,0.5954908990623277,145.04,-18.73239925214274
3545308,Salto de Pirapora,SP,Sudeste,468,1,0.3991338098282941,0.532051282051282,0.3991968234962289,0.5316576108634309,505.0000036,-13.291747222298794
3554805,Tremembé,SP,Sudeste,312,1,0.39908477580498036,0.46153846153846156,0.3990847758049804,0.45270524975815185,351.9999982,-6.24536857334812
3534609,Osvaldo Cruz,SP,Sudeste,223,1,0.3990080498922184,0.4080717488789238,0.39900804989221844,0.40767966817757845,232.99999929999998,-0.9063698986705393
5107859,São Félix do Araguaia,MT,Centro-Oeste,136,1,0.3989547114440736,0.6764705882352942,0.3989547114440736,0.6663656884875846,155.05,-27.751587679122057
3510401,Capivari,SP,Sudeste,567,1,0.39885988140207496,0.3333333333333333,0.3988598814020749,0.3340497054742741,598.9523817,6.552654806874164
3556453,Vargem Grande Paulista,SP,Sudeste,545,1,0.39885988140207496,0.3559633027522936,0.3988598814020749,0.3541148706664472,587.9999959,4.289657864978135
3528403,Mairinque,SP,Sudeste,466,1,0.39885988140207496,0.5064377682403434,0.3988598814020749,0.5066869945146805,560.9999966,-10.757788683826842
3540705,Porto Ferreira,SP,Sudeste,460,1,0.39885988140207496,0.4956521739130435,0.39885988140207496,0.4992423538664921,503.9999983,-9.679229251096855
3511508,Cerquilho,SP,Sudeste,396,1,0.39885988140207496,0.30808080808080807,0.398859881402075,0.30846047285166545,433.0000018,9.077907332126689
3524808,Jales,SP,Sudeste,385,1,0.39885988140207496,0.2935064935064935,0.39885988140207496,0.29469701298879425,407.0000031,10.535338789558146
3152105,Ponte Nova,MG,Sudeste,433,1,0.39866536815849907,0.21247113163972287,0.398828550139667,0.2134951947395043,494.25,18.61942365187762
3149309,Pedro Leopoldo,MG,Sudeste,602,1,0.39865794828643586,0.24086378737541528,0.3995166055493346,0.24901871980676332,662.4,15.779416091102059
4216602,São José,SC,Sul,1883,1,0.39861343280949096,0.42166755177907594,0.39882165720949386,0.4364665044961325,2926.96,-2.305411896958498
3128709,Guaxupé,MG,Sudeste,454,1,0.3986050560773625,0.32819383259911894,0.39860505607736246,0.3306459863722862,488.71000000000004,7.041122347824357
3109006,Brumadinho,MG,Sudeste,394,1,0.3986050560773625,0.12436548223350254,0.3986050560773625,0.12274224570556895,452.33,27.423957384386
3104205,Arcos,MG,Sudeste,364,1,0.3986050560773625,0.11263736263736264,0.3986050560773625,0.11136421159200202,395.1,28.596769343999988
3158953,Santana do Paraíso,MG,Sudeste,328,1,0.3985981130691504,0.29878048780487804,0.3985981130691504,0.3005165171983199,352.36,9.981762526427234
3101508,Além Paraíba,MG,Sudeste,259,1,0.3985981130691504,0.44015444015444016,0.39859811306915033,0.44922722342733185,295.04,-4.155632708528978
5106182,Nova Lacerda,MT,Centro-Oeste,121,1,0.39854808924735663,0.32231404958677684,0.3985480892473566,0.32350265352539803,131.9,7.623403966057979
3155603,Rio Pardo de Minas,MG,Sudeste,268,1,0.3984847996047532,0.13059701492537312,0.39846563808298985,0.12964762624626572,277.83,26.788778467938005
3161106,São Francisco,MG,Sudeste,612,1,0.3982978802879556,0.3790849673202614,0.3983224811300601,0.3853498819766999,656.65,1.9212912967694173
3500709,Agudos,SP,Sudeste,330,1,0.39827093009612285,0.3484848484848485,0.3982709300961228,0.3540098941565338,362.9999978,4.978608161127434
3169307,Três Corações,MG,Sudeste,580,1,0.39825402425194256,0.2982758620689655,0.39825402425194256,0.29746681577283995,617.01,9.997816218297706
3127107,Frutal,MG,Sudeste,525,1,0.39825402425194256,0.26095238095238094,0.39825402425194256,0.26399530555788414,596.45,13.730164329956162
3127701,Governador Valadares,MG,Sudeste,2139,1,0.3982493747268162,0.30388031790556336,0.3990615476864131,0.3061626200936903,2474.11,9.436905682125285
3133303,Itaobim,MG,Sudeste,180,1,0.3982256931763146,0.46111111111111114,0.3986958226283197,0.4700029408881482,204.02,-6.288541793479652
3500105,Adamantina,SP,Sudeste,200,1,0.39809199674006734,0.34,0.39809199674006734,0.33939371175193916,215.0000011,5.809199674006732
3126109,Formiga,MG,Sudeste,469,1,0.3979632022060221,0.14285714285714285,0.3981018307722285,0.1409906542056075,535.0,25.510605934887927
3165537,Sarzedo,MG,Sudeste,475,1,0.39785825807618713,0.17473684210526316,0.39785825807618713,0.17614155251141553,525.6,22.312141597092396
3105400,Barão de Cocais,MG,Sudeste,335,1,0.39783733733042353,0.35522388059701493,0.3978373373304235,0.3729863042451593,381.14,4.261345673340861
3171303,Viçosa,MG,Sudeste,534,1,0.39759935110247924,0.21722846441947566,0.39831586973821353,0.21788074910492974,580.96,18.037088668300356
3503802,Artur Nogueira,SP,Sudeste,505,1,0.3975856510937288,0.45544554455445546,0.3975856510937288,0.4559239517756274,540.9999923,-5.785989346072667
3518602,Guariba,SP,Sudeste,380,1,0.3975856510937288,0.2131578947368421,0.39758565109372873,0.21330957422958893,411.9999968,18.44277563568867
3540200,Pontal,SP,Sudeste,376,1,0.3975856510937288,0.3537234042553192,0.3975856510937288,0.3552795728232497,405.0000003,4.386224683840961
2606101,Glória do Goitá,PE,Nordeste,197,1,0.3975836285166897,0.3350253807106599,0.39758362851668977,0.33781094527363187,201.0,6.255824780602981
4202404,Blumenau,SC,Sul,2788,1,0.3974288113005363,0.3522238163558106,0.3978043391147579,0.35857464818898255,4108.74,4.520499494472569
4209102,Joinville,SC,Sul,5308,1,0.39727937552785597,0.30708364732479276,0.39734995621372715,0.31417961282383705,7736.53,9.01957282030632
3510203,Capão Bonito,SP,Sudeste,504,1,0.39696845534334435,0.25396825396825395,0.39696845534334435,0.253705430306042,543.9999969,14.30002013750904
3523206,Itararé,SP,Sudeste,486,1,0.39696845534334435,0.4670781893004115,0.39696845534334435,0.46833626490893165,518.0000023,-7.010973395706715
3503208,Araraquara,SP,Sudeste,1853,1,0.3969203893989153,0.33729087965461413,0.39742823242405084,0.340124060992664,2041.9000087,5.962950974430115
4303103,Cachoeirinha,RS,Sul,1162,1,0.39688010153682995,0.5895008605851979,0.39687726523797123,0.5938843864984975,1510.6042489,-19.262075904836795
3550308,São Paulo,SP,Sudeste,94373,1,0.39677827271576055,0.43407542411494815,0.39724721857386613,0.4389460853598716,107714.3298495,-3.72971513991876
2607208,Ipojuca,PE,Nordeste,1323,1,0.3967522662054085,0.35525321239606955,0.3967522662054085,0.35842919476398255,1386.55,4.149905380933894
3519303,Ibaté,SP,Sudeste,394,1,0.39662343710176007,0.30710659898477155,0.39662343710176,0.31216930501724793,430.9999998,8.951683811698851
3546603,Santa Fé do Sul,SP,Sudeste,338,1,0.39662343710176007,0.45857988165680474,0.39662343710176007,0.4597488768333784,354.9999994,-6.195644455504468
3513108,Cravinhos,SP,Sudeste,335,1,0.39662343710176007,0.41194029850746267,0.39662343710176007,0.4100367559567003,390.9999981,-1.5316861405702598
3544004,Rio das Pedras,SP,Sudeste,292,1,0.39662343710176007,0.410958904109589,0.39662343710176,0.41495728545680477,324.9999991,-1.433546700782895
3505203,Bariri,SP,Sudeste,259,1,0.39662343710176007,0.2702702702702703,0.3966234371017601,0.276997987459553,276.99999809999997,12.635316683148979
3505302,Barra Bonita,SP,Sudeste,210,1,0.39662343710176007,0.19047619047619047,0.39662343710176007,0.19988247526403416,228.0000017,20.61472466255696
4208203,Itajaí,SC,Sul,2165,1,0.39655710005095063,0.4415704387990762,0.39660014007502115,0.4501630456134837,3563.42,-4.501333874812557
5108907,Nova Maringá,MT,Centro-Oeste,102,1,0.39655240100483624,0.38235294117647056,0.39655240100483624,0.37612556794712926,121.05000000000001,1.419945982836568
4204608,Criciúma,SC,Sul,2022,1,0.39646435042355027,0.39564787339268054,0.39653871846914585,0.401808575250783,2519.11,0.08164770308697333
3550209,São Miguel Arcanjo,SP,Sudeste,315,1,0.3964421090126954,0.26031746031746034,0.3964421090126954,0.26218548172027334,331.0000021,13.612464869523505
3122306,Divinópolis,MG,Sudeste,1768,1,0.39640331931304706,0.2228506787330317,0.3969425114480664,0.2264344048290411,1915.08,17.355264058001538
4204202,Chapecó,SC,Sul,2707,1,0.39630417105950555,0.4078315478389361,0.39634689396018896,0.4152969040291586,3525.55,-1.1527376779430554
2610202,Panelas,PE,Nordeste,237,1,0.39626346294463766,0.05485232067510549,0.39626346294463766,0.054746358613761925,238.92000000000002,34.14111422695322
2611507,Quipapá,PE,Nordeste,221,1,0.39626346294463766,0.42081447963800905,0.39626346294463766,0.41894304588466347,224.04,-2.4551016693371395
5107925,Sorriso,MT,Centro-Oeste,1711,1,0.3960969248133157,0.18410286382232613,0.3960969248133157,0.18951977633418304,1945.76,21.199406099098958
3553708,Taquaritinga,SP,Sudeste,406,1,0.3958619074240196,0.26354679802955666,0.3958619074240196,0.27170658464804087,460.0000017,13.231510939446295
1200427,Rodrigues Alves,AC,Norte,143,1,0.39585772487472637,0.5874125874125874,0.39585772487472637,0.6109876151159098,188.94,-19.1554862537861
1200351,Marechal Thaumaturgo,AC,Norte,136,1,0.39585772487472637,0.375,0.3958577248747263,0.3717726991970352,161.9,2.085772487472637
4209300,Lages,SC,Sul,1478,1,0.3958338442733492,0.4769959404600812,0.3958561306402951,0.4769895570759813,2082.75,-8.116209618673198
4202909,Brusque,SC,Sul,1305,1,0.3958235580866319,0.33793103448275863,0.39583877530443934,0.3409773951870854,1863.32,5.789252360387326
3505906,Batatais,SP,Sudeste,475,1,0.3957629019152467,0.4105263157894737,0.3958209303264611,0.41049942118811883,505.0,-1.4763413874226972
4309209,Gravataí,RS,Sul,2356,1,0.3957358500587453,0.5933786078098472,0.3957192504729518,0.5944877653410028,3040.424789,-19.76427577511019
3538600,Piracaia,SP,Sudeste,277,1,0.39560270593828817,0.4259927797833935,0.39560270593828817,0.4254076052702738,305.9999995,-3.0390073845105334
4211900,Palhoça,SC,Sul,1796,1,0.3955976961097056,0.5144766146993318,0.39549382779030345,0.5264613454544331,3236.23,-11.887891858962623
3537800,Piedade,SP,Sudeste,622,1,0.39550131702175195,0.3665594855305466,0.39550131702175195,0.36745700126334296,659.000001,2.8941831491205328
3550407,São Pedro,SP,Sudeste,326,1,0.3953516526499439,0.4110429447852761,0.3953516526499439,0.4183813176788795,371.9999991,-1.5691292135332213
3510302,Capela do Alto,SP,Sudeste,284,1,0.39529323552637985,0.5246478873239436,0.3952932355263798,0.5235955936137462,307.9999986,-12.935465179756378
2102705,Cantanhede,MA,Nordeste,208,1,0.3951642610224786,0.2932692307692308,0.3951642610224786,0.2916497312920562,221.43,10.18950302532478
2108256,Pedro do Rosário,MA,Nordeste,189,1,0.3951642610224786,0.42328042328042326,0.3951642610224786,0.42099274640876116,210.93,-2.8116162257944666
4313409,Novo Hamburgo,RS,Sul,2045,1,0.3951024823165735,0.6264058679706601,0.395135821309657,0.62984051908819,2459.9999933999998,-23.13033856540866
3536703,Pederneiras,SP,Sudeste,400,1,0.3949966772443819,0.535,0.3949966772443819,0.5322791768891312,435.0000001,-14.00033227556181
3517406,Guaíra,SP,Sudeste,306,1,0.3949966772443819,0.46405228758169936,0.394996677244382,0.4650563832732219,322.0000004,-6.905561033731744
2603702,Canhotinho,PE,Nordeste,226,1,0.3946434891503811,0.34513274336283184,0.39464348915038105,0.34508014899761436,238.93,4.951074578754927
2605400,Feira Nova,PE,Nordeste,219,1,0.39464348915038105,0.1643835616438356,0.394643489150381,0.1672696413417303,223.89000000000001,23.025992750654545
3136207,João Monlevade,MG,Sudeste,652,1,0.3944593134084925,0.17024539877300612,0.3945531606495036,0.17250586274122,707.86,22.421391463548638
3516705,Garça,SP,Sudeste,303,1,0.3943961840266308,0.42244224422442245,0.39439618402663085,0.4273067535228622,327.9999987,-2.8046060197791656
3146107,Ouro Preto,MG,Sudeste,607,1,0.3941631732649214,0.25370675453047775,0.395117045780081,0.25752892343018635,679.38,14.045641873444364
2610806,Pedra,PE,Nordeste,174,1,0.3940278733124423,0.4540229885057471,0.39402787331244227,0.4513488269875282,182.01,-5.999511519330481
2607505,Itaíba,PE,Nordeste,205,1,0.39402787331244227,0.4146341463414634,0.39402787331244227,0.41397875306446186,208.03,-2.0606273029021125
3167202,Sete Lagoas,MG,Sudeste,1673,1,0.3939380487441983,0.28272564255827853,0.39480410576046693,0.28780729666114546,1835.3600000000001,11.121240618591976
3168606,Teófilo Otoni,MG,Sudeste,1190,1,0.3937790618708239,0.3310924369747899,0.3942027849051576,0.3403368693205582,1315.05,6.2686624896034
3513603,Cunha,SP,Sudeste,135,1,0.3937398717314572,0.4222222222222222,0.39373987173145725,0.4190833284532759,144.9999997,-2.8482350490765027
4208906,Jaraguá do Sul,SC,Sul,1670,1,0.3937247112544785,0.274251497005988,0.3937882522887428,0.2747194524545739,2302.64,11.94732142484905
3169356,Três Marias,MG,Sudeste,283,1,0.3936953158869917,0.16607773851590105,0.39347986720367095,0.16516925023726667,316.1,22.761757737109065
3540606,Porto Feliz,SP,Sudeste,519,1,0.39366200341244406,0.29865125240847784,0.393662003412444,0.29920295015816345,564.9999992,9.501075100396623
3502101,Andradina,SP,Sudeste,487,1,0.39366200341244406,0.3470225872689938,0.393662003412444,0.3452039493793107,515.9999989,4.663941614345024
3531308,Monte Alto,SP,Sudeste,304,1,0.39366200341244406,0.41118421052631576,0.39366200341244406,0.4099776389150092,329.0000017,-1.7522207113871702
3151206,Pirapora,MG,Sudeste,588,1,0.39360404675899074,0.2942176870748299,0.39374394292845616,0.3055776832549261,665.33,9.938635968416081
3508405,Cabreúva,SP,Sudeste,668,1,0.39358797218133457,0.35479041916167664,0.39358797218133457,0.35399011549333936,736.9999991,3.8797553019657927
3527306,Louveira,SP,Sudeste,624,1,0.39358797218133457,0.4198717948717949,0.39358797218133457,0.41754350389087824,718.9999933,-2.628382269046031
2608503,Lagoa de Itaenga,PE,Nordeste,165,1,0.3935787539730727,0.20606060606060606,0.39357875397307257,0.20581056140977555,167.97,18.751814791246662
2605004,Cupira,PE,Nordeste,292,1,0.3935787539730726,0.1095890410958904,0.3935787539730727,0.11043721674220208,300.08,28.398971287718222
2604502,Chã Grande,PE,Nordeste,245,1,0.3935787539730726,0.4163265306122449,0.3935787539730727,0.4148313027179007,256.08,-2.274777663917227
2600302,Agrestina,PE,Nordeste,230,1,0.3935787539730726,0.36086956521739133,0.3935787539730726,0.35917035255722074,232.87,3.2709188755681295
2611903,Rio Formoso,PE,Nordeste,209,1,0.3935787539730726,0.09090909090909091,0.39357875397307257,0.0909090909090909,209.99,30.266966306398167
2603108,Cachoeirinha,PE,Nordeste,179,1,0.3935787539730726,0.36312849162011174,0.3935787539730726,0.36403198607409015,183.83,3.045026235296089
2600203,Afrânio,PE,Nordeste,172,1,0.3935787539730726,0.4011627906976744,0.3935787539730726,0.40133356325803304,173.97,-0.7584036724601784
1200385,Plácido de Castro,AC,Norte,214,1,0.39356094201837477,0.6308411214953271,0.3918505090861599,0.6362132094071258,284.04,-23.728017947695236
2111102,São João dos Patos,MA,Nordeste,276,1,0.39354585169896084,0.44565217391304346,0.3935458516989608,0.4486362390350877,291.84000000000003,-5.210632221408263
2105500,João Lisboa,MA,Nordeste,245,1,0.39354585169896084,0.43673469387755104,0.3935458516989608,0.44169939307390216,280.1,-4.31888421785902
2110039,Santa Luzia do Paruá,MA,Nordeste,243,1,0.39354585169896084,0.13991769547325103,0.3935458516989608,0.14251477871864515,250.36,25.362815622570977
2112233,Trizidela do Vale,MA,Nordeste,236,1,0.39354585169896084,0.09322033898305085,0.3935458516989609,0.09127516778523491,245.85,30.032551271591
2103802,Dom Pedro,MA,Nordeste,170,1,0.39354585169896084,0.5588235294117647,0.3935458516989608,0.5606507260617971,183.18,-16.527767771280388
3525102,Jardinópolis,SP,Sudeste,402,1,0.3934837866726837,0.5422885572139303,0.3934837866726837,0.5458098130682564,473.0000015,-14.880477054124663
4212650,Pescaria Brava,SC,Sul,120,1,0.39344971432183373,0.5333333333333333,0.39344971432183373,0.5404847859721507,135.73,-13.98836190114996
3546306,Santa Cruz das Palmeiras,SP,Sudeste,278,1,0.39342129329485975,0.39928057553956836,0.3934212932948597,0.4031145656192007,319.0000024,-0.5859282244708608
3162401,São João da Ponte,MG,Sudeste,177,1,0.3932901394417312,0.3672316384180791,0.3932901394417312,0.3648386052034978,185.26,2.605850102365209
3506607,Biritiba-Mirim,SP,Sudeste,302,1,0.39328947197663,0.4768211920529801,0.39328947197663006,0.47809197968674827,363.0000012,-8.353172007635013
3552106,Socorro,SP,Sudeste,247,1,0.3932401298892945,0.38866396761133604,0.3937385408628236,0.39393896499401954,278.9999956,0.45761622779584843
1200179,Capixaba,AC,Norte,151,1,0.39323505829481364,0.6423841059602649,0.39323505829481364,0.6502715598192986,197.01,-24.91490476654512
3525201,Jarinu,SP,Sudeste,507,1,0.39301822037991385,0.5581854043392505,0.3930182203799138,0.5592719774053262,528.9999992,-16.516718395933662
3518305,Guararema,SP,Sudeste,385,1,0.39301822037991385,0.23116883116883116,0.3930182203799139,0.22987416947306422,419.0000017,16.18493892110827
2609006,Macaparana,PE,Nordeste,214,1,0.39296372087535847,0.17757009345794392,0.39296372087535847,0.18055618978035526,218.99,21.539362741741456
2603801,Capoeiras,PE,Nordeste,211,1,0.39296372087535847,0.3033175355450237,0.39296372087535847,0.3033591243630874,211.96,8.964618533033475
2613206,São João,PE,Nordeste,177,1,0.39296372087535847,0.4576271186440678,0.39296372087535847,0.4553902317606062,180.79,-6.466339776870933
2611705,Riacho das Almas,PE,Nordeste,154,1,0.39296372087535847,0.3181818181818182,0.39296372087535847,0.31898539584934665,156.12,7.478190269354029
2600906,Amaraji,PE,Nordeste,151,1,0.39296372087535847,0.4503311258278146,0.39296372087535847,0.4473947269773835,160.06,-5.736740495245613
2106706,Mirador,MA,Nordeste,216,1,0.39293083670200296,0.4305555555555556,0.3929308367020029,0.4415175195361734,238.02,-3.7624718853552617
3529401,Mauá,SP,Sudeste,3825,1,0.39279688790527634,0.26666666666666666,0.3929012937295818,0.26855635625120267,4043.0000122,12.613022123860967
3513702,Descalvado,SP,Sudeste,233,1,0.39276774138595855,0.19313304721030042,0.3927677413859586,0.193840802158756,251.0000003,19.96346941756581
3110608,Cambuí,MG,Sudeste,252,1,0.3927646887426923,0.17857142857142858,0.3927646887426923,0.18046869383940764,278.22,21.419326017126377
3106309,Belo Oriente,MG,Sudeste,250,1,0.3927646887426923,0.34,0.3927646887426923,0.34034023187777657,276.87,5.27646887426923
4208302,Itapema,SC,Sul,657,1,0.39261674270121405,0.2952815829528158,0.39261674270121405,0.31383746519533995,1267.79,9.733515974839824
2607000,Inajá,PE,Nordeste,266,1,0.3925941554599863,0.19924812030075187,0.3925941554599863,0.2029648609077599,273.2,19.334603515923448
2613305,São Joaquim do Monte,PE,Nordeste,233,1,0.3925941554599863,0.27896995708154504,0.3925941554599863,0.27870813397129185,234.08,11.36241983784413
2601052,Araçoiaba,PE,Nordeste,221,1,0.3925941554599863,0.46153846153846156,0.3925941554599863,0.46505421890884446,236.07999999999998,-6.894430607847523
2610400,Parnamirim,PE,Nordeste,175,1,0.3925941554599863,0.4057142857142857,0.3925941554599863,0.41087843350557524,183.85,-1.3120130254299367
2605608,Flores,PE,Nordeste,145,1,0.3925941554599863,0.31724137931034485,0.3925941554599863,0.31724845995893225,146.1,7.535277614964148
2600807,Altinho,PE,Nordeste,111,1,0.3925941554599863,0.3153153153153153,0.3925941554599863,0.31920429746516704,119.14,7.727884014467101
3131158,Ipaba,MG,Sudeste,190,1,0.3923920990377276,0.20526315789473684,0.3923920990377275,0.22300984241929728,196.09,18.712894114299075
3520400,Ilhabela,SP,Sudeste,410,1,0.3923331594845395,0.5658536585365853,0.3923331594845395,0.5672760664430891,475.9999996,-17.35204990520458
3162708,São João do Paraíso,MG,Sudeste,213,1,0.39222668978696595,0.1267605633802817,0.39222668978696595,0.12669838412412668,233.31,26.546612640668428
3134608,Jaboticatubas,MG,Sudeste,197,1,0.39222668978696595,0.2436548223350254,0.39222668978696595,0.24618793170858858,230.19,14.857186745194056
3131208,Ipanema,MG,Sudeste,179,1,0.39222668978696595,0.22905027932960895,0.39222668978696595,0.22314963797264684,198.88,16.3176410457357
3533908,Olímpia,SP,Sudeste,541,1,0.3920211548613435,0.2513863216266174,0.3920211548613435,0.2528027124450844,590.9999982,14.063483323472608
3542602,Registro,SP,Sudeste,514,1,0.3920211548613435,0.3560311284046693,0.39202115486134353,0.3618702664100211,564.0000004,3.5990026456674205
3550100,São Manuel,SP,Sudeste,414,1,0.3920211548613435,0.39371980676328505,0.3920211548613435,0.3947401226387229,442.9999979,-0.16986519019415725
3535507,Paraguaçu Paulista,SP,Sudeste,404,1,0.3920211548613435,0.42574257425742573,0.3920211548613434,0.4307421565469094,453.9999996,-3.372141939608225
3533502,Novo Horizonte,SP,Sudeste,357,1,0.3920211548613435,0.24649859943977592,0.3920211548613435,0.24337510053896266,376.0000004,14.552255542156756
3539509,Pitangueiras,SP,Sudeste,339,1,0.3920211548613435,0.3274336283185841,0.3920211548613435,0.3275994015061806,356.0000005,6.45875265427594
3524105,Ituverava,SP,Sudeste,285,1,0.3920211548613435,0.4982456140350877,0.39202115486134353,0.5005874237190785,311.9999994,-10.622445917374424
3140704,Mateus Leme,MG,Sudeste,415,1,0.3920112012123325,0.2433734939759036,0.3920112012123325,0.2474123823085588,470.51,14.863770723642892
3147907,Passos,MG,Sudeste,1081,1,0.3919515226708755,0.1711378353376503,0.39219001939946685,0.17119359100012785,1173.35,22.08136873332252
2106300,Magalhães de Almeida,MA,Nordeste,144,1,0.39169917792977105,0.18055555555555555,0.3916991779297711,0.17963989867871571,146.07,21.11436223742155
2107605,Palmeirândia,MA,Nordeste,119,1,0.39169917792977105,0.29411764705882354,0.39169917792977105,0.29902294932969775,132.03,9.758153087094751
2100204,Alcântara,MA,Nordeste,110,1,0.39169917792977105,0.2909090909090909,0.39169917792977105,0.2902485032395637,121.93,10.079008702068016
2111706,São Vicente Ferrer,MA,Nordeste,108,1,0.39169917792977105,0.2222222222222222,0.39169917792977105,0.23171171171171173,111.0,16.947695570754885
2609204,Maraial,PE,Nordeste,105,1,0.3916630804415056,0.41904761904761906,0.39166308044150555,0.4153112731351654,106.98,-2.738453860611345
2108108,Paulo Ramos,MA,Nordeste,211,1,0.3914985316442339,0.0947867298578199,0.39149853164423387,0.0942951438000943,212.1,29.671180178641404
2106326,Maracaçumé,MA,Nordeste,315,1,0.39149853164423387,0.5841269841269842,0.39149853164423387,0.5833551350251447,344.01,-19.262845248275028
2102903,Carutapera,MA,Nordeste,288,1,0.39149853164423387,0.3784722222222222,0.39149853164423387,0.38771541407371946,334.24,1.3026309422011662
2104677,Governador Nunes Freire,MA,Nordeste,281,1,0.39149853164423387,0.3914590747330961,0.39149853164423387,0.3907517660486782,324.17,0.003945691113776961
2107704,Paraibano,MA,Nordeste,261,1,0.39149853164423387,0.25287356321839083,0.3914985316442338,0.2533175437985441,287.11,13.862496842584305
2102309,Buriti Bravo,MA,Nordeste,245,1,0.39149853164423387,0.42857142857142855,0.39149853164423387,0.42810662485299883,255.1,-3.707289692719468
2102606,Cândido Mendes,MA,Nordeste,231,1,0.39149853164423387,0.5064935064935064,0.39149853164423387,0.5045554243293403,237.08,-11.499497484927257
2108702,Pio XII,MA,Nordeste,219,1,0.39149853164423387,0.3607305936073059,0.39149853164423387,0.36376512484318724,247.11,3.0767938036927953
2108454,Peritoró,MA,Nordeste,206,1,0.39149853164423387,0.30097087378640774,0.3914985316442339,0.29470036870863137,225.10999999999999,9.052765785782613
2106508,Matinha,MA,Nordeste,186,1,0.39149853164423387,0.532258064516129,0.3914985316442339,0.5334289666478815,195.19,-14.075953287189513
2110104,Santa Quitéria do Maranhão,MA,Nordeste,189,1,0.3914985316442338,0.20105820105820105,0.39149853164423387,0.19819225105367388,196.93,19.044033058603276
2110302,Santo Antônio dos Lopes,MA,Nordeste,115,1,0.39132212439514424,0.26956521739130435,0.39132212439514424,0.2743736045646242,120.92999999999999,12.17569070038399
3136652,Juatuba,MG,Sudeste,354,1,0.39127561799845595,0.3135593220338983,0.39127561799845595,0.3146495843819111,393.39,7.771629596455765
4201406,Araranguá,SC,Sul,634,1,0.39102757460056264,0.38801261829652994,0.39101192180739364,0.38803620188496435,908.24,0.3014956304032701
4218707,Tubarão,SC,Sul,864,1,0.39100301882980276,0.3912037037037037,0.39102512452539384,0.39517467514067117,1235.15,-0.020068487390095813
2107357,Nova Olinda do Maranhão,MA,Nordeste,164,1,0.39088465392213806,0.36585365853658536,0.390884653922138,0.37790664293506343,174.17000000000002,2.5030995385552703
2112456,Turilândia,MA,Nordeste,241,1,0.390884653922138,0.4979253112033195,0.390884653922138,0.503260633287443,276.02,-10.70406572811815
2103174,Centro Novo do Maranhão,MA,Nordeste,178,1,0.390884653922138,0.6292134831460674,0.390884653922138,0.6313422570234379,189.01,-23.83288292239294
3115300,Cataguases,MG,Sudeste,417,1,0.39077570108556153,0.35251798561151076,0.3920766321544849,0.35931323860296355,493.33,3.825771547405077
3555000,Tupã,SP,Sudeste,536,1,0.39075440452254556,0.44776119402985076,0.3910632382052138,0.4495871645542826,571.0000012,-5.70067895073052
3515103,Embu-Guaçu,SP,Sudeste,756,1,0.39075262701017627,0.4246031746031746,0.3912050808300992,0.42624429442982065,831.9999975,-3.3850547592998326
3147105,Pará de Minas,MG,Sudeste,854,1,0.39072099732065146,0.234192037470726,0.39131654022691953,0.2370769507637911,944.63,15.652895984992545
3168705,Timóteo,MG,Sudeste,655,1,0.3906585861511943,0.20763358778625954,0.39065647548376836,0.2128624336389112,710.13,18.302499836493478
3529302,Matão,SP,Sudeste,673,1,0.39062120552908663,0.28083209509658247,0.39106606314475784,0.2827838039540204,724.0000019,10.978911043250417
2608750,Lagoa Grande,PE,Nordeste,344,1,0.39062065478498875,0.3226744186046512,0.3906206547849887,0.324644280022766,351.40000000000003,6.794623618033757
3124302,Espinosa,MG,Sudeste,300,1,0.39060937278746904,0.27666666666666667,0.39069078841489785,0.2771451483560545,311.75,11.394270612080238
2611002,Petrolândia,PE,Nordeste,412,1,0.39060433055724364,0.33737864077669905,0.3906043305572437,0.33809644728641014,433.19,5.322568978054459
3305406,Sapucaia,RJ,Sudeste,198,1,0.39050152720876274,0.3282828282828283,0.3905015272087628,0.34631668077900085,236.2,6.221869892593446
3145901,Ouro Branco,MG,Sudeste,387,1,0.3903996897063371,0.18604651162790697,0.3903996897063371,0.18667500180327473,415.91,20.435317807843013
3304151,Quissamã,RJ,Sudeste,262,1,0.39019883667156274,0.29389312977099236,0.39019883667156274,0.2991617342186702,332.83,9.630570690057038
3304110,Porto Real,RJ,Sudeste,225,1,0.39019883667156274,0.3688888888888889,0.39019883667156274,0.36703162552931756,262.13,2.130994778267387
4202305,Biguaçu,SC,Sul,581,1,0.3901446661427679,0.540447504302926,0.39015381962658474,0.5471937909289353,1030.75,-15.03028381601581
2107209,Nina Rodrigues,MA,Nordeste,128,1,0.39006948214776527,0.53125,0.39006948214776527,0.5316013688106712,143.19,-14.118051785223473
3526407,Laranjal Paulista,SP,Sudeste,271,1,0.3900479932511882,0.4022140221402214,0.3900479932511882,0.4063010081734261,294.0000027,-1.2166028889033176
3539202,Pirapozinho,SP,Sudeste,230,1,0.3900479932511882,0.30434782608695654,0.3900479932511882,0.3056145133316086,263.9999983,8.570016716423169
4214805,Rio do Sul,SC,Sul,472,1,0.3899648627035015,0.4894067796610169,0.38997167605697053,0.4952628340966573,731.45,-9.944191695751542
4205902,Gaspar,SC,Sul,624,1,0.38990787099689284,0.32211538461538464,0.38991395128517253,0.34850148753069904,1001.66,6.77924863815082
4207502,Indaial,SC,Sul,884,1,0.38986472638012515,0.33031674208144796,0.389879224223316,0.33298830536790874,1101.3600000000001,5.9547984298677195
3148103,Patrocínio,MG,Sudeste,990,1,0.38984715218764404,0.2787878787878788,0.3893370382537971,0.28330283452216454,1071.08,11.105927339976523
4215802,São Bento do Sul,SC,Sul,793,1,0.38984165825150996,0.201765447667087,0.38983873628637983,0.2078893442622951,1073.6,18.807621058442294
2104305,Godofredo Viana,MA,Nordeste,158,1,0.3898415903306416,0.12025316455696203,0.38984159033064153,0.11589203582667633,165.24,26.95884257736796
3157203,Santa Bárbara,MG,Sudeste,311,1,0.38979514720728037,0.33440514469453375,0.38979514720728037,0.3344748858447489,341.64,5.539000251274661
3139409,Manhuaçu,MG,Sudeste,966,1,0.38979457330717965,0.2360248447204969,0.3901447276457227,0.2408353151855677,1055.41,15.376972858668275
4211306,Navegantes,SC,Sul,821,1,0.3896994315941597,0.4713763702801462,0.3896925677029788,0.46769871273388525,1671.76,-8.167693868598647
3531902,Morro Agudo,SP,Sudeste,279,1,0.38918527480478826,0.5519713261648745,0.38918527480478826,0.5469690991877971,318.999997,-16.27860513600863
3518206,Guararapes,SP,Sudeste,241,1,0.38918527480478826,0.27800829875518673,0.38918527480478826,0.28092492693961474,253.0000003,11.117697604960153
3130101,Igarapé,MG,Sudeste,532,1,0.38916787639147976,0.26127819548872183,0.38916787639147976,0.2616702711695225,601.1,12.788968090275793
3107109,Boa Esperança,MG,Sudeste,447,1,0.38916787639147976,0.2505592841163311,0.38916787639147976,0.2550875331564987,471.25,13.860859227514865
3102605,Andradas,MG,Sudeste,320,1,0.38916787639147976,0.246875,0.38916787639147976,0.2497912375438401,359.26,14.229287639147975
3170800,Várzea da Palma,MG,Sudeste,302,1,0.38916787639147976,0.2913907284768212,0.38916787639147976,0.2966457023060797,324.36,9.777714791465858
3162922,São Joaquim de Bicas,MG,Sudeste,427,1,0.389054943214463,0.1756440281030445,0.38905494321446304,0.17868722089680064,490.40999999999997,21.341091511141848
3514106,Dois Córregos,SP,Sudeste,249,1,0.38878370751756475,0.42570281124497994,0.3887837075175648,0.4258970426270984,266.9999984,-3.6919103727415195
3520442,Ilha Solteira,SP,Sudeste,209,1,0.38878370751756475,0.19617224880382775,0.38878370751756475,0.19244965509437933,240.000003,19.2611458713737
3547502,Santa Rita do Passa Quatro,SP,Sudeste,158,1,0.38878370751756475,0.31645569620253167,0.3887837075175647,0.3202890730175081,172.9999999,7.232801131503308
4307708,Esteio,RS,Sul,635,1,0.38835281738271615,0.5338582677165354,0.38834548724774437,0.5331536642178981,823.9333342,-14.550545033381928
3159605,Santa Rita do Sapucaí,MG,Sudeste,372,1,0.3882848728692888,0.21236559139784947,0.3890422361512487,0.22069014959613822,418.46,17.591928147143935
3521408,Iracemápolis,SP,Sudeste,237,1,0.38823725757817995,0.37130801687763715,0.3882372575781799,0.37736969811305865,256.0000034,1.6929240700542803
3540002,Pompéia,SP,Sudeste,170,1,0.38823725757817995,0.3941176470588235,0.38823725757818,0.3967711294794918,189.00000359999999,-0.5880389480643566
3501301,Álvares Machado,SP,Sudeste,247,1,0.3881859522122051,0.27530364372469635,0.3881859522122051,0.27813211637830204,267.9999986,11.288230848750874
3527405,Lucélia,SP,Sudeste,152,1,0.3881859522122051,0.3157894736842105,0.3881859522122051,0.31743156075511475,156.00000070000002,7.239647852799457
3125101,Extrema,MG,Sudeste,725,1,0.3881800504788371,0.30758620689655175,0.3881800504788371,0.3067448192226753,841.09,8.059384358228533
3509403,Cajuru,SP,Sudeste,218,1,0.3881713711609579,0.44954128440366975,0.38817137116095785,0.4500703926926211,246.9999989,-6.136991324271185
3529203,Martinópolis,SP,Sudeste,193,1,0.3881713711609579,0.36787564766839376,0.38817137116095785,0.3643821383682528,204.00000020000002,2.0295723492564144
3530102,Mirandópolis,SP,Sudeste,162,1,0.3881713711609579,0.46296296296296297,0.3881713711609579,0.4587187404066554,184.9999994,-7.479159180200506
3530508,Mococa,SP,Sudeste,507,1,0.38807186025618035,0.29191321499013806,0.3886587313042092,0.29581517274401475,543.0,9.615864526604229
3128006,Guanhães,MG,Sudeste,306,1,0.3880541204411675,0.2679738562091503,0.3883539730012938,0.27347596455106976,335.13,12.008026423201718
3527108,Lins,SP,Sudeste,631,1,0.3879556626474244,0.18541996830427893,0.3880998729330377,0.18943984259573948,675.9999995000001,20.25356943431455
3141108,Matozinhos,MG,Sudeste,382,1,0.3879381400332853,0.36910994764397903,0.3884678081872808,0.37030284374778016,422.33,1.8828192389306275
3130903,Inhapim,MG,Sudeste,151,1,0.3878899176748435,0.152317880794702,0.3878899176748435,0.1518504626156539,159.96,23.557203688014148
3541604,Promissão,SP,Sudeste,273,1,0.387868584392389,0.2673992673992674,0.3882119488433819,0.26492426400960467,294.9999978,12.046931699312163
3547601,Santa Rosa de Viterbo,SP,Sudeste,199,1,0.3878425002778656,0.24623115577889448,0.38784250027786554,0.24681974372490084,211.0000003,14.161134449897112
1200013,Acrelândia,AC,Norte,180,1,0.38780324970385727,0.4111111111111111,0.38780324970385727,0.40302589964954266,233.98000000000002,-2.3307861407253827
3103405,Araçuaí,MG,Sudeste,277,1,0.3876420460638974,0.36462093862815886,0.38776385772942734,0.37046614494726093,293.90000000000003,2.302110743573854
2603504,Camocim de São Félix,PE,Nordeste,169,1,0.3876409738508835,0.3136094674556213,0.3876409738508834,0.3149126838235294,174.08,7.403150639526218
3131901,Itabirito,MG,Sudeste,679,1,0.38735807799455585,0.1958762886597938,0.3873737272368275,0.1950483009277604,731.87,19.148178933476203
3112505,Capim Branco,MG,Sudeste,110,1,0.38733290214671046,0.21818181818181817,0.38733290214671046,0.22081403850840847,123.09,16.915108396489227
4203006,Caçador,SC,Sul,754,1,0.3871969501564577,0.33819628647214856,0.38720055736890885,0.34264318010550116,1061.6,4.900066368430917
3512209,Conchal,SP,Sudeste,337,1,0.3870736050128991,0.44510385756676557,0.38707360501289906,0.4445590776583116,375.0000031,-5.803025255386646
3146305,Padre Paraíso,MG,Sudeste,190,1,0.38704781944734373,0.4263157894736842,0.3875673084974434,0.42617398776727494,197.83,-3.9267970026340473
3151503,Piumhi,MG,Sudeste,309,1,0.38695079512779185,0.2621359223300971,0.3869507951277919,0.26536896824499945,353.96,12.481487279769476
3507100,Bom Jesus dos Perdões,SP,Sudeste,292,1,0.38691081704920616,0.4623287671232877,0.3869108170492061,0.4608356334158775,320.0000011,-7.541795007408153
1200336,Mâncio Lima,AC,Norte,215,1,0.38676376958936065,0.6139534883720931,0.38676376958936065,0.6193737016234516,259.94,-22.71897187827324
3522406,Itapeva,SP,Sudeste,980,1,0.38648864556275486,0.4357142857142857,0.38648864556275486,0.4380417457952473,1115.9999977,-4.922564015153085
5102686,Campos de Júlio,MT,Centro-Oeste,161,1,0.3864668820262086,0.3416149068322981,0.3864668820262086,0.3423585404547858,189.1,4.485197519391049
5104526,Ipiranga do Norte,MT,Centro-Oeste,149,1,0.3864668820262086,0.40268456375838924,0.38646688202620855,0.40523653674501636,168.05,-1.6217681732180633
5107354,São José do Xingu,MT,Centro-Oeste,109,1,0.3864668820262086,0.6513761467889908,0.38646688202620855,0.6475328063847747,130.31,-26.49092647627822
5103858,Gaúcha do Norte,MT,Centro-Oeste,100,1,0.3864668820262086,0.4,0.3864668820262086,0.40409879138202837,114.18,-1.353311797379142
3538808,Piraju,SP,Sudeste,281,1,0.38638747909711846,0.2846975088967972,0.3863874790971185,0.28644463633087075,298.0000027,10.168997020032128
3131802,Itabirinha,MG,Sudeste,102,1,0.38627530507248425,0.16666666666666666,0.3862753050724842,0.16554147785073522,108.13,21.96086384058176
3147006,Paracatu,MG,Sudeste,951,1,0.38623394040295794,0.30809674027339645,0.3864459453675631,0.31846408021420836,1053.18,7.813720012956149
3509254,Cajati,SP,Sudeste,385,1,0.38621530365467127,0.42597402597402595,0.38621530365467127,0.4248490275687214,405.0000022,-3.975872231935468
3520103,Igarapava,SP,Sudeste,209,1,0.38621530365467127,0.44019138755980863,0.38621530365467127,0.44402322546795403,235.9999984,-5.397608390513736
1200807,Porto Acre,AC,Norte,236,1,0.38615260470100066,0.6016949152542372,0.38615260470100066,0.6031288343558282,326.0,-21.55423105532366
3537909,Pilar do Sul,SP,Sudeste,316,1,0.38561965130958054,0.3670886075949367,0.3856196513095806,0.36669870118454817,334.9999951,1.8531043714643813
3134202,Ituiutaba,MG,Sudeste,894,1,0.3855779435020766,0.36129753914988816,0.3851139345663876,0.3629329977849648,961.61,2.4280404352188425
3545001,Salesópolis,SP,Sudeste,198,1,0.3853073401396924,0.3484848484848485,0.38530734013969237,0.3448443176194406,218.9999978,3.682249165484391
3540903,Pradópolis,SP,Sudeste,191,1,0.3852802277594708,0.3717277486910995,0.3852802277594708,0.37465363050896894,202.0000009,1.3552479068371315
3146008,Ouro Fino,MG,Sudeste,230,1,0.3851970693223449,0.14347826086956522,0.3852121876482538,0.14537617554858934,255.20000000000002,24.171880845277965
3500303,Aguaí,SP,Sudeste,355,1,0.38519337781448176,0.38309859154929576,0.3850587407673176,0.3877734826404713,407.0000012,0.20947862651859994
3532827,Nova Campina,SP,Sudeste,109,1,0.38514004103126415,0.3853211009174312,0.3851400410312641,0.3844899852974515,113.0000012,-0.01810598861670676
3503604,Areiópolis,SP,Sudeste,131,1,0.3851400410312641,0.25190839694656486,0.38514004103126415,0.2498242601140415,136.0000029,13.323164408469923
1200344,Manoel Urbano,AC,Norte,189,1,0.38514004103126404,0.5661375661375662,0.3851400410312641,0.575191355245385,222.1,-18.099752510630214
3546405,Santa Cruz do Rio Pardo,SP,Sudeste,388,1,0.3849477215153816,0.29381443298969073,0.3850985385935723,0.29271673667403847,413.9999963,9.113328852569087
5108006,Tapurah,MT,Centro-Oeste,224,1,0.3846257240915153,0.3125,0.3846257240915153,0.3120581619537275,248.96,7.21257240915153
1200708,Xapuri,AC,Norte,205,1,0.384607820694745,0.47804878048780486,0.38345604305314185,0.47668331185567014,248.32,-9.344095979305989
4303905,Campo Bom,RS,Sul,607,1,0.38453479651737005,0.5354200988467874,0.38453451190168997,0.5407175192000979,693.8888826,-15.088530232941737
2608404,Jurema,PE,Nordeste,155,1,0.38450183396562143,0.3935483870967742,0.38450183396562143,0.39363653615029415,158.09,-0.9046553131152768
2601508,Belém de Maria,PE,Nordeste,123,1,0.38450183396562143,0.2032520325203252,0.38450183396562143,0.2032520325203252,123.0,18.124980144529623
2608701,Lagoa dos Gatos,PE,Nordeste,103,1,0.38450183396562143,0.13592233009708737,0.38450183396562143,0.13653846153846153,104.0,24.857950386853407
3162104,São Gotardo,MG,Sudeste,528,1,0.3844298142824618,0.24621212121212122,0.38459635963208155,0.24688370851202296,599.27,13.82176930703406
3542206,Rancharia,SP,Sudeste,346,1,0.3842813647542841,0.40173410404624277,0.3842813647542841,0.39977968994516794,375.9999972,-1.7452739291958674
3110509,Camanducaia,MG,Sudeste,289,1,0.3842573734213165,0.40484429065743943,0.3842573734213165,0.41444225906153415,355.9,-2.0586917236122937
3134905,Jacutinga,MG,Sudeste,244,1,0.3842573734213165,0.20491803278688525,0.3842573734213165,0.20856969567233935,280.29,17.933934063443125
3137205,Lagoa da Prata,MG,Sudeste,506,1,0.3842378613228042,0.17588932806324112,0.3840721041197472,0.17591396214942617,526.28,20.834853325956306
2607752,Itapissuma,PE,Nordeste,274,1,0.3840651570371576,0.17153284671532848,0.3840651570371576,0.17060936999750986,281.11,21.253231032182914
3109402,Buritizeiro,MG,Sudeste,268,1,0.3840100561269837,0.373134328358209,0.38401005612698375,0.37376735933394756,293.07,1.0875727768774712
3169406,Três Pontas,MG,Sudeste,540,1,0.38400113901066824,0.17962962962962964,0.3836714695797359,0.18337076304381889,574.41,20.43715093810386
3101607,Alfenas,MG,Sudeste,653,1,0.3839364444147455,0.26952526799387444,0.38432358699411046,0.2657582838320994,710.42,11.441117642087107
3162955,São José da Lapa,MG,Sudeste,328,1,0.3838480924197283,0.24695121951219512,0.3838480924197283,0.24906578604327803,345.21,13.689687290753316
3147303,Paraisópolis,MG,Sudeste,186,1,0.3838480924197283,0.1881720430107527,0.3838480924197283,0.1831542114471382,200.05,19.56760494089756
3105905,Barroso,MG,Sudeste,154,1,0.3838480924197283,0.16883116883116883,0.3838480924197283,0.16775234566425626,167.33,21.501692358855944
5217609,Planaltina,GO,Centro-Oeste,1543,1,0.3838038316008683,0.2475696694750486,0.3838038316008683,0.2489037426817417,1687.56,13.623416212581969
4216305,São João Batista,SC,Sul,277,1,0.38373028141033266,0.30324909747292417,0.3837266445686709,0.3140921687365288,487.15,8.04811839374085
3505807,Bastos,SP,Sudeste,221,1,0.3836065890504504,0.5294117647058824,0.3836065890504504,0.5311326041581375,236.0000006,-14.580517565543193
3556305,Valparaíso,SP,Sudeste,269,1,0.3832640259897513,0.2936802973977695,0.3832640259897513,0.2956076756894076,283.0000023,8.958372859198176
3522703,Itápolis,SP,Sudeste,325,1,0.38324864845411055,0.24,0.38298754607079344,0.23831052556937027,340.9999995,14.324864845411057
2609303,Mirandiba,PE,Nordeste,166,1,0.3828994481523864,0.42168674698795183,0.3828994481523864,0.4215750371471026,168.25,-3.878729883556542
2612307,Saloá,PE,Nordeste,164,1,0.3828994481523864,0.21341463414634146,0.3828994481523864,0.21341463414634146,164.0,16.948481400604496
2616506,Xexéu,PE,Nordeste,160,1,0.3828994481523864,0.1875,0.3828994481523864,0.18673582808447575,161.94,19.53994481523864
2615706,Triunfo,PE,Nordeste,134,1,0.3828994481523864,0.19402985074626866,0.3828994481523864,0.19378059314713508,138.92,18.886959740611776
2602704,Buenos Aires,PE,Nordeste,124,1,0.3828994481523864,0.14516129032258066,0.3828994481523864,0.14468629961587706,124.96000000000001,23.773815782980577
2612471,Santa Cruz da Baixa Verde,PE,Nordeste,124,1,0.3828994481523864,0.12903225806451613,0.38289944815238636,0.12908600444303395,126.04,25.38671900878703
2615508,Tracunhaém,PE,Nordeste,123,1,0.3828994481523864,0.2682926829268293,0.3828994481523864,0.2669899176479643,129.93,11.460676522555712
2608057,Jatobá,PE,Nordeste,110,1,0.3828994481523864,0.3181818181818182,0.3828994481523864,0.3194257891202149,119.12,6.471762997056824
2110658,São Domingos do Azeitão,MA,Nordeste,116,1,0.38286437729457135,0.6293103448275862,0.38286437729457135,0.6317316994517898,124.04,-24.644596753301485
2110401,São Benedito do Rio Preto,MA,Nordeste,183,1,0.38266345943295343,0.6174863387978142,0.38266345943295343,0.6170962767129324,226.95,-23.48228793648608
2108058,Paulino Neves,MA,Nordeste,179,1,0.38266345943295343,0.3128491620111732,0.38266345943295343,0.31118026228050677,179.96,6.981429742178024
2101301,Bacuri,MA,Nordeste,177,1,0.38266345943295343,0.423728813559322,0.38266345943295343,0.4244550770866561,188.1,-4.106535412636858
2105351,Itaipava do Grajaú,MA,Nordeste,162,1,0.38266345943295343,0.2716049382716049,0.38266345943295343,0.27004602713178294,165.12,11.105852116134852
2111078,São João do Soter,MA,Nordeste,161,1,0.38266345943295343,0.4658385093167702,0.38266345943295343,0.46571704490584254,165.68,-8.317504988381675
2100873,Araguanã,MA,Nordeste,145,1,0.38266345943295343,0.08275862068965517,0.38266345943295343,0.08402974271237744,151.97,29.990483874329826
2110278,Santo Amaro do Maranhão,MA,Nordeste,124,1,0.38266345943295343,0.5967741935483871,0.3826634594329535,0.6015952980688498,142.92,-21.41107341154337
2100154,Água Doce do Maranhão,MA,Nordeste,119,1,0.38266345943295343,0.3445378151260504,0.38266345943295343,0.3626152073732719,138.88,3.8125644306903017
2108801,Pirapemas,MA,Nordeste,103,1,0.38266345943295343,0.5825242718446602,0.3826634594329534,0.5763883670248741,133.07,-19.986081241170673
3521804,Itaí,SP,Sudeste,282,1,0.3826549405351889,0.5283687943262412,0.3826549405351889,0.5328763153639577,306.000003,-14.571385379105228
3510807,Casa Branca,SP,Sudeste,217,1,0.38265494053518884,0.3778801843317972,0.3826549405351889,0.3802484162203951,244.0000009,0.4774756203391628
3162906,São João Nepomuceno,MG,Sudeste,205,1,0.3824780823172851,0.3024390243902439,0.3824780823172851,0.30182335445493336,231.99,8.003905792704119
5201702,Aragarças,GO,Centro-Oeste,223,1,0.3824125078615741,0.27802690582959644,0.3824125078615741,0.2784342994568147,241.17000000000002,10.438560203197767
2600609,Alagoinha,PE,Nordeste,171,1,0.3822905829462704,0.4619883040935672,0.3822905829462704,0.4611964430072757,173.18,-7.969772114729684
2604700,Correntes,PE,Nordeste,130,1,0.3822905829462704,0.27692307692307694,0.3822905829462704,0.2801743574327371,133.06,10.536750602319344
4314050,Parobé,RS,Sul,628,1,0.38228646452762577,0.6210191082802548,0.38228668644447944,0.6185748217347569,687.8564092,-23.8732643752629
3145307,Novo Cruzeiro,MG,Sudeste,289,1,0.3822513315268078,0.22145328719723184,0.38216549503915637,0.22117214674804753,304.74,16.079804432957594
3162500,São João del Rei,MG,Sudeste,708,1,0.3821904182965614,0.22598870056497175,0.38230327022147365,0.22718398259889672,763.17,15.620171773158967
3551900,Severínia,SP,Sudeste,161,1,0.3820057521440986,0.391304347826087,0.38200575214409865,0.3834581339348385,180.0000005,-0.9298595681988375
3508009,Buri,SP,Sudeste,278,1,0.3819812489824944,0.3669064748201439,0.3819812489824944,0.3675856664771336,294.0000026,1.5074774162350535
3118403,Conselheiro Pena,MG,Sudeste,208,1,0.3818720284372079,0.4375,0.38063222608333547,0.45305997283918165,228.27,-5.562797156279209
2604403,Chã de Alegria,PE,Nordeste,128,1,0.38184641174372724,0.3671875,0.38184641174372724,0.3671875,128.0,1.4658911743727243
2616001,Venturosa,PE,Nordeste,109,1,0.38184641174372724,0.4036697247706422,0.38184641174372724,0.4071422257579776,113.13,-2.182331302691498
5212709,Mambaí,GO,Centro-Oeste,126,1,0.38177393454641784,0.31746031746031744,0.3817739345464178,0.31762745246572227,132.01000000000002,6.431361708610039
3520301,Iguape,SP,Sudeste,290,1,0.3816969336021795,0.3793103448275862,0.3818027501210302,0.37885975665541327,310.9999981,0.23865887745933012
1200450,Senador Guiomard,AC,Norte,280,1,0.3815187266225984,0.5142857142857142,0.38231510459861123,0.5214250628449247,346.09,-13.276698766311585
3502200,Angatuba,SP,Sudeste,232,1,0.381465087720153,0.3922413793103448,0.381465087720153,0.4029025851193372,262.9999978,-1.0776291590191833
3548005,Santo Antônio de Posse,SP,Sudeste,213,1,0.381465087720153,0.38497652582159625,0.381465087720153,0.37933664285508895,235.9999997,-0.3511438101443276
3523503,Itatinga,SP,Sudeste,210,1,0.38141411932788727,0.45714285714285713,0.3814141193278873,0.4582102101945517,224.000002,-7.572873781496986
3553302,Tambaú,SP,Sudeste,189,1,0.38141411932788727,0.3968253968253968,0.38141411932788727,0.40258075422243594,201.0000005,-1.5411277497509535
3515152,Engenheiro Coelho,SP,Sudeste,181,1,0.38141411932788727,0.5193370165745856,0.3814141193278873,0.5213712271826962,213.9999992,-13.792289724669837
3517703,Guará,SP,Sudeste,180,1,0.38141411932788727,0.2222222222222222,0.38141411932788727,0.23729394592618674,196.9999998,15.919189710566506
3518503,Guareí,SP,Sudeste,151,1,0.3812900306253256,0.31788079470198677,0.38129003062532557,0.3147807428069909,163.9999993,6.340923592333886
2608305,Jupi,PE,Nordeste,234,1,0.38123818654136055,0.31196581196581197,0.38123818654136055,0.3139700940860215,238.07999999999998,6.927237457554858
2608453,Lagoa do Carro,PE,Nordeste,139,1,0.38123818654136055,0.4028776978417266,0.3812381865413606,0.4020969113063191,141.16,-2.1639511300366063
2613800,São Vicente Ferrer,PE,Nordeste,136,1,0.38123818654136055,0.5735294117647058,0.38123818654136055,0.573797208247715,141.13,-19.229122522334528
2609105,Machados,PE,Nordeste,123,1,0.38123818654136055,0.032520325203252036,0.38123818654136055,0.03248351997458502,125.91,34.87178613381085
2609808,Orocó,PE,Nordeste,116,1,0.38123818654136055,0.49137931034482757,0.38123818654136055,0.49137931034482757,116.0,-11.014112380346702
2601300,Barra de Guabiraba,PE,Nordeste,104,1,0.38123818654136055,0.1346153846153846,0.38123818654136055,0.1346153846153846,104.0,24.662280192597592
2614006,Serrita,PE,Nordeste,201,1,0.38109548966627066,0.39800995024875624,0.3810954896662706,0.40295547896699874,211.81,-1.691446058248558
3108602,Brasília de Minas,MG,Sudeste,283,1,0.38109157592121135,0.2332155477031802,0.38124657442089566,0.2370557875012328,304.19,14.787602821803114
2103752,Davinópolis,MA,Nordeste,153,1,0.3810639916972599,0.3006535947712418,0.3810639916972599,0.30184907546226886,160.08,8.041039692601808
2101509,Barão de Grajaú,MA,Nordeste,120,1,0.3810639916972599,0.475,0.3810639916972599,0.48428961748633886,131.76,-9.393600830274007
3152204,Porteirinha,MG,Sudeste,334,1,0.38093797781947336,0.27844311377245506,0.380904702383491,0.2823025107164728,342.93,10.24948640470183
3502754,Araçariguama,SP,Sudeste,226,1,0.38093755487827896,0.4557522123893805,0.38093755487827896,0.45955048228703166,251.0000001,-7.481465751110155
2612455,Santa Cruz,PE,Nordeste,154,1,0.38087272958985796,0.3116883116883117,0.38087272958985796,0.30916314874596473,161.08,6.918441790154628
2608008,Jataúba,PE,Nordeste,131,1,0.38087272958985796,0.6412213740458015,0.38087272958985796,0.6283697047496791,140.22,-26.03486444559435
2607703,Itapetim,PE,Nordeste,120,1,0.38087272958985796,0.10833333333333334,0.38087272958985796,0.1087962962962963,120.96000000000001,27.253939625652464
3134707,Jacinto,MG,Sudeste,109,1,0.3808112970223184,0.44036697247706424,0.3808112970223184,0.44568417790175113,129.06,-5.955567545474583
3533007,Nova Granada,SP,Sudeste,181,1,0.38080615851334587,0.40331491712707185,0.38080615851334587,0.4006079678835374,190.0000035,-2.250875861372598
2102754,Capinzal do Norte,MA,Nordeste,101,1,0.3806945328402117,0.0891089108910891,0.3806945328402117,0.08860641181418824,106.99000000000001,29.158562194912264
3531407,Monte Aprazível,SP,Sudeste,154,1,0.38047964715757543,0.3181818181818182,0.38047964715757543,0.34558219604777773,183.9999995,6.229782897575725
2106409,Mata Roma,MA,Nordeste,199,1,0.3804562457244532,0.23115577889447236,0.38045624572445313,0.23135042081101762,209.12,14.930046682998082
2103257,Cidelândia,MA,Nordeste,170,1,0.3804562457244532,0.13529411764705881,0.38045624572445313,0.13754940711462452,177.1,24.51621280773944
2111805,Sítio Novo,MA,Nordeste,250,1,0.38045624572445313,0.46,0.38045624572445313,0.45565900938716325,262.06,-7.954375427554688
2112852,Vila Nova dos Martírios,MA,Nordeste,167,1,0.38045624572445313,0.25748502994011974,0.38045624572445313,0.2544964028776978,177.92000000000002,12.29712157843334
2111763,Senador La Rocque,MA,Nordeste,133,1,0.38045624572445313,0.3533834586466165,0.38045624572445313,0.35867288330292585,147.99,2.7072787077836615
3116605,Cláudio,MG,Sudeste,294,1,0.38043460221006575,0.17006802721088435,0.3804346022100658,0.17000572409845452,314.46,21.03665749991814
3123601,Elói Mendes,MG,Sudeste,249,1,0.38043460221006575,0.3413654618473896,0.3804346022100657,0.34994349484390447,283.16,3.906914036267617
3537206,Pedro de Toledo,SP,Sudeste,106,1,0.38028231846738947,0.5377358490566038,0.38028231846738947,0.5402679797642554,119.0000002,-15.74535305892143
1200252,Epitaciolândia,AC,Norte,293,1,0.3802462906380977,0.46757679180887374,0.3802462906380976,0.47734372675612147,336.11,-8.733050117077607
3139003,Machado,MG,Sudeste,315,1,0.38018224616398144,0.10793650793650794,0.3800448686075813,0.10689946324105905,331.62,27.22457382274735
4216206,São Francisco do Sul,SC,Sul,439,1,0.3801767221118224,0.45785876993166286,0.3801743039436017,0.47826312109991975,772.42,-7.7682047819840445
3511003,Castilho,SP,Sudeste,209,1,0.3801474071628491,0.5406698564593302,0.38014740716284906,0.5457653901755743,222.9999998,-16.052244929648108
3553401,Tanabi,SP,Sudeste,233,1,0.38014740716284906,0.2575107296137339,0.38014740716284917,0.2592878847480554,253.9999972,12.263667754911516
3539103,Pirapora do Bom Jesus,SP,Sudeste,260,1,0.38013389846802437,0.5884615384615385,0.3801338984680243,0.5921079826435037,287.99999510000004,-20.83276399935141
4316907,Santa Maria,RS,Sul,1686,1,0.3799516395821547,0.5895610913404508,0.3799669759710072,0.5954929722406923,2173.8408332999998,-20.960945175829604
3144607,Nepomuceno,MG,Sudeste,184,1,0.379827244024403,0.22282608695652173,0.37982724402440293,0.2202683012611164,199.03,15.700115706788125
3160405,Santo Antônio do Monte,MG,Sudeste,284,1,0.37982724402440293,0.18309859154929578,0.37982724402440293,0.18656843684982435,293.19,19.672865247510714
3111606,Campos Gerais,MG,Sudeste,204,1,0.37982724402440293,0.25,0.37982724402440293,0.2805378397042694,246.17000000000002,12.982724402440294
3108909,Brazópolis,MG,Sudeste,149,1,0.3797604693085601,0.2080536912751678,0.3797604693085601,0.20872978116079924,168.16,17.17067780333923
3140159,Mário Campos,MG,Sudeste,149,1,0.3797604693085601,0.26174496644295303,0.37976046930856017,0.2592044512844797,168.94,11.801550286560708
3139904,Maria da Fé,MG,Sudeste,137,1,0.3797604693085601,0.20437956204379562,0.37976046930856006,0.21837485254319614,144.11,17.538090726476447
3154309,Resplendor,MG,Sudeste,129,1,0.3797604693085601,0.37209302325581395,0.3797604693085601,0.38887877132277066,164.73,0.7667446052746163
3133204,Itanhomi,MG,Sudeste,111,1,0.3797604693085601,0.14414414414414414,0.3797604693085601,0.14354185604495495,121.01,23.5616325164416
3122009,Divino,MG,Sudeste,186,1,0.3796406293407693,0.3172043010752688,0.379349255232412,0.3150184909466404,208.21,6.24363282655005
3529708,Miguelópolis,SP,Sudeste,155,1,0.37954022660519915,0.6903225806451613,0.37954022660519915,0.7091168743589744,195.0,-31.078235403996214
3538907,Pirajuí,SP,Sudeste,145,1,0.3795090989375064,0.5310344827586206,0.37950909893750634,0.5397460609293111,160.9999985,-15.152538382111425
2612802,Santa Terezinha,PE,Nordeste,132,1,0.3794808320582759,0.20454545454545456,0.3794808320582758,0.2031767041694242,135.99,17.493537751282133
2615201,Terra Nova,PE,Nordeste,115,1,0.3794808320582759,0.28695652173913044,0.3794808320582759,0.28922844429518935,119.11,9.252431031914544
2614303,Moreilândia,PE,Nordeste,104,1,0.3794808320582759,0.4326923076923077,0.3794808320582759,0.4302840761011207,115.11,-5.3211475634031835
2111029,São João do Carú,MA,Nordeste,173,1,0.379239261784809,0.2947976878612717,0.379239261784809,0.29325126401406904,181.96,8.444157392353729
2101103,Axixá,MA,Nordeste,143,1,0.37923926178480893,0.2867132867132867,0.37923926178480893,0.2813827354113573,153.03,9.252597507152222
2110906,São Francisco do Maranhão,MA,Nordeste,134,1,0.37923926178480893,0.16417910447761194,0.37923926178480893,0.16644850155012056,145.15,21.5060157307197
2106375,Maranhãozinho,MA,Nordeste,122,1,0.37923926178480893,0.02459016393442623,0.37923926178480893,0.023802139866645994,128.98,35.464909785038266
2103158,Centro do Guilherme,MA,Nordeste,117,1,0.37923926178480893,0.11965811965811966,0.3792392617848089,0.12082787958115183,122.24000000000001,25.958114212668924
2601607,Belém do São Francisco,PE,Nordeste,174,1,0.37922950257136673,0.367816091954023,0.3792295025713667,0.3737961580058711,194.17000000000002,1.1413410617343744
3300951,Comendador Levy Gasparian,RJ,Sudeste,100,1,0.37916603783436165,0.33,0.3791660378343617,0.33882267309616965,109.91,4.916603783436163
3117801,Conceição dos Ouros,MG,Sudeste,106,1,0.37912414009374773,0.2169811320754717,0.37912414009374773,0.22962489002639366,125.03,16.2143008018276
3135803,Jequitinhonha,MG,Sudeste,172,1,0.37912164351745703,0.38372093023255816,0.3791261899864055,0.3853803025494552,189.06,-0.4599286715101125
2104008,Esperantinópolis,MA,Nordeste,189,1,0.37904102098670067,0.18518518518518517,0.37904102098670067,0.18518518518518517,189.0,19.38558358015155
2100832,Apicum-Açu,MA,Nordeste,165,1,0.37904102098670067,0.6121212121212121,0.3790410209867007,0.6091284292303958,205.95,-23.308019113451138
2111532,São Pedro da Água Branca,MA,Nordeste,157,1,0.37904102098670067,0.43312101910828027,0.37904102098670067,0.4436935657902209,176.09,-5.40799981215796
2105609,Joselândia,MA,Nordeste,120,1,0.37904102098670067,0.25,0.37904102098670067,0.24674078221226906,125.03,12.904102098670068
2105906,Lago Verde,MA,Nordeste,109,1,0.37904102098670067,0.23853211009174313,0.37904102098670067,0.2326490713587488,122.75999999999999,14.050891089495753
2606507,Iati,PE,Nordeste,173,1,0.37889176921764633,0.1791907514450867,0.37889176921764633,0.17748152907163506,186.78,19.970101777255962
4201307,Araquari,SC,Sul,562,1,0.3787299908822809,0.505338078291815,0.3787299908822809,0.5045179197309507,987.1800000000001,-12.66080874095341
4207304,Imbituba,SC,Sul,485,1,0.3786453882635714,0.43917525773195876,0.37864210710916313,0.43756779091989056,774.4399999999999,-6.052986946838734
4218004,Tijucas,SC,Sul,100,1,0.3786419989051022,0.66,0.3783966315178083,0.820879180296845,739.78,-28.135800109489782
4321600,Tramandaí,RS,Sul,598,1,0.37863891900454844,0.5836120401337793,0.3786469535998391,0.5980378677389738,768.0000018,-20.497312112923087
2102077,Bom Lugar,MA,Nordeste,105,1,0.3786326457038286,0.047619047619047616,0.3786326457038286,0.04716981132075472,106.0,33.1013598084781
3522901,Itapuí,SP,Sudeste,147,1,0.3786310082241994,0.46938775510204084,0.3786310082241994,0.4695682876829699,163.9999977,-9.075674687784147
4218202,Timbó,SC,Sul,431,1,0.37862654772455995,0.2459396751740139,0.3786458273802465,0.2515049919425047,539.87,13.268687255054603
3512407,Cordeirópolis,SP,Sudeste,324,1,0.37860987524522094,0.30246913580246915,0.37860987524522094,0.3040128085677569,340.9999996,7.614073944275179
3504602,Bady Bassitt,SP,Sudeste,255,1,0.37858018673242744,0.3843137254901961,0.3785801867324274,0.3861022221364397,281.9999973,-0.5733538757768664
3511706,Charqueada,SP,Sudeste,183,1,0.37858018673242744,0.3770491803278688,0.37858018673242744,0.37503338238641426,197.9999997,0.15310064045586103
3535309,Palmital,SP,Sudeste,170,1,0.3785277230427087,0.3941176470588235,0.37852772304270865,0.3935068252175162,182.9999992,-1.558992401611481
3542404,Regente Feijó,SP,Sudeste,170,1,0.3785277230427087,0.3941176470588235,0.37852772304270865,0.38907085048586076,183.9999972,-1.558992401611481
3507803,Brodowski,SP,Sudeste,239,1,0.37852772304270865,0.4602510460251046,0.37852772304270865,0.45734234608005053,271.00000439999997,-8.172332298239592
3511409,Cerqueira César,SP,Sudeste,236,1,0.37852772304270865,0.597457627118644,0.3785277230427087,0.6000572513153797,250.9999972,-21.892990407593537
3553807,Taquarituba,SP,Sudeste,229,1,0.37852772304270865,0.4279475982532751,0.3785277230427087,0.43325629713410235,257.0000017,-4.941987521056646
3507902,Brotas,SP,Sudeste,216,1,0.37852772304270865,0.4398148148148148,0.3785277230427087,0.4398550722743742,220.0000025,-6.1287091772106175
3537404,Pereira Barreto,SP,Sudeste,205,1,0.37852772304270865,0.16097560975609757,0.37852772304270865,0.16526919798619227,222.0000021,21.755211328661108
3526001,Junqueirópolis,SP,Sudeste,191,1,0.37852772304270865,0.193717277486911,0.37852772304270865,0.19557272835950662,199.0000008,18.481044555579764
3517505,Guapiaçu,SP,Sudeste,186,1,0.37852772304270865,0.2849462365591398,0.37852772304270865,0.2946384723481361,233.9999999,9.358148648356885
4217204,São Miguel do Oeste,SC,Sul,438,1,0.378459443242231,0.3036529680365297,0.3784569998449374,0.305262180974478,538.75,7.480647520570133
2605152,Dormentes,PE,Nordeste,169,1,0.37844912758935156,0.16568047337278108,0.37844912758935156,0.16628886951467595,172.05,21.27686542165705
2103554,Conceição do Lago-Açu,MA,Nordeste,179,1,0.3784345286912309,0.44692737430167595,0.37843452869123084,0.4575229777078149,196.93,-6.849284561044505
2104206,Fortuna,MA,Nordeste,310,1,0.37843452869123084,0.27741935483870966,0.37843452869123084,0.27938826036541414,319.09000000000003,10.101517385252118
2102358,Buritirana,MA,Nordeste,156,1,0.37843452869123084,0.44871794871794873,0.37843452869123084,0.45091270769950853,170.92000000000002,-7.028342002671789
2110856,São Francisco do Brejão,MA,Nordeste,138,1,0.37843452869123084,0.572463768115942,0.3784345286912309,0.5727037143679816,138.92,-19.40292394247112
2111409,São Luís Gonzaga do Maranhão,MA,Nordeste,132,1,0.37843452869123084,0.30303030303030304,0.3784345286912309,0.29545454545454547,150.04,7.54042256609278
2100808,Anapurus,MA,Nordeste,109,1,0.37843452869123084,0.6605504587155964,0.37843452869123084,0.6535427525003522,141.98,-28.21159300243655
2104602,Governador Eugênio Barros,MA,Nordeste,106,1,0.37843452869123084,0.5188679245283019,0.37843452869123084,0.5186185448891071,122.19,-14.043339583707104
3114303,Carmo do Paranaíba,MG,Sudeste,285,1,0.37842356869960153,0.13333333333333333,0.3781284176831789,0.13644530101590827,306.13,24.50902353662682
4206504,Guaramirim,SC,Sul,488,1,0.37832852265784256,0.3483606557377049,0.37832852265784256,0.3590870786516854,712.0,2.9967866920137642
4201950,Balneário Arroio do Silva,SC,Sul,119,1,0.37817275533772,0.48739495798319327,0.37817275533772005,0.4887312997862833,205.88,-10.922220264547327
3535804,Paranapanema,SP,Sudeste,212,1,0.3779215522012481,0.5660377358490566,0.3779215522012481,0.5740546513755709,241.0000016,-18.81161836478085
3554300,Teodoro Sampaio,SP,Sudeste,223,1,0.3779089598442082,0.27802690582959644,0.37816911650029716,0.27221622108399335,245.0000038,9.988205401461176
4207007,Içara,SC,Sul,663,1,0.3778109624565985,0.3046757164404223,0.37781162439798543,0.30867142220240745,897.2,7.313524601617622
3152808,Prata,MG,Sudeste,334,1,0.3776372855251522,0.5,0.3776372855251522,0.49497002866823037,383.7,-12.236271447484782
3117306,Conceição das Alagoas,MG,Sudeste,311,1,0.3776372855251522,0.4115755627009646,0.3776372855251522,0.413552720704448,354.32,-3.3938277175812437
2603900,Carnaíba,PE,Nordeste,252,1,0.3774788182661698,0.07539682539682539,0.3774788182661698,0.07501078304513194,255.03,30.20819928693444
1200138,Bujari,AC,Norte,176,1,0.3774582750337075,0.7443181818181818,0.37711332112254087,0.74716391246092,223.9,-36.685990678447425
3167608,Simonésia,MG,Sudeste,205,1,0.3773727899480653,0.2682926829268293,0.3778591960315014,0.27573544412256723,245.09,10.9080107021236
3549706,São José do Rio Pardo,SP,Sudeste,415,1,0.37709659576802446,0.3204819277108434,0.37735857905185705,0.3238421904249024,447.0000021,5.661466805718107
4215000,Rio Negrinho,SC,Sul,486,1,0.3769867695358601,0.32098765432098764,0.3770001884162545,0.32447662363721497,598.04,5.599911521487244
3510005,Cândido Mota,SP,Sudeste,268,1,0.37687027400426143,0.3208955223880597,0.3766141231425569,0.3193314997347635,282.0000018,5.597475161620174
3500501,Águas de Lindóia,SP,Sudeste,182,1,0.3767675769896763,0.554945054945055,0.37697875481445453,0.5576779843165708,205.9999988,-17.81774779553787
3515186,Espírito Santo do Pinhal,SP,Sudeste,292,1,0.37675801585962343,0.23972602739726026,0.37711570037630204,0.2450537625359695,309.9999972,13.703198846236317
3541307,Presidente Epitácio,SP,Sudeste,407,1,0.376743199188653,0.27764127764127766,0.37676283085012285,0.2783256152933268,429.0000005,9.910192154737535
3115508,Caxambu,MG,Sudeste,160,1,0.3767400424233148,0.25625,0.3770080697557617,0.25241913187724635,180.85,12.049004242331485
2608255,Jucati,PE,Nordeste,174,1,0.3762337517363067,0.3103448275862069,0.3762337517363067,0.31207772628287456,179.09,6.588892415009978
3138401,Leopoldina,MG,Sudeste,400,1,0.3762089451038765,0.3425,0.376791254322083,0.3489030912881878,441.24,3.3708945103876453
3156908,Sacramento,MG,Sudeste,323,1,0.37616125313573573,0.20123839009287925,0.3763326009516031,0.20357984240028162,369.29,17.49228630428565
3145604,Oliveira,MG,Sudeste,348,1,0.37615420502751673,0.14367816091954022,0.3768702737926915,0.14557643637930107,371.42,23.24760441079765
2106003,Lima Campos,MA,Nordeste,131,1,0.37606045378935393,0.0916030534351145,0.37606045378935393,0.09093601895734599,135.04,28.445740035423945
3142809,Monte Alegre de Minas,MG,Sudeste,218,1,0.3759105460172508,0.43119266055045874,0.3759105460172508,0.43291705341321407,237.02,-5.528211453320791
4204806,Curitibanos,SC,Sul,412,1,0.3758274907948408,0.4320388349514563,0.37582689704223304,0.4302694000582301,583.89,-5.621134415661549
3160306,Santo Antônio do Jacinto,MG,Sudeste,101,1,0.37580906246939616,0.3465346534653465,0.3758090624693961,0.34315232240437155,117.12,2.927440900404965
3133006,Itamonte,MG,Sudeste,118,1,0.37579257328147486,0.16101694915254236,0.3757925732814748,0.18133015210259468,134.12,21.47756241289325
3136009,Joaíma,MG,Sudeste,133,1,0.37575002325353163,0.38345864661654133,0.37620005293923414,0.3807370872722291,145.98,-0.7708623363009703
3528007,Macatuba,SP,Sudeste,182,1,0.375702211124466,0.37362637362637363,0.375702211124466,0.37600106821523327,196.9999991,0.207583749809237
3532009,Morungaba,SP,Sudeste,128,1,0.375702211124466,0.53125,0.37570221112446606,0.5268360611542139,142.0000006,-15.5547788875534
2107407,Olho d'Água das Cunhãs,MA,Nordeste,141,1,0.37565352839429766,0.41134751773049644,0.37565352839429766,0.4107768123459992,154.22,-3.569398933619877
3170404,Unaí,MG,Sudeste,764,1,0.3755269147485982,0.32460732984293195,0.37610299176990963,0.3278667340201825,851.23,5.091958490566623
2111904,Sucupira do Norte,MA,Nordeste,110,1,0.3754558470181162,0.4,0.3754558470181162,0.4,110.0,-2.4544152981883838
2111052,São João do Paraíso,MA,Nordeste,109,1,0.3754558470181162,0.5504587155963303,0.3754558470181162,0.5606125785081304,116.23,-17.50028685782141
4213203,Pomerode,SC,Sul,356,1,0.3753555318129771,0.29775280898876405,0.3753555318129771,0.2913708486205746,419.74,7.760272282421305
3551801,Sete Barras,SP,Sudeste,143,1,0.375303551735631,0.4755244755244755,0.375303551735631,0.47896216905563305,165.0000021,-10.022092378884452
3148004,Patos de Minas,MG,Sudeste,1280,1,0.37515586141088264,0.196875,0.3753468644564176,0.2035885454532621,1416.73,17.828086141088264
3147402,Paraopeba,MG,Sudeste,225,1,0.37514254100042765,0.27555555555555555,0.37540294478023045,0.27744225903860276,245.06,9.95869854448721
3170909,Varzelândia,MG,Sudeste,173,1,0.3750780004999772,0.3063583815028902,0.37451889629590523,0.3067851287746576,189.09,6.871961899708701
2109270,Presidente Sarney,MA,Nordeste,219,1,0.37504918259613573,0.593607305936073,0.3750491825961358,0.6038411336938281,268.15,-21.85581233399373
2107902,Passagem Franca,MA,Nordeste,201,1,0.37504918259613573,0.4129353233830846,0.3750491825961357,0.4158022614708905,214.02,-3.788614078694885
2104099,Formosa da Serra Negra,MA,Nordeste,198,1,0.37504918259613573,0.15656565656565657,0.37504918259613573,0.15705588278968471,202.03,21.848352603047914
5201405,Aparecida de Goiânia,GO,Centro-Oeste,5449,1,0.37497254929231916,0.3064782528904386,0.37497254929231916,0.3077133335952128,6109.68,6.849429640188054
1200054,Assis Brasil,AC,Norte,103,1,0.3749154469992313,0.49514563106796117,0.3749154469992313,0.5085128701686435,123.92999999999999,-12.023018406872987
3154002,Raul Soares,MG,Sudeste,168,1,0.3749112441116478,0.16071428571428573,0.37395009069746804,0.1609030544488712,188.25,21.419695839736207
3526209,Juquitiba,SP,Sudeste,349,1,0.3747901447728452,0.3638968481375358,0.374316575266583,0.35952146111570316,378.99999760000003,1.0893296635309413
3127602,Gouveia,MG,Sudeste,134,1,0.3747636836499004,0.08955223880597014,0.3747636836499004,0.08886971527178601,139.08,28.52114448439303
3549409,São Joaquim da Barra,SP,Sudeste,416,1,0.37474557860200497,0.3173076923076923,0.37530012762705983,0.32062473735459135,444.0000041,5.743788629431268
3109303,Buritis,MG,Sudeste,305,1,0.37461862166814464,0.36721311475409835,0.37460096464619963,0.3650400414818229,347.14,0.7405506914046289
3153905,Raposos,MG,Sudeste,146,1,0.37459347689810296,0.3013698630136986,0.37459347689810296,0.3034315910103776,157.07,7.322361388440434
3127008,Fronteira,MG,Sudeste,135,1,0.3744826239723983,0.23703703703703705,0.37448262397239823,0.23861427381282976,144.04000000000002,13.744558693536124
3113305,Carangola,MG,Sudeste,258,1,0.3744466091025566,0.375968992248062,0.3742480870025722,0.39145007064699505,304.33,-0.15223831455054015
3144300,Nanuque,MG,Sudeste,310,1,0.37442961178912776,0.4,0.3740906616472074,0.39900885158555094,349.09000000000003,-2.557038821087226
3162807,São João Evangelista,MG,Sudeste,151,1,0.3744022379959273,0.2980132450331126,0.37440223799592737,0.29749166812839856,171.03,7.638899296281471
3117900,Congonhal,MG,Sudeste,117,1,0.3744022379959273,0.1623931623931624,0.3744022379959273,0.16552208521929138,128.14000000000001,21.20090756027649
3121605,Diamantina,MG,Sudeste,484,1,0.37436370799177565,0.27479338842975204,0.3749401690276128,0.2800315919247958,519.12,9.95703195620236
2103901,Duque Bacelar,MA,Nordeste,169,1,0.3742451960534994,0.1834319526627219,0.37424519605349943,0.18476222941878306,176.01,19.08132433907775
3162559,São João do Manhuaçu,MG,Sudeste,152,1,0.3741599115064812,0.28289473684210525,0.3741599115064812,0.2828068423024098,160.18,9.126517466437594
3107901,Bom Repouso,MG,Sudeste,145,1,0.3741599115064812,0.31724137931034485,0.3741599115064812,0.31724051110971235,158.87,5.691853219613635
3125952,Fervedouro,MG,Sudeste,128,1,0.3741599115064812,0.25,0.3741599115064812,0.23695582070299903,155.05,12.41599115064812
3140852,Matias Cardoso,MG,Sudeste,112,1,0.3741599115064812,0.6875,0.3741599115064812,0.6890614190176032,130.09,-31.33400884935188
2101772,Bela Vista do Maranhão,MA,Nordeste,245,1,0.3740479927870187,0.22040816326530613,0.3740479927870187,0.2227726665093969,254.34,15.36398295217126
2105963,Lagoa Grande do Maranhão,MA,Nordeste,106,1,0.3740479927870187,0.02830188679245283,0.37404799278701867,0.028795811518324606,106.96000000000001,34.57461059945659
2111748,Senador Alexandre Costa,MA,Nordeste,101,1,0.3740479927870187,0.039603960396039604,0.3740479927870188,0.03885758694385079,102.94,33.444403239097916
3517604,Guapiara,SP,Sudeste,144,1,0.37361649865801816,0.3958333333333333,0.37361649865801816,0.3969306921368019,152.999999,-2.2216834675315154
2104909,Guimarães,MA,Nordeste,127,1,0.3734446849857852,0.13385826771653545,0.37344468498578515,0.13065214147142218,134.02,23.958641726924977
3535606,Paraibuna,SP,Sudeste,183,1,0.3733363303167816,0.41530054644808745,0.3733363303167816,0.4143584149886518,201.0000019,-4.196421613130585
3549953,São Lourenço da Serra,SP,Sudeste,137,1,0.3733363303167816,0.41605839416058393,0.3733363303167816,0.4159776618585655,161.0000013,-4.272206384380234
3546009,Santa Branca,SP,Sudeste,106,1,0.3733363303167816,0.5094339622641509,0.3733363303167816,0.5028512660445832,127.9999987,-13.609763194736935
1100106,Guajará-Mirim,RO,Norte,488,1,0.37327532129975016,0.5471311475409836,0.37328396138074865,0.5434698359385093,541.87,-17.38558262412334
3150802,Piranga,MG,Sudeste,124,1,0.37319702499847224,0.23387096774193547,0.37330282360361067,0.23394796297645945,137.21,13.932605725653676
4319901,Sapiranga,RS,Sul,826,1,0.37318202325793826,0.5532687651331719,0.3731634329224976,0.5620757599085962,976.9999987,-18.008674187523365
3132503,Itamarandiba,MG,Sudeste,342,1,0.3731352960720352,0.16666666666666666,0.37313292326533104,0.1720231532524807,362.8,20.646862940536856
4314100,Passo Fundo,RS,Sul,1800,1,0.37311165365030025,0.6272222222222222,0.37310691792359985,0.6341694328649069,2173.1261866,-25.4110568571922
3143401,Monte Sião,MG,Sudeste,189,1,0.3728992135237048,0.24867724867724866,0.3728992135237048,0.25430794886047803,215.88,12.422196484645614
3133758,Itaú de Minas,MG,Sudeste,124,1,0.3728725567503022,0.10483870967741936,0.3728725567503022,0.10542073747242357,126.92,26.80338470728828
3140803,Matias Barbosa,MG,Sudeste,114,1,0.3728725567503022,0.21929824561403508,0.3728725567503022,0.21187389982397184,124.98,15.35743111362671
2610301,Paranatama,PE,Nordeste,138,1,0.37278681000870306,0.3333333333333333,0.37278681000870306,0.3333333333333333,138.0,3.945347667536975
3161007,São Domingos do Prata,MG,Sudeste,121,1,0.37265667934032476,0.15702479338842976,0.37265667934032476,0.15731279548574043,131.14000000000001,21.5631885951895
3154903,Rio Casca,MG,Sudeste,116,1,0.37265667934032476,0.3706896551724138,0.37265667934032476,0.3722902167826574,125.01,0.19670241679109468
4209003,Joaçaba,SC,Sul,185,1,0.3725518467034023,0.2594594594594595,0.37255830232296155,0.278300803673938,261.3,11.309238724394282
3144706,Nova Era,MG,Sudeste,177,1,0.37246806671255306,0.2768361581920904,0.3724680667125531,0.27776645608314654,196.28,9.563190852046265
3155801,Rio Pomba,MG,Sudeste,141,1,0.37246806671255306,0.2127659574468085,0.37246806671255306,0.21457591099443712,159.99,15.970210926574454
3543006,Ribeirão Branco,SP,Sudeste,230,1,0.37243555643890114,0.3521739130434783,0.37243555643890114,0.35208856235645136,237.9999996,2.0261643395422855
3114204,Carmo do Cajuru,MG,Sudeste,205,1,0.37236491814163936,0.2731707317073171,0.3723649181416393,0.2763671875,225.28,9.919418643432227
3119104,Corinto,MG,Sudeste,231,1,0.3723649181416393,0.14285714285714285,0.37236491814163936,0.14249405591538902,243.94,22.950777528449645
3139508,Manhumirim,MG,Sudeste,207,1,0.3723649181416393,0.30434782608695654,0.3723649181416393,0.3117402023293378,235.26,6.801709205468276
3144102,Muzambinho,MG,Sudeste,181,1,0.3723649181416393,0.2430939226519337,0.3723649181416393,0.24500048775729197,205.02,12.927099548970562
3149903,Perdões,MG,Sudeste,168,1,0.3723649181416393,0.20833333333333334,0.37236491814163936,0.20883488530547353,176.12,16.403158480830594
4315602,Rio Grande,RS,Sul,1518,1,0.3723439716061725,0.5579710144927537,0.37229715838826805,0.5641992469913376,1941.7999991,-18.562704288658118
3169604,Tupaciguara,MG,Sudeste,227,1,0.3721668910472915,0.41409691629955947,0.3721668910472915,0.4165784417519508,255.03,-4.193002525226797
3129509,Ibiá,MG,Sudeste,204,1,0.3721668910472915,0.22058823529411764,0.3721668910472915,0.21906844180689494,256.13,15.157865575317386
3101003,Águas Vermelhas,MG,Sudeste,123,1,0.3720542817758478,0.25203252032520324,0.3720542817758477,0.25565610859728505,137.02,12.002176145064459
3130507,Ilicínea,MG,Sudeste,143,1,0.37205428177584776,0.34265734265734266,0.37205428177584776,0.3485034585299631,154.69,2.9396939118505108
3125705,Felixlândia,MG,Sudeste,108,1,0.37205428177584776,0.25,0.3720542817758477,0.24893882646691634,120.15,12.205428177584777
3525706,José Bonifácio,SP,Sudeste,320,1,0.37202073241882394,0.40625,0.3719562361856457,0.404800706103122,339.0000023,-3.422926758117606
3553955,Tarumã,SP,Sudeste,192,1,0.37192453147873916,0.08333333333333333,0.3719245314787391,0.0828301156516756,205.9999985,28.859119814540584
3512001,Colina,SP,Sudeste,188,1,0.37192453147873916,0.42021276595744683,0.37192453147873916,0.4210745689997916,200.0000019,-4.828823447870767
3541703,Quatá,SP,Sudeste,110,1,0.37192453147873916,0.3181818181818182,0.37192453147873916,0.31565854811986066,118.9999996,5.374271329692099
3107406,Bom Despacho,MG,Sudeste,467,1,0.3718915086560382,0.25267665952890794,0.37300219180409316,0.26683824230292635,524.55,11.921484912713026
3514502,Duartina,SP,Sudeste,110,1,0.37187407142827494,0.22727272727272727,0.3718740714282749,0.2300109235601311,124.9999985,14.460134415554768
3515400,Fartura,SP,Sudeste,158,1,0.3718740714282749,0.17088607594936708,0.3718740714282749,0.17221839681369172,169.9999985,20.09879954789078
3512308,Conchas,SP,Sudeste,144,1,0.3718740714282749,0.3055555555555556,0.3718740714282749,0.30522240260097877,170.0000015,6.631851587271931
3519402,Ibirá,SP,Sudeste,117,1,0.3718740714282749,0.37606837606837606,0.3718740714282749,0.3836251077483006,124.9999993,-0.41943046401011763
3538105,Pindorama,SP,Sudeste,113,1,0.3718740714282749,0.37168141592920356,0.37187407142827483,0.36633949493071594,124.999999,0.019265549907132584
3542909,Ribeirão Bonito,SP,Sudeste,101,1,0.3718740714282749,0.45544554455445546,0.3718740714282749,0.46600443796929336,111.0000019,-8.357147312618057
3504206,Auriflama,SP,Sudeste,100,1,0.3718740714282749,0.22,0.3718740714282749,0.2212583061069745,111.0000001,15.187407142827489
3522802,Itaporanga,SP,Sudeste,122,1,0.37187407142827483,0.29508196721311475,0.3718740714282749,0.29898134492993433,134.0000006,7.679210421516008
3555109,Tupi Paulista,SP,Sudeste,122,1,0.37187407142827483,0.06557377049180328,0.37187407142827483,0.06540697633856138,129.0000008,30.630030093647154
3147204,Paraguaçu,MG,Sudeste,184,1,0.3717627127201116,0.30978260869565216,0.3717627127201116,0.30777941900541606,203.1,6.1980104024459415
3114402,Carmo do Rio Claro,MG,Sudeste,163,1,0.3717627127201115,0.3128834355828221,0.37176271272011147,0.3164188929727358,182.29,5.887927713728941
3105103,Bambuí,MG,Sudeste,161,1,0.3717627127201115,0.19254658385093168,0.37176271272011147,0.19518524653525482,181.11,17.921612886917984
3101904,Alpinópolis,MG,Sudeste,155,1,0.3717627127201115,0.2129032258064516,0.3717627127201115,0.2144632357398315,164.97,15.885948691365993
3143203,Monte Santo de Minas,MG,Sudeste,174,1,0.37176271272011147,0.3793103448275862,0.3717627127201116,0.3839047981307396,184.03,-0.7547632107474722
4305108,Caxias do Sul,RS,Sul,3664,1,0.3716384584304694,0.5625,0.3716362511548265,0.5636238752805423,4431.9999781,-19.08615415695306
5221403,Trindade,GO,Centro-Oeste,1570,1,0.3715428333000734,0.22802547770700637,0.3715428333000735,0.2278902266541474,1682.74,14.351735559306706
4311403,Lajeado,RS,Sul,733,1,0.3715041463903549,0.5170532060027285,0.3715179158996158,0.5166526350435038,843.0000005,-14.554905961237363
3501152,Alumínio,SP,Sudeste,189,1,0.371402270137897,0.4603174603174603,0.37140227013789706,0.4632281542724927,205.9999981,-8.891519017956329
4202107,Barra Velha,SC,Sul,346,1,0.3713398157307702,0.5173410404624278,0.3713516255440728,0.5130865989356556,826.8,-14.600122473165762
3536307,Patrocínio Paulista,SP,Sudeste,190,1,0.3713226169095617,0.33157894736842103,0.37132261690956175,0.33001601053478025,201.9999984,3.9743669541140667
3537008,Pedregulho,SP,Sudeste,170,1,0.3713226169095617,0.4823529411764706,0.37132261690956175,0.4832939201980741,177.0000015,-11.10303242669089
3521903,Itajobi,SP,Sudeste,147,1,0.3713226169095617,0.17006802721088435,0.3713226169095617,0.17262960867562346,153.000001,20.125458969867736
3519055,Holambra,SP,Sudeste,143,1,0.3713226169095617,0.38461538461538464,0.3713226169095617,0.37412949944278484,155.0000013,-1.3292767705822939
3521309,Ipuã,SP,Sudeste,143,1,0.3712721902490995,0.35664335664335667,0.3712721902490995,0.3620245776445447,148.0000003,1.4628833605742853
3506706,Boa Esperança do Sul,SP,Sudeste,141,1,0.3712721902490995,0.44680851063829785,0.3712721902490995,0.44664550259552727,149.9999998,-7.553632038919833
3545605,Santa Adélia,SP,Sudeste,120,1,0.3712721902490995,0.35833333333333334,0.3712721902490996,0.3567263311019934,140.9999992,1.2938856915766184
3553609,Tapiratiba,SP,Sudeste,111,1,0.3712721902490995,0.1981981981981982,0.3712721902490995,0.20493806997070638,118.0000007,17.30739920509013
3544103,Rio Grande da Serra,SP,Sudeste,394,1,0.3712601438701715,0.383248730964467,0.37125763324519084,0.3819549124918682,422.9999969,-1.198858709429551
3132107,Itacarambi,MG,Sudeste,165,1,0.371182160012635,0.30303030303030304,0.3711752595944884,0.3050522156364663,177.15,6.815185698233195
3106903,Bicas,MG,Sudeste,107,1,0.3711142095929816,0.29906542056074764,0.3711142095929816,0.29291287386215864,123.03999999999999,7.204878903223394
3137700,Lajinha,MG,Sudeste,209,1,0.3710112142837618,0.3014354066985646,0.3710112142837618,0.3073549405727819,228.01,6.957580758519722
3160702,Santos Dumont,MG,Sudeste,306,1,0.3710077023493445,0.27450980392156865,0.3709754846484133,0.27343725978538264,325.23,9.649789842777585
3511607,Cesário Lange,SP,Sudeste,264,1,0.37094895623492374,0.48863636363636365,0.37094895623492374,0.48680313645833334,288.0,-11.76874074014399
3546702,Santa Gertrudes,SP,Sudeste,290,1,0.3709177509108471,0.3586206896551724,0.37091775091084717,0.35952114287248765,326.0000009,1.2297061255674702
3133600,Itapeva,MG,Sudeste,152,1,0.37081678271886953,0.3157894736842105,0.37081678271886953,0.32103154449523164,177.21,5.502730903465903
3520426,Ilha Comprida,SP,Sudeste,167,1,0.3707269064274553,0.32335329341317365,0.3707269064274553,0.32403359945054944,182.0,4.737361301428167
3544301,Roseira,SP,Sudeste,129,1,0.3707269064274553,0.32558139534883723,0.3707269064274553,0.328015402316127,142.9999996,4.514551107861808
2105153,Igarapé do Meio,MA,Nordeste,145,1,0.37072247159792093,0.2206896551724138,0.37072247159792093,0.2236206544662902,146.99,15.003281642550714
3118809,Coração de Jesus,MG,Sudeste,188,1,0.37063635928161637,0.2074468085106383,0.37144350162644135,0.2060170367817224,203.09,16.318955077097808
3524600,Jacupiranga,SP,Sudeste,129,1,0.37034768953922526,0.4496124031007752,0.37034768953922526,0.4520464829485118,142.9999992,-7.926471356154996
3520202,Igaratá,SP,Sudeste,130,1,0.37025634784880357,0.49230769230769234,0.37025634784880357,0.4938603987134378,144.0000024,-12.205134445888877
3520905,Ipaussu,SP,Sudeste,140,1,0.37019329891269614,0.45,0.37019329891269614,0.45044175711350104,149.0000002,-7.980670108730386
3556107,Valentim Gentil,SP,Sudeste,134,1,0.37019329891269614,0.1417910447761194,0.37019329891269614,0.14046639329725466,145.999997,22.840225413657674
3142007,Mirabela,MG,Sudeste,120,1,0.37002944970099505,0.4583333333333333,0.3693906419249598,0.45748312822548626,125.95,-8.830388363233826
3553005,Taguaí,SP,Sudeste,134,1,0.36998820023136747,0.27611940298507465,0.36998820023136747,0.28620684266178553,145.9999999,9.386879724629281
3539400,Piratininga,SP,Sudeste,102,1,0.36998820023136747,0.5588235294117647,0.36998820023136747,0.5562571567775099,109.0000002,-18.883532918039727
3111002,Campestre,MG,Sudeste,183,1,0.3698770737070478,0.18032786885245902,0.36987707370704787,0.18267747873240137,201.01,18.954920485458878
3162005,São Gonçalo do Sapucaí,MG,Sudeste,239,1,0.3697823672665878,0.2384937238493724,0.36898841488832684,0.23707372832920556,262.45,13.128864341721542
1100130,Machadinho D'Oeste,RO,Norte,405,1,0.369675027695042,0.345679012345679,0.36967502769504207,0.35233537028332124,468.02,2.399601534936302
3154804,Rio Acima,MG,Sudeste,111,1,0.3694896710834151,0.2702702702702703,0.3694896710834151,0.2710818927035143,123.21000000000001,9.921940081314485
3171808,Virginópolis,MG,Sudeste,124,1,0.3694339612173365,0.3387096774193548,0.3694339612173365,0.3438907235064545,133.24,3.07242837979817
3526100,Juquiá,SP,Sudeste,194,1,0.36938757635816566,0.4484536082474227,0.3693875763581657,0.44823829102796947,206.000001,-7.906603188925704
3538204,Pinhalzinho,SP,Sudeste,138,1,0.36938757635816566,0.21014492753623187,0.3693875763581657,0.21208409733530056,148.9999981,15.924264882193379
2112001,Tasso Fragoso,MA,Nordeste,127,1,0.36920007897239815,0.44881889763779526,0.36920007897239815,0.45099721209521765,139.89000000000001,-7.961881866539711
3514908,Elias Fausto,SP,Sudeste,207,1,0.36901680246250634,0.43478260869565216,0.3690168024625064,0.4372202011048402,221.0000015,-6.576580623314582
3540804,Potirendaba,SP,Sudeste,196,1,0.36901680246250634,0.37755102040816324,0.36901680246250634,0.374508601909796,223.0000018,-0.8534217945656897
3508108,Buritama,SP,Sudeste,161,1,0.36901680246250634,0.32298136645962733,0.36901680246250634,0.3216627896487781,177.0000001,4.603543600287901
3523602,Itirapina,SP,Sudeste,160,1,0.36901680246250634,0.3,0.3690168024625064,0.3010068747976657,168.9999992,6.901680246250636
3531506,Monte Azul Paulista,SP,Sudeste,125,1,0.36901680246250634,0.448,0.3690168024625063,0.44616160724317705,161.0000003,-7.898319753749367
3504404,Avanhandava,SP,Sudeste,118,1,0.36901680246250634,0.2288135593220339,0.36901680246250634,0.2262860179973236,127.9999991,14.020324314047244
3172004,Visconde do Rio Branco,MG,Sudeste,362,1,0.36870721721960104,0.24585635359116023,0.36915480675685897,0.252025889286466,380.08,12.28508636284408
4205704,Garopaba,SC,Sul,342,1,0.36856843373285286,0.24561403508771928,0.36856843373285286,0.24239311008131503,457.48,12.295439864513359
1100338,Nova Mamoré,RO,Norte,404,1,0.3685560895271906,0.5420792079207921,0.36855608952719054,0.5468844525105868,462.84,-17.35231183936015
3509908,Cananéia,SP,Sudeste,120,1,0.36854714323066484,0.4,0.36854714323066484,0.4027959091082741,129.0000018,-3.145285676933518
3536208,Pariquera-Açu,SP,Sudeste,173,1,0.3685126183389239,0.3872832369942196,0.3685126183389239,0.3863888264527489,193.9999994,-1.8770618655295723
3529906,Miracatu,SP,Sudeste,230,1,0.36851261833892385,0.3521739130434783,0.3685126183389239,0.34480809124969863,252.9999983,1.6338705295445566
3155702,Rio Piracicaba,MG,Sudeste,135,1,0.36849802595170367,0.2,0.3688143711165152,0.20046768707482995,141.12,16.849802595170367
3501004,Altinópolis,SP,Sudeste,164,1,0.36841683336495046,0.3231707317073171,0.3684168333649505,0.3222073856503116,176.0000007,4.524610165763337
3535002,Palestina,SP,Sudeste,130,1,0.36841683336495046,0.27692307692307694,0.36841683336495046,0.2797190359114644,133.0000008,9.149375644187351
3556008,Urupês,SP,Sudeste,114,1,0.36841683336495046,0.34210526315789475,0.36841683336495046,0.34315819631912375,126.0000031,2.6311570207055714
3528809,Maracaí,SP,Sudeste,110,1,0.3684168333649504,0.09090909090909091,0.36841683336495046,0.08826645057378182,117.9999981,27.75077424558595
3153608,Prudente de Morais,MG,Sudeste,121,1,0.3683118545167988,0.36363636363636365,0.36816203530013564,0.3620361560418649,126.12,0.46754908804351736
1100122,Ji-Paraná,RO,Norte,1481,1,0.36820111355245094,0.336934503713707,0.3681859912562601,0.33592673828090364,1691.47,3.1266609838743964
3508702,Caconde,SP,Sudeste,164,1,0.368190451701592,0.2926829268292683,0.3679129006247068,0.29984927457712274,177.000001,7.550752487232371
3156007,Rio Vermelho,MG,Sudeste,103,1,0.3681732663625427,0.3592233009708738,0.36882477303125505,0.3547544409613375,114.84,0.8949965391668924
5220454,Senador Canedo,GO,Centro-Oeste,1915,1,0.3681452417515647,0.3947780678851175,0.3681452417515647,0.3965844038061968,2083.9700000000003,-2.663282613355278
1100809,Candeias do Jamari,RO,Norte,366,1,0.36810153194959855,0.48633879781420764,0.3681015319495986,0.4837483587109258,434.11,-11.823726586460909
3132701,Itambacuri,MG,Sudeste,209,1,0.3679906648538672,0.42105263157894735,0.3675167537254146,0.426911609961417,228.08,-5.306196672508012
3121258,Delta,MG,Sudeste,110,1,0.3679126410529704,0.5272727272727272,0.36791264105297045,0.5221627665521923,125.21,-15.936008621975684
3132305,Itaipé,MG,Sudeste,125,1,0.3677734557939237,0.392,0.367431056325857,0.3968131944929765,143.09,-2.4226544206076337
3158003,Santa Maria de Itabira,MG,Sudeste,103,1,0.36769795155592966,0.22330097087378642,0.36769795155592966,0.22208333333333333,120.0,14.439698068214323
3123007,Dores de Campos,MG,Sudeste,101,1,0.36751037841993106,0.2376237623762376,0.36751037841993106,0.23546511627906977,103.2,12.988661604369344
1100940,Cujubim,RO,Norte,260,1,0.36750218424130165,0.3230769230769231,0.36750218424130165,0.32389882703020656,289.01,4.442526116437856
3114105,Carmo de Minas,MG,Sudeste,145,1,0.3674989291070901,0.2413793103448276,0.36742068421815505,0.2441087613293051,148.95000000000002,12.61196187622625
4302105,Bento Gonçalves,RS,Sul,1033,1,0.3672095694217859,0.5091965150048403,0.3671964287483483,0.5091175891592785,1208.7979791,-14.19869455830544
2101731,Belágua,MA,Nordeste,108,1,0.36719624637835885,0.2777777777777778,0.3671962463783588,0.2768895348837209,110.08,8.941846860058106
3152402,Poté,MG,Sudeste,111,1,0.36708658166732,0.2972972972972973,0.3671139828440479,0.30328764819641807,118.93,6.978928437002269
4307005,Erechim,RS,Sul,929,1,0.36706434594556986,0.5317545748116254,0.3670754245024092,0.5326852935564588,1014.9999997,-16.46902288660555
4210506,Maravilha,SC,Sul,350,1,0.3669361869214182,0.23714285714285716,0.36693046141851593,0.24149620376604983,430.69,12.979332977856107
4202073,Balneário Gaivota,SC,Sul,180,1,0.36691343790421405,0.48333333333333334,0.3668958557467396,0.4930457884044382,255.96,-11.64198954291193
4215703,Santo Amaro da Imperatriz,SC,Sul,262,1,0.36678263890248636,0.37404580152671757,0.36680411952407943,0.3713368870501499,377.07,-0.7263162624231212
2108009,Pastos Bons,MA,Nordeste,229,1,0.3667664951763179,0.35807860262008734,0.3667664951763179,0.36007130124777187,241.23,0.8687892556230536
1100452,Buritis,RO,Norte,438,1,0.3667204313374026,0.2762557077625571,0.3667204313374026,0.2769643779039752,484.25,9.046472357484554
3535408,Panorama,SP,Sudeste,171,1,0.366668294896201,0.07602339181286549,0.366668294896201,0.07460317400453516,175.000002,29.06449030833355
3525508,Joanópolis,SP,Sudeste,134,1,0.366668294896201,0.417910447761194,0.366668294896201,0.42704288619312775,153.00000119999999,-5.1242152864993
3517208,Guaiçara,SP,Sudeste,126,1,0.366668294896201,0.3968253968253968,0.366668294896201,0.40002761343027393,137.0000019,-3.0157101929195793
3506904,Bofete,SP,Sudeste,115,1,0.366668294896201,0.3130434782608696,0.366668294896201,0.3025403089923799,126.9999992,5.362481663533142
3557204,Chavantes,SP,Sudeste,112,1,0.366668294896201,0.49107142857142855,0.366668294896201,0.48421675380474555,130.9999999,-12.440313367522753
4212809,Balneário Piçarras,SC,Sul,374,1,0.36664145237877055,0.46524064171123,0.36664145237877055,0.46156086196854984,549.4399999999999,-9.859918933245943
4206306,Guabiruba,SC,Sul,285,1,0.36664145237877055,0.27017543859649124,0.36664145237877055,0.26063238449804804,386.79,9.646601378227931
4208450,Itapoá,SC,Sul,233,1,0.36664145237877055,0.45493562231759654,0.3666414523787705,0.466290472567419,473.16,-8.8294169938826
4202453,Bombinhas,SC,Sul,230,1,0.36664145237877055,0.3217391304347826,0.36664145237877055,0.3176070768154331,400.18,4.490232194398796
3556800,Viradouro,SP,Sudeste,159,1,0.36663384381854336,0.39622641509433965,0.36663384381854336,0.39772859620067924,166.0000041,-2.9592571275796287
4217402,Schroeder,SC,Sul,263,1,0.3665288499336064,0.25475285171102663,0.36652598425994753,0.26026096544964467,326.48,11.177599822257978
3528601,Manduri,SP,Sudeste,112,1,0.36632112765695624,0.3482142857142857,0.36632112765695624,0.3436478764060798,119.9999998,1.8106841942670537
4203956,Capivari de Baixo,SC,Sul,223,1,0.36617774083212395,0.38565022421524664,0.36612225712662433,0.40354121140807975,356.94,-1.9472483383122685
1100205,Porto Velho,RO,Norte,5422,1,0.3660990940676194,0.4791589819254887,0.3660509534980731,0.4832474551501713,6350.08,-11.30598878578693
4204301,Concórdia,SC,Sul,950,1,0.3660664198865348,0.28210526315789475,0.366068349775547,0.28695220742337535,1169.01,8.396115672864008
3134004,Itinga,MG,Sudeste,108,1,0.36604924853002363,0.4166666666666667,0.3650178271158371,0.41436371272574546,119.05,-5.061741813664305
3530201,Mirante do Paranapanema,SP,Sudeste,116,1,0.36596537445476446,0.1206896551724138,0.3663054209435793,0.12577399366141398,127.9999985,24.527571928235066
4213500,Porto Belo,SC,Sul,255,1,0.3658699540597866,0.37254901960784315,0.3658699540597866,0.3744835123823741,375.13,-0.6679065548056529
4304630,Capão da Canoa,RS,Sul,618,1,0.36554067300534615,0.6359223300970874,0.365564713361365,0.626264839085836,835.9999994,-27.038165709174127
3130051,Icaraí de Minas,MG,Sudeste,120,1,0.36545876659033183,0.24166666666666667,0.36489200998366633,0.24432917860184258,129.17,12.379209992366516
3508801,Cafelândia,SP,Sudeste,178,1,0.3653949485651207,0.398876404494382,0.3653479543964696,0.3956020855934871,191.0000019,-3.3481455929261275
4307609,Estância Velha,RS,Sul,545,1,0.36532942977977323,0.563302752293578,0.36533748666542887,0.5653909864055856,575.9999997,-19.797332251380475
3113206,Carandaí,MG,Sudeste,209,1,0.3651575622803695,0.17703349282296652,0.3645220463537376,0.1725310715485388,238.16,18.8124069457403
3170057,Ubaporanga,MG,Sudeste,163,1,0.36499840944655404,0.3067484662576687,0.3650965366536844,0.30276151617290525,169.10999999999999,5.824994318888532
3149804,Perdizes,MG,Sudeste,229,1,0.36496639419753274,0.16593886462882096,0.3649663941975327,0.16578341013824882,260.40000000000003,19.90275295687118
3155504,Rio Paranaíba,MG,Sudeste,193,1,0.36496639419753274,0.38860103626943004,0.3649663941975327,0.397596326971552,222.16,-2.3634642071897307
4309308,Guaíba,RS,Sul,946,1,0.36493356194753646,0.6733615221987315,0.36493297569775,0.6725214979308483,1156.8333332,-30.8427960251195
3142700,Montalvânia,MG,Sudeste,153,1,0.3648335504188935,0.3333333333333333,0.36505927788270787,0.33104853649499816,161.94,3.1500217085560167
3113008,Caraí,MG,Sudeste,159,1,0.3644244280387759,0.29559748427672955,0.3651078408489317,0.29926712447342607,173.29,6.882694376204634
3544251,Rosana,SP,Sudeste,159,1,0.364351286110517,0.1761006289308176,0.36432652795937803,0.17634322793183174,170.999999,18.825065717969938
4310330,Imbé,RS,Sul,288,1,0.3642590635049213,0.6284722222222222,0.36426169426540056,0.622441099812851,407.3038459,-26.421315871730087
4219002,Urussanga,SC,Sul,216,1,0.3642180886103964,0.2916666666666667,0.3642180586267497,0.29259642970991395,250.96,7.255142194372971
3523305,Itariri,SP,Sudeste,201,1,0.3641725572827607,0.3582089552238806,0.3643803021994278,0.354262404745232,219.9999979,0.5963602058880135
3539004,Pirangi,SP,Sudeste,103,1,0.3640783999220996,0.24271844660194175,0.36407839992209956,0.2439366646117887,112.0000019,12.135995332015787
3511300,Cedral,SP,Sudeste,143,1,0.36407839992209956,0.45454545454545453,0.36407839992209956,0.44266166540238583,161.9999973,-9.046705462335497
3534757,Ouroeste,SP,Sudeste,120,1,0.3640783999220995,0.1,0.3640783999220995,0.10063996325357855,127.95237780000001,26.407839992209947
3145000,Nova Ponte,MG,Sudeste,171,1,0.3638110645546623,0.21052631578947367,0.3638110645546623,0.21141525917297613,188.87,15.328474876518861
3152006,Pompéu,MG,Sudeste,292,1,0.3637497409560372,0.3356164383561644,0.3647340849023819,0.3402777777777778,324.0,2.813330259987279
3139300,Manga,MG,Sudeste,201,1,0.36374015661225223,0.5771144278606966,0.36445227569026006,0.5820967178770949,229.12,-21.33742712484443
3112307,Capelinha,MG,Sudeste,480,1,0.36362730195659204,0.175,0.36410119883449943,0.1750298082169634,494.83,18.862730195659204
3517901,Guaraci,SP,Sudeste,101,1,0.3634818347295548,0.26732673267326734,0.3634818347295549,0.26976190476190476,105.0,9.615510205628746
3552700,Tabatinga,SP,Sudeste,171,1,0.36296086407320516,0.38011695906432746,0.3629109860949411,0.3795125593744579,187.0000021,-1.7156094991122306
3127800,Grão Mogol,MG,Sudeste,130,1,0.3625186247564084,0.13846153846153847,0.3625186247564084,0.13962182759364442,139.09,22.40570862948699
3157708,Santa Juliana,MG,Sudeste,210,1,0.36251862475640834,0.41904761904761906,0.36251862475640834,0.41866218962622603,226.34,-5.652899429121073
3117504,Conceição do Mato Dentro,MG,Sudeste,206,1,0.362500543325958,0.1941747572815534,0.3619916411440989,0.20289442660270743,245.98999999999998,16.83257860444046
3120870,Curral de Dentro,MG,Sudeste,102,1,0.36236055579248455,0.19607843137254902,0.3623605557924846,0.19654689687354177,107.15,16.628212441993554
3159803,Santa Vitória,MG,Sudeste,252,1,0.3622592547001489,0.36904761904761907,0.36223778045069155,0.37092685794056063,272.21,-0.6788364347470155
4220000,Balneário Rincão,SC,Sul,209,1,0.36205105679687355,0.48325358851674644,0.3620405616468277,0.48358505282563996,282.06,-12.120253171987288
3108305,Borda da Mata,MG,Sudeste,166,1,0.3620343071783747,0.19879518072289157,0.36215276593163903,0.19610641699018042,175.16,16.323912645548315
3135506,Jequeri,MG,Sudeste,122,1,0.3617036165118062,0.14754098360655737,0.3617455263669769,0.14778935100881346,137.29,21.416263290524885
3151602,Planura,MG,Sudeste,142,1,0.3615250714814051,0.3380281690140845,0.36152507148140517,0.3404441117764471,160.32,2.3496902467320613
3532405,Nazaré Paulista,SP,Sudeste,211,1,0.3614398318633777,0.3981042654028436,0.3619568436907787,0.3988797059779058,231.0000008,-3.6664433539465913
3169109,Toledo,MG,Sudeste,109,1,0.3613309308541993,0.11009174311926606,0.3613309308541993,0.10806988352745424,120.2,25.123918773493326
4212502,Penha,SC,Sul,320,1,0.3612289764982347,0.4875,0.3612289764982347,0.5149215111264447,579.7,-12.627102350176528
3551108,Sarapuí,SP,Sudeste,107,1,0.3611483911904216,0.4672897196261682,0.3611483911904216,0.4667501460909465,116.0000014,-10.614132843574664
3128303,Guaranésia,MG,Sudeste,210,1,0.36112580270637046,0.3523809523809524,0.3611258027063704,0.34781020231081883,218.97,0.8744850325418052
3110905,Campanha,MG,Sudeste,157,1,0.3611258027063704,0.3503184713375796,0.3611258027063704,0.3518141539935337,167.02,1.0807331368790807
3112703,Capitão Enéas,MG,Sudeste,149,1,0.3611258027063704,0.3624161073825503,0.3611258027063704,0.36210283073367994,173.1,-0.12903046761799097
3132206,Itaguara,MG,Sudeste,142,1,0.3611258027063704,0.09154929577464789,0.3611258027063704,0.09077380952380952,147.84,26.95765069317225
3143005,Monte Belo,MG,Sudeste,141,1,0.3611258027063704,0.19148936170212766,0.3611258027063704,0.19157963446475199,153.2,16.963644100424276
3113701,Carlos Chagas,MG,Sudeste,139,1,0.3611258027063704,0.43884892086330934,0.3611258027063704,0.4415056628914057,150.1,-7.772311815693894
3108008,Bom Sucesso,MG,Sudeste,124,1,0.3611258027063704,0.16129032258064516,0.3611258027063704,0.16276525924305404,137.13,19.983548012572523
3123205,Dores do Indaiá,MG,Sudeste,117,1,0.3611258027063704,0.1452991452991453,0.36112580270637035,0.14564044762901537,124.21000000000001,21.582665740722508
3133402,Itapagipe,MG,Sudeste,115,1,0.36093031548241633,0.22608695652173913,0.3609303154824163,0.22702183825293976,125.01,13.48433589606772
3112604,Capinópolis,MG,Sudeste,173,1,0.3609303154824163,0.26011560693641617,0.3609303154824163,0.2694068733224567,190.01,10.081470854600012
3137809,Lambari,MG,Sudeste,186,1,0.36079896956195834,0.2903225806451613,0.36128395127902346,0.29856514807478624,206.99,7.047638891679703
3150158,Piedade de Caratinga,MG,Sudeste,141,1,0.3607363137894397,0.2624113475177305,0.36073631378943977,0.2588792423046567,152.04,9.832496627170922
3145877,Orizânia,MG,Sudeste,122,1,0.3607363137894397,0.2459016393442623,0.3607363137894397,0.24017281677172608,141.19,11.483467444517743
3502705,Apiaí,SP,Sudeste,263,1,0.3605603885122263,0.25475285171102663,0.36047968978245537,0.2538271992812473,273.9999992,10.580753680119969
3116159,Chapada Gaúcha,MG,Sudeste,208,1,0.3605313326497971,0.3076923076923077,0.3605313326497971,0.3060635653409091,225.28,5.283902495748938
3111507,Campos Altos,MG,Sudeste,155,1,0.3605313326497971,0.32903225806451614,0.36053133264979714,0.34684684684684686,182.04,3.1499074585280953
3128105,Guapé,MG,Sudeste,143,1,0.3605313326497971,0.20279720279720279,0.3605313326497971,0.19603794282764406,154.97,15.77341298525943
3113909,Carmo da Cachoeira,MG,Sudeste,132,1,0.3605313326497971,0.21212121212121213,0.36053133264979703,0.21121743381993432,143.17000000000002,14.841012052858495
3137403,Lagoa Dourada,MG,Sudeste,132,1,0.3605313326497971,0.12121212121212122,0.3605313326497971,0.12746932834269079,144.27,23.93192114376759
3108552,Brasilândia de Minas,MG,Sudeste,206,1,0.36053133264979703,0.23300970873786409,0.36053133264979714,0.2330506593260223,225.23,12.752162391193295
3137502,Lagoa Formosa,MG,Sudeste,199,1,0.36053133264979703,0.17587939698492464,0.3605313326497971,0.17971226530114606,205.05,18.46519356648724
3106002,Bela Vista de Minas,MG,Sudeste,112,1,0.3604395688708573,0.26785714285714285,0.3603183974912767,0.2698479374947493,119.03,9.258242601371446
2602506,Brejinho,PE,Nordeste,105,1,0.36035426332053283,0.20952380952380953,0.36035426332053283,0.20952380952380953,105.0,15.08304537967233
4209409,Laguna,SC,Sul,288,1,0.3602872079526435,0.4791666666666667,0.36024153610546744,0.47084766896806524,433.07,-11.887945871402316
3143104,Monte Carmelo,MG,Sudeste,422,1,0.3602307401849153,0.16824644549763032,0.36103566053242786,0.1682427974488674,454.7,19.1984294687285
3161908,São Gonçalo do Rio Abaixo,MG,Sudeste,164,1,0.35996091888332826,0.08536585365853659,0.35996091888332826,0.0839938483378682,169.06,27.459506522479167
3542107,Rafard,SP,Sudeste,112,1,0.35990813217536255,0.2857142857142857,0.35990813217536255,0.2920015564689816,115.9999988,7.4193846461076856
3135050,Jaíba,MG,Sudeste,536,1,0.3599052863896776,0.39925373134328357,0.3614339497304501,0.40357629027107883,595.03,-3.934844495360595
3157906,Santa Margarida,MG,Sudeste,170,1,0.35981837496419744,0.4,0.3598183749641975,0.39061042595087575,192.98,-4.018162503580259
3159902,Santo Antônio do Amparo,MG,Sudeste,161,1,0.3597895355470426,0.19254658385093168,0.35978953554704257,0.1969592656339644,174.3,16.724295169611096
3104304,Areado,MG,Sudeste,154,1,0.3597895355470426,0.11688311688311688,0.3597895355470427,0.11920014368676286,167.03,24.290641866392576
3169000,Tocantins,MG,Sudeste,152,1,0.3597895355470426,0.2894736842105263,0.3597895355470426,0.28539152149354896,168.19,7.03158513365163
3138609,Lima Duarte,MG,Sudeste,129,1,0.3597895355470426,0.2868217054263566,0.3597895355470426,0.304800108784335,147.08,7.296783012068603
3104601,Astolfo Dutra,MG,Sudeste,123,1,0.3597895355470426,0.11382113821138211,0.3597895355470426,0.11718149684954662,130.14000000000001,24.59683973356605
2606309,Granito,PE,Nordeste,109,1,0.35976034813952756,0.3211009174311927,0.35976034813952745,0.31902510003637685,109.96000000000001,3.8659430708334885
2104073,Feira Nova do Maranhão,MA,Nordeste,109,1,0.35966601906347384,0.3486238532110092,0.3596660190634738,0.346061200820769,112.09,1.1042165852464647
4211504,Nova Trento,SC,Sul,108,1,0.3593850064592496,0.4537037037037037,0.35927036075687485,0.44252584520815863,178.95000000000002,-9.431869724445413
3141009,Mato Verde,MG,Sudeste,135,1,0.3593154988199386,0.2814814814814815,0.35922821863984217,0.2830017452006981,143.25,7.783401733845707
3110301,Caldas,MG,Sudeste,121,1,0.3592632627818517,0.2644628099173554,0.3592632627818518,0.2705026455026456,136.07999999999998,9.480045286449634
3145109,Nova Resende,MG,Sudeste,174,1,0.3591960284498722,0.13218390804597702,0.3591960284498722,0.1342959559751603,198.07,22.701212040389517
3102001,Alterosa,MG,Sudeste,144,1,0.3591960284498722,0.14583333333333334,0.3591960284498722,0.1446697187704382,152.9,21.336269511653885
3120201,Cristais,MG,Sudeste,122,1,0.3591960284498722,0.13934426229508196,0.3591960284498722,0.13919091781259993,125.08,21.985176615479023
4204251,Cocal do Sul,SC,Sul,107,1,0.35916874154707745,0.3644859813084112,0.3589484613377724,0.393992387614443,194.42000000000002,-0.5317239761333747
4205803,Garuva,SC,Sul,230,1,0.35906209158960045,0.32608695652173914,0.35906209158960045,0.332793893129771,327.5,3.2975135067861316
4217600,Siderópolis,SC,Sul,123,1,0.35881410799323793,0.43089430894308944,0.35878104224198687,0.43933402705515084,144.15,-7.208020094985152
3166808,Serra do Salitre,MG,Sudeste,162,1,0.35876465090472975,0.25925925925925924,0.35876465090472975,0.2709966983078828,193.84,9.95053916454705
4215455,Sangão,SC,Sul,157,1,0.35868998662077983,0.5095541401273885,0.3587750842446745,0.5152239065282543,230.23000000000002,-15.08641535066087
3124005,Ervália,MG,Sudeste,151,1,0.35867013745848664,0.1456953642384106,0.3586701374584866,0.15007579585649317,178.11,21.297477322007605
3151701,Poço Fundo,MG,Sudeste,140,1,0.35867013745848664,0.29285714285714287,0.35867013745848664,0.29068000506521463,157.94,6.581299460134376
3117702,Conceição do Rio Verde,MG,Sudeste,129,1,0.35867013745848664,0.21705426356589147,0.3586701374584867,0.2182646356033453,133.92,14.161587389259516
4211207,Morro da Fumaça,SC,Sul,264,1,0.35854111669639743,0.3068181818181818,0.35854111669639743,0.3191024428426992,306.61,5.172293487821561
3115102,Cássia,MG,Sudeste,170,1,0.35849983164886917,0.2235294117647059,0.35864476447456634,0.2230962525947777,183.06,13.497041988416328
3158201,Santa Maria do Suaçuí,MG,Sudeste,118,1,0.35846917833361036,0.16101694915254236,0.3591311982754234,0.16506325278388,132.01,19.7452229181068
3205002,Serra,ES,Sudeste,6396,1,0.35841534573970774,0.39274546591619763,0.3584736580991252,0.39488547328606727,7434.51,-3.4330120176489896
2611533,Quixaba,PE,Nordeste,123,1,0.3583775760326928,0.13008130081300814,0.3583775760326928,0.12961240310077518,129.0,22.82962752196847
3153400,Presidente Olegário,MG,Sudeste,152,1,0.3583602815647571,0.2236842105263158,0.3583602815647571,0.21726969769102594,168.04,13.467607103844129
3114501,Carmópolis de Minas,MG,Sudeste,169,1,0.3583314935997518,0.1834319526627219,0.3583314935997518,0.1831213743864346,179.28,17.48995409370299
4213609,Porto União,SC,Sul,249,1,0.35829887533201754,0.3253012048192771,0.35826402998558227,0.32312356908607137,323.22,3.299767051274044
2106201,Luís Domingues,MA,Nordeste,113,1,0.3582834066261692,0.1504424778761062,0.3582834066261692,0.15041666666666667,120.0,20.784092875006298
2101970,Boa Vista do Gurupi,MA,Nordeste,110,1,0.3582834066261692,0.2,0.3582834066261692,0.2,110.0,15.828340662616919
2100550,Amapá do Maranhão,MA,Nordeste,102,1,0.3582834066261692,0.5686274509803921,0.3582834066261692,0.5702094647013188,103.12,-21.034404435422292
4219507,Xanxerê,SC,Sul,454,1,0.3582741279913522,0.29295154185022027,0.35829200572695147,0.2994008076071382,614.16,6.5322586141131955
3130200,Igaratinga,MG,Sudeste,126,1,0.3582102547439897,0.20634920634920634,0.3582102547439897,0.20525886669384427,147.18,15.186104839478338
3100203,Abaeté,MG,Sudeste,185,1,0.35800864443959646,0.21081081081081082,0.3586584601915135,0.21716971796140525,202.1,14.719783362878564
4310108,Igrejinha,RS,Sul,375,1,0.3577939814517165,0.5226666666666666,0.3578137247453436,0.5235402834330213,409.0000011,-16.487268521495015
5208707,Goiânia,GO,Centro-Oeste,8840,1,0.3577815310572394,0.3029411764705882,0.3577815310572394,0.3050569975686761,10249.56,5.4840354586651205
2107001,Montes Altos,MA,Nordeste,114,1,0.3576909959192087,0.4473684210526316,0.3576909959192087,0.4471900826446281,121.0,-8.967742513342285
3126703,Francisco Sá,MG,Sudeste,176,1,0.3573459777543509,0.5738636363636364,0.35790763137424114,0.5664462405094294,204.15,-21.651765860928545
3111101,Campina Verde,MG,Sudeste,120,1,0.3572141007409423,0.25833333333333336,0.35721410074094223,0.24979482205476383,134.03,9.888076740760892
3156809,Sabinópolis,MG,Sudeste,122,1,0.35712578885278723,0.2540983606557377,0.3571219570116319,0.24988470407378938,130.1,10.302742819704951
3104502,Arinos,MG,Sudeste,183,1,0.35711169152681177,0.5136612021857924,0.3577891628782104,0.5144466209598433,204.2,-15.654951065898059
3144003,Mutum,MG,Sudeste,245,1,0.3570457844818523,0.2,0.35709102951020166,0.20323660714285716,268.8,15.70457844818523
1100288,Rolim de Moura,RO,Norte,673,1,0.35697339749541934,0.2555720653789004,0.35697938824091136,0.2583139251475925,738.52,10.140133211651891
3104908,Baependi,MG,Sudeste,120,1,0.3567506062694029,0.21666666666666667,0.3567506062694029,0.22573081131780523,127.94,14.008393960273624
3107802,Bom Jesus do Galho,MG,Sudeste,143,1,0.3567475049473764,0.22377622377622378,0.3563256165838583,0.22517389864193443,150.95,13.297128117115262
3133709,Itatiaiuçu,MG,Sudeste,162,1,0.3567320601662804,0.19753086419753085,0.35675406837526813,0.20595132628068163,191.89,15.920119596874954
3146909,Papagaios,MG,Sudeste,134,1,0.3566904461929753,0.1044776119402985,0.356979798595142,0.10756391575043052,150.98,25.221283425267682
3109709,Cachoeira de Minas,MG,Sudeste,138,1,0.356630261698075,0.18840579710144928,0.356630261698075,0.1889727296796399,151.08,16.822446459662572
3136306,João Pinheiro,MG,Sudeste,545,1,0.3564665084992807,0.25871559633027524,0.3568694065101593,0.25928620928620927,577.2,9.775091216900545
4218301,Três Barras,SC,Sul,234,1,0.35643122050556075,0.4829059829059829,0.35641220615204194,0.5050678679390671,337.42,-12.647476240042216
3107307,Bocaiúva,MG,Sudeste,514,1,0.3563633333527627,0.2178988326848249,0.357111391815764,0.21726919843300002,559.03,13.84645006679378
4317509,Santo Ângelo,RS,Sul,612,1,0.3562637188011274,0.5686274509803921,0.3562436199478874,0.5717231508347373,666.0000041,-21.236373217926474
3119302,Coromandel,MG,Sudeste,289,1,0.35618955134761776,0.2041522491349481,0.35637784226337915,0.2121775356513379,312.05,15.203730221266968
3132909,Itamogi,MG,Sudeste,104,1,0.3561664001052023,0.20192307692307693,0.3561664001052023,0.19904374003895872,112.94000000000001,15.424332318212535
3536406,Paulicéia,SP,Sudeste,112,1,0.3561491154168759,0.24107142857142858,0.3561491154168759,0.24139051305598597,117.0000032,11.50776868454473
4207106,Ilhota,SC,Sul,188,1,0.3561119050739396,0.5319148936170213,0.3561771464137046,0.5377751140412214,300.33,-17.580298854308168
3139201,Malacacheta,MG,Sudeste,187,1,0.3561070429411195,0.24064171122994651,0.3558886681491174,0.24551962227750418,196.97,11.546533171117298
3151008,Piranguinho,MG,Sudeste,101,1,0.35608344536053926,0.1485148514851485,0.3560834453605393,0.15024278777492145,105.03,20.756859387539077
3114550,Carneirinho,MG,Sudeste,109,1,0.35603906784922024,0.3577981651376147,0.35603906784922024,0.35507066699727247,120.99000000000001,-0.17590972883944622
3110707,Cambuquira,MG,Sudeste,110,1,0.35602208985325795,0.18181818181818182,0.3556688605910224,0.1812778603268945,121.14,17.420390803507612
4203808,Canoinhas,SC,Sul,571,1,0.35593208212994876,0.21891418563922943,0.35594515135487037,0.22195372195372196,740.74,13.701789649071932
4210100,Mafra,SC,Sul,528,1,0.3559244639893233,0.25757575757575757,0.3559299532421661,0.25850289728351883,674.77,9.834870641356574
3120508,Cristina,MG,Sudeste,128,1,0.35564248298696377,0.1796875,0.35564248298696377,0.18269890914638798,131.09,17.595498298696377
3542701,Restinga,SP,Sudeste,105,1,0.3555582783774325,0.44761904761904764,0.3555582783774325,0.4482316308411215,107.0,-9.206076924161517
3553500,Tapiraí,SP,Sudeste,103,1,0.3555582783774325,0.42718446601941745,0.3555582783774325,0.42549019783193276,105.0000003,-7.1626187641984975
3202405,Guarapari,ES,Sudeste,1503,1,0.3554704685599832,0.23486360612109114,0.3554704685599832,0.2400733374471923,1685.36,12.060686243889208
4202206,Benedito Novo,SC,Sul,121,1,0.35527987007685186,0.2975206611570248,0.3552820956133079,0.2953015378073843,141.11,5.775920891982706
4206900,Ibirama,SC,Sul,203,1,0.3552723521143508,0.27586206896551724,0.35527235211435076,0.2819079853595183,254.09,7.941028314883358
3124203,Espera Feliz,MG,Sudeste,208,1,0.3551046763993969,0.40384615384615385,0.35370087110423953,0.4095344414123873,241.86,-4.874147744675694
4219309,Videira,SC,Sul,584,1,0.35506518446357666,0.3561643835616438,0.3550816252617113,0.3616589026915114,772.8,-0.10991990980671607
3149705,Perdigão,MG,Sudeste,150,1,0.3549051620764848,0.18666666666666668,0.3549051620764848,0.19280159160788568,165.87,16.823849540981815
3205309,Vitória,ES,Sudeste,2698,1,0.3548726558420674,0.26612305411415865,0.3548726558420674,0.26801790285688964,2933.61,8.874960172790875
4217709,Sombrio,SC,Sul,332,1,0.35455712039003495,0.4789156626506024,0.3545532734072536,0.4777081428284676,448.37,-12.435854226056748
3551603,Serra Negra,SP,Sudeste,267,1,0.35447519815036577,0.30337078651685395,0.3544751981503657,0.30146836314788,285.9999998,5.110441163351181
3136900,Juruaia,MG,Sudeste,122,1,0.354315253055586,0.1721311475409836,0.35431525305558603,0.17307692307692307,133.12,18.218410551460238
3115458,Catuji,MG,Sudeste,114,1,0.35431246662145566,0.3157894736842105,0.3548904179142269,0.32214440956290746,124.23,3.852299293724515
4205506,Fraiburgo,SC,Sul,452,1,0.35430919686046275,0.22566371681415928,0.3543153752658776,0.2252992511888061,548.87,12.864548004630347
3142908,Monte Azul,MG,Sudeste,138,1,0.35430238593029484,0.32608695652173914,0.3544905449158703,0.32990699951052377,143.01,2.8215429408555703
1100023,Ariquemes,RO,Norte,1066,1,0.3539756482248937,0.34146341463414637,0.3539756482248937,0.3438272787070882,1201.01,1.2512233590747324
3201308,Cariacica,ES,Sudeste,4438,1,0.35396363823866384,0.35286164939161785,0.3539636382386638,0.3536762345843105,5078.43,0.11019888470459871
3205200,Vila Velha,ES,Sudeste,4241,1,0.35396363823866384,0.31619900966753123,0.35396363823866384,0.3225067591802147,4767.59,3.776462857113261
4203600,Campos Novos,SC,Sul,395,1,0.35377710342095586,0.3569620253164557,0.3537895204027177,0.363186665126843,519.54,-0.3184921895499848
3148608,Peçanha,MG,Sudeste,110,1,0.3537583903387999,0.2545454545454545,0.35489619796919003,0.2526819607195907,121.18,9.92129357933454
4202800,Braço do Norte,SC,Sul,390,1,0.3537228499932782,0.4076923076923077,0.35373596824718107,0.41895360688535727,529.82,-5.39694576990295
3545159,Saltinho,SP,Sudeste,101,1,0.3533447013203149,0.3564356435643564,0.3533447013203149,0.3554860595349113,109.9999993,-0.30909422440414946
3133105,Itanhandu,MG,Sudeste,107,1,0.3531078103006118,0.19626168224299065,0.3527317316136484,0.20072992700729927,115.08,15.684612805762113
3171006,Vazante,MG,Sudeste,174,1,0.35303490361832657,0.3448275862068966,0.35307983118053166,0.3471887760443933,191.02,0.8207317411429993
3123908,Entre Rios de Minas,MG,Sudeste,135,1,0.35288941441936206,0.1111111111111111,0.35225299548040123,0.1182636836921345,142.14000000000001,24.177830330825095
3507407,Borborema,SP,Sudeste,118,1,0.3527716277744779,0.1440677966101695,0.3527835358136309,0.14841915242617199,122.999999,20.87038311643084
3512100,Colômbia,SP,Sudeste,107,1,0.3527559677072204,0.27102803738317754,0.3527559677072204,0.27370934445811984,119.0000004,8.172793032404286
3500550,Águas de Santa Bárbara,SP,Sudeste,104,1,0.3527559677072204,0.5096153846153846,0.35275596770722045,0.5101485409828985,109.99999919999999,-15.685941690816419
3129707,Ibiraci,MG,Sudeste,165,1,0.35270829939655457,0.23030303030303031,0.35309355565483386,0.23045494699646643,181.12,12.240526909352425
3151305,Piraúba,MG,Sudeste,121,1,0.3523468312823236,0.14049586776859505,0.3525243782146062,0.1501278178015338,129.09,21.185096351372852
4304705,Carazinho,RS,Sul,547,1,0.3522929275397545,0.5338208409506399,0.35229059935050044,0.5349019056683139,631.0000021,-18.152791341088538
4312401,Montenegro,RS,Sul,651,1,0.3522215560345654,0.5637480798771122,0.35222473691979495,0.5697173251401549,716.9999982,-21.15265238425468
4310207,Ijuí,RS,Sul,767,1,0.3521216083266931,0.43546284224250326,0.35213388059865797,0.439496319127273,838.0000013,-8.334123391581016
3133501,Itapecerica,MG,Sudeste,142,1,0.3519863732240349,0.14084507042253522,0.3528157248067845,0.14461442397752106,160.15,21.114130280149972
3101102,Aimorés,MG,Sudeste,232,1,0.35186123336388897,0.3706896551724138,0.3532262069483318,0.3798827001954997,260.87,-1.8828421808524842
3167103,Serro,MG,Sudeste,149,1,0.3516565042658759,0.3288590604026846,0.3516565042658759,0.3351921073595196,163.19,2.2797443863191322
1100098,Espigão D'Oeste,RO,Norte,392,1,0.3513891531018825,0.30357142857142855,0.3514012176889978,0.3020215943027797,435.3,4.781772453045397
3151404,Pitangui,MG,Sudeste,269,1,0.3509674881598395,0.21189591078066913,0.35126781297961374,0.21301352750116,280.17,13.90715773791704
4321204,Taquara,RS,Sul,489,1,0.350689101791714,0.5480572597137015,0.3506869645967177,0.5494870106594263,517.0000018,-19.736815792198747
4304408,Canela,RS,Sul,465,1,0.35066723178515713,0.524731182795699,0.35067785797142065,0.5295308489150606,565.2615405,-17.406395101054184
3527603,Luís Antônio,SP,Sudeste,123,1,0.3503256156597362,0.5691056910569106,0.35032561565973624,0.5696969700254453,131.0000011,-21.878007539717437
3164605,São Sebastião do Oeste,MG,Sudeste,130,1,0.34989094611421323,0.23076923076923078,0.34989094611421323,0.2353021789776621,145.94,11.912171534498246
3156304,Rodeiro,MG,Sudeste,122,1,0.34989094611421323,0.18032786885245902,0.34989094611421323,0.1804558226662504,128.12,16.95630772617542
4205456,Forquilhinha,SC,Sul,405,1,0.3496466365049696,0.36790123456790125,0.34963088636351963,0.36758799905504375,550.29,-1.825459806293167
4219705,Xaxim,SC,Sul,424,1,0.34955050492214396,0.39622641509433965,0.3495468994953723,0.40294645002680274,540.99,-4.667591017219569
4318507,São José do Norte,RS,Sul,242,1,0.3495163493147573,0.5661157024793388,0.3495151467564727,0.583889445778998,291.4,-21.659935316458157
4317202,Santa Rosa,RS,Sul,709,1,0.3495097667320691,0.48519040902679833,0.34950994745853997,0.48739036135902464,757.9583303000001,-13.56806422947292
4307906,Farroupilha,RS,Sul,703,1,0.34915890308808406,0.4395448079658606,0.34915665854782685,0.44151052677570907,765.9999959,-9.038590487777654
4301602,Bagé,RS,Sul,898,1,0.3491478206910589,0.5690423162583519,0.34914622681055024,0.5662505527323365,1075.8333389,-21.9894495567293
4216503,São Joaquim,SC,Sul,285,1,0.34911996024265574,0.5614035087719298,0.34914665126921574,0.5619756076463974,346.83,-21.228354852927406
3126208,Formoso,MG,Sudeste,103,1,0.3491143201769379,0.1941747572815534,0.3489594168264752,0.1939047619047619,105.0,15.493956289538449
3169703,Turmalina,MG,Sudeste,186,1,0.34897615618802125,0.1774193548387097,0.3490519102874279,0.1749188311688312,197.12,17.155680134931156
3103751,Araporã,MG,Sudeste,117,1,0.34893585642977165,0.26495726495726496,0.34893585642977165,0.2637869082955788,128.02,8.397859147250669
1101492,São Francisco do Guaporé,RO,Norte,264,1,0.34891403342777694,0.36742424242424243,0.34891403342777694,0.36994104127111027,300.21,-1.8510208996465494
1100148,Nova Brasilândia D'Oeste,RO,Norte,240,1,0.34891403342777694,0.24583333333333332,0.34891403342777694,0.24390528403126097,257.19,10.308070009444362
1100403,Alto Paraíso,RO,Norte,171,1,0.34891403342777694,0.39766081871345027,0.3489140334277769,0.3957417033186725,200.08,-4.874678528567333
4321709,Três Coroas,RS,Sul,239,1,0.3486836602092709,0.5774058577405857,0.34868366020927094,0.5775991729780375,275.0000004,-22.872219753131485
2112704,Vargem Grande,MA,Nordeste,526,1,0.3485335056235487,0.034220532319391636,0.34853350562354873,0.03423669627267897,526.92,31.431297330415703
2110500,São Bento,MA,Nordeste,309,1,0.3485335056235487,0.20388349514563106,0.34853350562354873,0.20743645692044588,339.14,14.465001047791763
3165552,Setubinha,MG,Sudeste,122,1,0.3477017960997436,0.3114754098360656,0.3476096705033775,0.3142857142857143,126.0,3.6226386263678023
1101609,Theobroma,RO,Norte,114,1,0.3474634883968497,0.21052631578947367,0.34746348839684965,0.21272857941387846,125.23,13.693717260737603
3161502,São Geraldo,MG,Sudeste,106,1,0.3472292772652014,0.12264150943396226,0.3470452026445574,0.12355668697154286,109.99000000000001,22.458776783123916
4206702,Herval d'Oeste,SC,Sul,225,1,0.3469312778691407,0.37333333333333335,0.3469196765125469,0.37287123845640646,284.79,-2.640205546419266
4212908,Pinhalzinho,SC,Sul,245,1,0.3468879156013943,0.24897959183673468,0.34689667760245335,0.24929159802306425,303.5,9.790832376465964
4322400,Uruguaiana,RS,Sul,966,1,0.3466412296271477,0.5331262939958592,0.3466334107102319,0.5426517566989073,1313.9999976,-18.64850643687115
4216909,São Lourenço do Oeste,SC,Sul,302,1,0.34660629863224424,0.2847682119205298,0.34660629863224424,0.2874311083894672,391.92,6.183808671171443
3100906,Águas Formosas,MG,Sudeste,189,1,0.3465756921857241,0.37566137566137564,0.3466422267077546,0.38081057891283504,198.13,-2.9085683475651547
3138625,Limeira do Oeste,MG,Sudeste,119,1,0.34647641710328936,0.40336134453781514,0.34647641710328936,0.4029580678152781,127.11000000000001,-5.688492743452578
3120805,Cruzília,MG,Sudeste,137,1,0.3464425859205072,0.24087591240875914,0.34677716306868356,0.23974036850921274,143.28,10.556667351174806
3170750,Varjão de Minas,MG,Sudeste,105,1,0.3459231548404579,0.06666666666666667,0.3459231548404579,0.06717640633533589,109.86,27.925648817379123
1100049,Cacoal,RO,Norte,951,1,0.34526855501132475,0.33648790746582546,0.34529764344842995,0.3386921930350955,1033.18,0.8780647545499287
4215653,Santa Rosa do Sul,SC,Sul,116,1,0.3452088850679496,0.25862068965517243,0.3452088618771737,0.2636009160116358,161.57,8.658819541277719
3140506,Martinho Campos,MG,Sudeste,160,1,0.3452061969740469,0.21875,0.34495285717720187,0.21767504269333982,163.96,12.645619697404692
1100080,Costa Marques,RO,Norte,197,1,0.34498059840198786,0.4010152284263959,0.3449805984019878,0.4036312849162011,214.8,-5.603463002440806
3138807,Luz,MG,Sudeste,144,1,0.3448530003835169,0.13194444444444445,0.34444838176209325,0.1312107740585774,152.96,21.290855593907246
3102308,Alvinópolis,MG,Sudeste,108,1,0.34480420598127165,0.18518518518518517,0.34539517949808507,0.1943801652892562,121.0,15.961902079608647
4321501,Torres,RS,Sul,438,1,0.3446921771184825,0.5136986301369864,0.3446680399879873,0.5198678586285965,524.5384641,-16.900645301850385
4211702,Orleans,SC,Sul,237,1,0.3445765847574975,0.35864978902953587,0.3445706892555468,0.35552149240101755,306.62,-1.4073204272038398
4313508,Osório,RS,Sul,465,1,0.34454254243718185,0.5763440860215053,0.3445415766738236,0.5751978276332513,554.777779,-23.180154358432347
4305355,Charqueadas,RS,Sul,322,1,0.34447125439731435,0.48757763975155277,0.3444843278112433,0.48645172762262673,345.0000022,-14.310638535423841
4208807,Jaguaruna,SC,Sul,302,1,0.34446681717441235,0.40397350993377484,0.3444485973000859,0.4236360647267432,425.79,-5.950669275936249
4203907,Capinzal,SC,Sul,283,1,0.3442359514917257,0.3003533568904594,0.34423595149172576,0.3046815459989113,367.4,4.388259460126632
4208500,Ituporanga,SC,Sul,298,1,0.34410711803909083,0.2751677852348993,0.3441135226918328,0.28698295863669093,374.97,6.8939332804191515
4208104,Itaiópolis,SC,Sul,247,1,0.34403138091605406,0.38461538461538464,0.3440142475814952,0.4399916009238984,333.37,-4.058400369933057
3108404,Botelhos,MG,Sudeste,144,1,0.3438748905995384,0.1527777777777778,0.3435705512394931,0.15137981602453005,150.02,19.10971128217606
3100609,Água Boa,MG,Sudeste,108,1,0.3437932094468592,0.21296296296296297,0.34379320944685915,0.21799983035032658,117.89,13.083024648389625
1100346,Alvorada D'Oeste,RO,Norte,144,1,0.34366764731654326,0.3125,0.3436606022403574,0.3165659438322076,168.78,3.1167647316543254
4305454,Cidreira,RS,Sul,145,1,0.3431529801363543,0.6689655172413793,0.3431004371792003,0.6698909129279165,208.9999994,-32.5812537105025
1100304,Vilhena,RO,Norte,1319,1,0.343050570334382,0.2805155420773313,0.343050570334382,0.2834204654753882,1528.33,6.253502825705071
4301636,Balneário Pinhal,RS,Sul,163,1,0.3428249170930944,0.5521472392638037,0.3428249170930944,0.5636055372945221,206.9999989,-20.932232217070933
1100015,Alta Floresta D'Oeste,RO,Norte,275,1,0.34281895316925914,0.32,0.34281895316925914,0.3219171373534885,306.29,2.2818953169259135
3165578,Senador Amaral,MG,Sudeste,116,1,0.34201805341375296,0.35344827586206895,0.34199222464149226,0.36222471071295265,133.95,-1.1430222448315985
3521705,Itaberá,SP,Sudeste,152,1,0.3419541423376319,0.13815789473684212,0.3419541423376319,0.1371197753505597,161.0000005,20.379624760078975
3147600,Passa Quatro,MG,Sudeste,141,1,0.3411682681704945,0.19148936170212766,0.3415690777423624,0.19624413145539907,149.1,14.967890646836684
4316808,Santa Cruz do Sul,RS,Sul,1032,1,0.34099840980682117,0.5067829457364341,0.3409984024996733,0.5155681891353504,1193.9090917,-16.578453592961296
5201108,Anápolis,GO,Centro-Oeste,3468,1,0.3403275571783301,0.26528258362168394,0.3403275571783301,0.2676091276183852,3910.33,7.504497355664613
4209706,Lebon Régis,SC,Sul,138,1,0.33990111336246887,0.4057971014492754,0.3398702244113728,0.40696651312043886,193.21,-6.589598808680652
1100379,Alto Alegre dos Parecis,RO,Norte,186,1,0.3398791753189402,0.20430107526881722,0.3398791753189402,0.2045791711996835,202.22,13.557810005012296
1100700,Campo Novo de Rondônia,RO,Norte,163,1,0.3398791753189402,0.27607361963190186,0.3398791753189402,0.28053532102320855,177.09,6.380555568703833
4206009,Governador Celso Ramos,SC,Sul,115,1,0.33962046284012504,0.3130434782608696,0.339620462840125,0.32816737698566445,283.91,2.6576984579255445
4308607,Garibaldi,RS,Sul,303,1,0.3395536485387824,0.4158415841584158,0.3395536450317908,0.42021980910439555,344.0000004,-7.628793561963343
4209607,Lauro Muller,SC,Sul,162,1,0.33939249964386325,0.30246913580246915,0.3394166480858864,0.31275220202195514,230.47,3.692336384139411
4306403,Dois Irmãos,RS,Sul,341,1,0.3385585810404265,0.4222873900293255,0.33854987043313695,0.42227445024756355,358.000005,-8.3728808988899
4314803,Portão,RS,Sul,317,1,0.3383120752168302,0.5899053627760252,0.3383100944372021,0.6020019583276038,373.00000190000003,-25.159328755919503
4322806,Veranópolis,RS,Sul,206,1,0.33830146936711164,0.42718446601941745,0.33830146936711153,0.429603373721624,224.9999984,-8.888299665230582
4213708,Pouso Redondo,SC,Sul,245,1,0.33804039130458025,0.37142857142857144,0.33801767844683384,0.3648360355967329,328.12,-3.33881801239912
1100254,Presidente Médici,RO,Norte,202,1,0.33785351830579974,0.31683168316831684,0.3379273515794532,0.3219324879442757,223.96,2.1021835137482903
4214003,Presidente Getúlio,SC,Sul,223,1,0.3375162795669784,0.4080717488789238,0.3374605262668023,0.4141816197476969,311.53,-7.05554693119454
3201209,Cachoeiro de Itapemirim,ES,Sudeste,1808,1,0.33738500949797023,0.2793141592920354,0.33738500949797023,0.2830722918498428,2013.09,5.807085020593483
4217501,Seara,SC,Sul,239,1,0.3373518150100797,0.3682008368200837,0.33733626428382885,0.37504485402055127,306.55,-3.0849021810003983
1101500,Seringueiras,RO,Norte,186,1,0.3372903042252944,0.3387096774193548,0.3372903042252943,0.3393844916021321,198.86,-0.1419373194060436
1101104,Itapuã do Oeste,RO,Norte,160,1,0.3372903042252944,0.2875,0.3372903042252944,0.2936991869918699,177.12,4.979030422529441
1101708,Urupá,RO,Norte,146,1,0.3372903042252944,0.3904109589041096,0.3372903042252944,0.38725084378781127,157.03,-5.312065467881522
1101757,Vale do Anari,RO,Norte,115,1,0.3372903042252944,0.4434782608695652,0.33729030422529444,0.44345213931963956,123.17,-10.618795664427083
4206207,Gravatal,SC,Sul,114,1,0.3372489093136903,0.34210526315789475,0.337239236536986,0.3380460280225702,157.73,-0.4856353844204464
4313300,Nova Prata,RS,Sul,246,1,0.3371899439667105,0.3983739837398374,0.337191814634527,0.40169413349997024,277.0000003,-6.118403977312692
4217808,Taió,SC,Sul,176,1,0.33712182303990446,0.2840909090909091,0.3371999105461023,0.27363468472429864,227.42,5.303091394899534
4211009,Mondaí,SC,Sul,104,1,0.336977128470568,0.3942307692307692,0.3369633940526888,0.42050700575038474,123.47,-5.7253640760201225
4309100,Gramado,RS,Sul,442,1,0.3368819631541445,0.4230769230769231,0.33688248495297773,0.4213270345590721,492.455178,-8.619495992277859
4313375,Nova Santa Rita,RS,Sul,357,1,0.3367632119317444,0.35294117647058826,0.33676321193174436,0.351228502554054,419.9999978,-1.6177964538843848
4210605,Massaranduba,SC,Sul,218,1,0.33674156222569784,0.23394495412844038,0.3367768631803889,0.23223448919297152,257.24,10.279660809725746
4323804,Xangri-lá,RS,Sul,204,1,0.3366248557417514,0.6127450980392157,0.3366248557417514,0.6190261888981133,242.8750027,-27.612024229746435
4313904,Panambi,RS,Sul,513,1,0.33661409913252033,0.4502923976608187,0.3366069203887466,0.44895719774913123,553.9999981,-11.367829852829836
4210001,Luiz Alves,SC,Sul,186,1,0.33654307019052626,0.3709677419354839,0.33663100914957245,0.38455138590883214,228.37,-3.4424671744957616
4218806,Turvo,SC,Sul,129,1,0.33647360096320367,0.2713178294573643,0.3364154972934153,0.27052284387979475,163.72,6.515577150583934
4211603,Nova Veneza,SC,Sul,152,1,0.3363759769269894,0.2565789473684211,0.3364461867766916,0.26740198879871985,174.98,7.979702955856832
4215505,Santa Cecília,SC,Sul,230,1,0.3363677341670459,0.4260869565217391,0.3363677341670459,0.42589167767503305,264.95,-8.971922235469322
4209904,Lontras,SC,Sul,179,1,0.3363677341670459,0.39664804469273746,0.3363677341670459,0.4158979924036897,221.16,-6.028031052569155
3140902,Matipó,MG,Sudeste,247,1,0.3363023728023329,0.1902834008097166,0.3366027061974183,0.19258994803443216,252.09,14.601897199261629
4217006,São Ludgero,SC,Sul,189,1,0.33629784846190314,0.31216931216931215,0.3362978484619032,0.31367606014225263,222.14,2.4128536292590983
4205001,Dionísio Cerqueira,SC,Sul,172,1,0.33625248060498697,0.27906976744186046,0.33621207560467453,0.30869709780078847,210.53,5.71827131631265
4204558,Correia Pinto,SC,Sul,168,1,0.3362353447665064,0.43452380952380953,0.3362248454657868,0.4302711048544571,220.21,-9.828846475730312
4208401,Itapiranga,SC,Sul,231,1,0.33607927817672884,0.1774891774891775,0.3360353605800948,0.18370903158831378,269.72,15.859010068755133
4202057,Balneário Barra do Sul,SC,Sul,140,1,0.3360562090124197,0.5,0.3360562090124197,0.4882358780899434,201.46,-16.394379098758026
1100064,Colorado do Oeste,RO,Norte,175,1,0.33602364995864353,0.28,0.33602364995864353,0.28284397493656466,193.11,5.602364995864351
4200101,Abelardo Luz,SC,Sul,250,1,0.3360159389370752,0.412,0.336120972439247,0.4370413853830349,306.63,-7.598406106292477
4215109,Rodeio,SC,Sul,120,1,0.3359842217984053,0.31666666666666665,0.335985843613771,0.3238629283489097,160.5,1.9317555131738662
4212106,Palmitos,SC,Sul,163,1,0.33585008131028343,0.3558282208588957,0.33584582949672886,0.3571466286498759,189.39000000000001,-1.9978139548612273
4307807,Estrela,RS,Sul,260,1,0.33583872825630046,0.48846153846153845,0.3358235331609946,0.4962451280436683,311.9999999,-15.2622810205238
4204509,Corupá,SC,Sul,189,1,0.3357925985882326,0.19576719576719576,0.3357925985882326,0.2029149390626963,238.77,14.002540282103688
4216701,São José do Cedro,SC,Sul,159,1,0.3357925985882326,0.1761006289308176,0.3357925985882326,0.17753006424688375,182.10999999999999,15.969196965741503
4200705,Alfredo Wagner,SC,Sul,114,1,0.33576923200988834,0.5175438596491229,0.33564848320254326,0.5354062057422428,155.34,-18.17746276392345
4202602,Bom Retiro,SC,Sul,107,1,0.3357614226051453,0.5420560747663551,0.3357899670713587,0.5366590523911281,135.71,-20.62946521612098
3112802,Capitólio,MG,Sudeste,105,1,0.3357091482908066,0.1523809523809524,0.3358862110027163,0.1534812807047264,118.06,18.332819590985423
2106805,Mirinzal,MA,Nordeste,143,1,0.33565930467243366,0.3006993006993007,0.3356593046724336,0.30619400077911957,154.02,3.4960003973132983
4313060,Nova Hartz,RS,Sul,244,1,0.3354800850517112,0.5450819672131147,0.33551046023155495,0.5487640724293913,278.0000003,-20.960188216140356
4207908,Irineópolis,SC,Sul,129,1,0.3348928644190867,0.20155038759689922,0.33489286441908667,0.20744217230975526,149.15,13.33424768221875
4211751,Otacílio Costa,SC,Sul,252,1,0.3347615944346546,0.32936507936507936,0.334897568787527,0.3357827056816691,304.84,0.5396515069575225
4304804,Carlos Barbosa,RS,Sul,259,1,0.33475708633412965,0.37065637065637064,0.33476309051608844,0.374558537054859,281.9999988,-3.5899284322240987
4322004,Triunfo,RS,Sul,312,1,0.3345514625521493,0.33974358974358976,0.3345572937326653,0.3397510874873825,331.0000013,-0.5192127191440465
4212254,Passo de Torres,SC,Sul,159,1,0.33435782345321263,0.4025157232704403,0.33435782345321263,0.4013500150479384,232.59,-6.815789981722764
4200200,Agrolândia,SC,Sul,154,1,0.33435782345321263,0.23376623376623376,0.33435782345321263,0.23970554405337013,173.88,10.059158968697886
4213401,Ponte Serrada,SC,Sul,164,1,0.33418079661160116,0.45121951219512196,0.3341935422509152,0.46386012893143197,204.76,-11.70387155835208
4207809,Irani,SC,Sul,123,1,0.33394121382213227,0.34146341463414637,0.3339274227220719,0.34256436863609835,154.19,-0.7522200812014102
4207205,Imaruí,SC,Sul,111,1,0.33388093549868847,0.5495495495495496,0.33389946394470926,0.558583661818676,147.14000000000001,-21.56686140508611
4212205,Papanduva,SC,Sul,177,1,0.3332412331798884,0.3220338983050847,0.3334957468513332,0.3067460141226629,225.17,1.1207334874803687
1100155,Ouro Preto do Oeste,RO,Norte,362,1,0.3329808228207113,0.3342541436464088,0.3329808228207113,0.3359474138368611,394.02,-0.12733208256975326
4301057,Arroio do Sal,RS,Sul,136,1,0.3329223168998614,0.5294117647058824,0.33292231689986135,0.5321843232947917,160.8823542,-19.648944780602097
1101401,Monte Negro,RO,Norte,172,1,0.33291564457728506,0.29069767441860467,0.33291564457728506,0.3010306025870228,190.18,4.22179701586804
4218905,Urubici,SC,Sul,113,1,0.33290381661222945,0.23893805309734514,0.33290381661222945,0.231131498470948,163.5,9.39657635148843
3139805,Mar de Espanha,MG,Sudeste,156,1,0.332808292675984,0.3141025641025641,0.33334661627056733,0.3190263044944509,163.09,1.87057285734199
4216008,São Carlos,SC,Sul,128,1,0.3327259547698028,0.2734375,0.33277521488094886,0.2882524026302479,158.16,5.928845476980282
4204707,Cunha Porã,SC,Sul,123,1,0.33264382302509565,0.25203252032520324,0.3326306996915282,0.2581512825559273,152.43,8.061130269989242
4211058,Monte Carlo,SC,Sul,118,1,0.3324966462037784,0.4661016949152542,0.3324966462037784,0.47337573263499194,160.38,-13.360504871147583
2107100,Morros,MA,Nordeste,239,1,0.33245194470019424,0.3305439330543933,0.3324519447001942,0.33025858741798536,259.1,0.19080116458009555
4119509,Piraquara,PR,Sul,1321,1,0.3317845489347867,0.49053747161241484,0.3317845489347867,0.49464708668877305,1583.25,-15.875292267762815
4203303,Campo Alegre,SC,Sul,145,1,0.33163661651692633,0.4,0.33163661651692633,0.4018879184072045,184.32999999999998,-6.836338348307369
4204004,Catanduvas,SC,Sul,142,1,0.33163661651692633,0.2605633802816901,0.33163661651692633,0.275732531930879,186.34,7.10732362352362
4214706,Rio dos Cedros,SC,Sul,105,1,0.33163661651692633,0.3142857142857143,0.3316366165169263,0.31401647250871856,134.77,1.735090223121205
4217303,Saudades,SC,Sul,140,1,0.33132955190416535,0.17142857142857143,0.33131212633191315,0.17714877906600168,154.39000000000001,15.990098047559393
1101302,Mirante da Serra,RO,Norte,130,1,0.33129495593543645,0.26153846153846155,0.3312949559354365,0.2619157188876471,152.10999999999999,6.97564943969749
4208708,Jacinto Machado,SC,Sul,113,1,0.3312904166282352,0.34513274336283184,0.3312660070439315,0.32781573571881384,141.97,-1.3842326734596622
4214201,Quilombo,SC,Sul,118,1,0.3310655348187863,0.3050847457627119,0.3310655348187863,0.2992669861855089,141.88,2.5980789056074425
4204400,Coronel Freitas,SC,Sul,102,1,0.3310655348187863,0.13725490196078433,0.3310655348187863,0.1327334083239595,124.46000000000001,19.3810632858002
4205308,Faxinal dos Guedes,SC,Sul,129,1,0.33032985304138907,0.3333333333333333,0.33032985304138907,0.3347112693971,157.24,-0.30034802919442494
3100302,Abre Campo,MG,Sudeste,102,1,0.32979296242827577,0.1568627450980392,0.33052626294165294,0.14950958734646994,113.17,17.293021733023657
5208806,Goianira,GO,Centro-Oeste,1021,1,0.329413410608119,0.1929480901077375,0.329413410608119,0.18999575283216752,1153.71,13.646532050038152
4100400,Almirante Tamandaré,PR,Sul,1101,1,0.32889573682953355,0.5413260672116258,0.32889573682953355,0.5488137901108027,1336.61,-21.243033038209227
3201506,Colatina,ES,Sudeste,1112,1,0.32831541229668854,0.21672661870503598,0.3282868243910676,0.21755001927762238,1219.03,11.158879359165255
3203205,Linhares,ES,Sudeste,2058,1,0.3274928661788122,0.3216715257531584,0.3274628313100648,0.32166969871959084,2303.17,0.5821340425653798
1100114,Jaru,RO,Norte,595,1,0.3272242158749641,0.346218487394958,0.32721375647666684,0.34835938948279055,647.32,-1.8994271519993888
4303004,Cachoeira do Sul,RS,Sul,506,1,0.32719332524714084,0.5968379446640316,0.3271948828648317,0.5954078709120638,598.9999992,-26.964461941689077
5214507,Nerópolis,GO,Centro-Oeste,377,1,0.3261885287565418,0.2891246684350133,0.32618852875654186,0.2882640295484332,419.65,3.706386032152853
3200607,Aracruz,ES,Sudeste,1243,1,0.3259380649597161,0.25663716814159293,0.32593806495971617,0.2564553782401067,1409.29,6.930089681812318
1100189,Pimenta Bueno,RO,Norte,472,1,0.3247925394522221,0.18220338983050846,0.3247925394522221,0.18942271173566275,526.6,14.258914962171362
5213087,Minaçu,GO,Centro-Oeste,274,1,0.3243158380448683,0.18248175182481752,0.32431583804486824,0.18578613752239215,290.28000000000003,14.183408622005079
4322608,Venâncio Aires,RS,Sul,487,1,0.32414835585737695,0.38809034907597534,0.3241579389646834,0.38792267320235235,527.6666672,-6.394199321859839
4213807,Praia Grande,SC,Sul,110,1,0.3240543806198761,0.2818181818181818,0.3240543521846977,0.28137940882478935,140.06,4.223619880169433
4211108,Monte Castelo,SC,Sul,108,1,0.3234904079511273,0.4537037037037037,0.32349038100695376,0.46060278416002165,147.98,-13.02132957525764
4201505,Armazém,SC,Sul,122,1,0.32349026935715336,0.20491803278688525,0.3234903182174375,0.21222922950370168,145.88,11.857223657026811
4317103,Sant'Ana do Livramento,RS,Sul,680,1,0.32337696988685743,0.5235294117647059,0.32335468737502165,0.5199507079361944,829.5999973,-20.015244187784848
4216404,São João do Sul,SC,Sul,115,1,0.32333155112483347,0.21739130434782608,0.32333155112483347,0.23317243228747656,149.16,10.59402467770074
4303509,Camaquã,RS,Sul,560,1,0.3229960661042487,0.40535714285714286,0.32298972909587625,0.4044778249412917,646.9999962,-8.236107675289418
4300406,Alegrete,RS,Sul,501,1,0.32276585781266637,0.5489021956087824,0.32268883954269767,0.5551260747532452,657.8333359,-22.613633779611604
5220405,São Simão,GO,Centro-Oeste,216,1,0.32270973384081264,0.17592592592592593,0.3227097338408127,0.1770397051432401,238.76,14.67838079148867
4212304,Paulo Lopes,SC,Sul,118,1,0.3224782372176226,0.6016949152542372,0.3224782372176226,0.5997517160800351,136.94,-27.921667803661464
4318002,São Borja,RS,Sul,492,1,0.3223989575891294,0.5284552845528455,0.3223851389465833,0.5176018005996116,636.0000039,-20.60563269637161
4318309,São Gabriel,RS,Sul,533,1,0.322325623286876,0.600375234521576,0.32231404345369724,0.6088075292961722,661.000004,-27.804961123470008
4215307,Salete,SC,Sul,110,1,0.3217482371789744,0.3181818181818182,0.3217640626440025,0.3264156765931184,129.62,0.35664189971562066
4316006,Rolante,RS,Sul,190,1,0.3214617773765451,0.3368421052631579,0.3214566492491584,0.3355264753421059,199.9999992,-1.538032788661281
4201208,Antônio Carlos,SC,Sul,170,1,0.3213639643630756,0.2647058823529412,0.3213651729098677,0.26463998370506164,196.38,5.665808201013444
4319505,São Sebastião do Caí,RS,Sul,209,1,0.32112549688761627,0.5598086124401914,0.3211062802973239,0.5592356235407482,234.0000007,-23.868311555257517
5205406,Ceres,GO,Centro-Oeste,164,1,0.32107203125912587,0.054878048780487805,0.32107203125912587,0.054878048780487805,164.0,26.619398247863806
4206652,Guatambú,SC,Sul,125,1,0.3210155032341047,0.568,0.32103551451420564,0.5706711576846308,160.32,-24.698449676589522
4203501,Campo Erê,SC,Sul,122,1,0.3208141091081925,0.5081967213114754,0.3208141091081925,0.5170772096874353,144.93,-18.73826122032829
4306809,Encantado,RS,Sul,188,1,0.3207922251730153,0.42021276595744683,0.3207873128819537,0.4356737740086466,219.0000009,-9.942054078443153
4301008,Arroio do Meio,RS,Sul,165,1,0.320449876136068,0.3696969696969697,0.320449876136068,0.3636354182294284,191.0000028,-4.924709356090168
1100320,São Miguel do Guaporé,RO,Norte,302,1,0.32039432741345586,0.3079470198675497,0.3203943274134559,0.3086269002991636,327.58,1.2447307545906172
4310801,Ivoti,RS,Sul,226,1,0.3203645006059258,0.42920353982300885,0.3203645006059258,0.4314976460429112,246.9999996,-10.883903921708304
5201801,Aragoiânia,GO,Centro-Oeste,170,1,0.3199294652113803,0.37058823529411766,0.3199294652113803,0.37147006616104566,185.91,-5.065877008273734
5203559,Bonfinópolis,GO,Centro-Oeste,123,1,0.3199294652113803,0.13821138211382114,0.3199294652113804,0.1367238593521582,129.97,18.171808309755917
5207907,Flores de Goiás,GO,Centro-Oeste,138,1,0.3193689102290501,0.3333333333333333,0.3193689102290501,0.345841719145621,154.03,-1.3964423104283197
5209903,Iaciara,GO,Centro-Oeste,122,1,0.3193689102290501,0.3442622950819672,0.3193689102290501,0.3458068333086821,135.22,-2.489338485291709
4309407,Guaporé,RS,Sul,240,1,0.3186971662259686,0.5041666666666667,0.31870500362774923,0.5041034767472651,265.9999964,-18.546950044069803
1100502,Novo Horizonte do Oeste,RO,Norte,102,1,0.3185983793298122,0.29411764705882354,0.3185983793298123,0.2933088909257562,109.10000000000001,2.448073227098868
4313201,Nova Petrópolis,RS,Sul,244,1,0.31829781024357284,0.4344262295081967,0.3182988430626798,0.435271521533112,264.7500004,-11.612841926462385
4306106,Cruz Alta,RS,Sul,535,1,0.31818487548129887,0.4373831775700935,0.31815134853233074,0.4530539094262383,616.0000044,-11.919830208879462
4319000,São Marcos,RS,Sul,152,1,0.3181639693651072,0.5526315789473685,0.31815244163242506,0.5557696695231618,171.000002,-23.446760958226125
4308102,Feliz,RS,Sul,131,1,0.31762425427122126,0.5419847328244275,0.3176128784574738,0.5395347623552699,141.0000002,-22.436047855320624
3205101,Viana,ES,Sudeste,1080,1,0.317039602476335,0.30925925925925923,0.317039602476335,0.3120048647826895,1184.02,0.7780343217075769
4302352,Bom Princípio,RS,Sul,171,1,0.31632740089408834,0.49707602339181284,0.31632920490512073,0.49330699781537873,187.99999839999998,-18.07486224977245
1100056,Cerejeiras,RO,Norte,244,1,0.3162842711039432,0.3319672131147541,0.3162842711039432,0.3318045231693816,252.92000000000002,-1.5682942010810885
4322509,Vacaria,RS,Sul,716,1,0.3159550313816577,0.5810055865921788,0.31594504104169274,0.5868778381981625,825.0000056,-26.505055521052114
5203203,Barro Alto,GO,Centro-Oeste,145,1,0.3158475369059087,0.21379310344827587,0.3158475369059087,0.2211917916337806,152.04,10.205443345763285
5208004,Formosa,GO,Centro-Oeste,1171,1,0.3154741289838011,0.3569598633646456,0.31547412898380106,0.3598048917320533,1283.39,-4.148573438084446
1101005,Governador Jorge Teixeira,RO,Norte,124,1,0.3153852764493439,0.2903225806451613,0.3153852764493439,0.2923851106342041,135.13,2.506269580418258
4318804,São Lourenço do Sul,RS,Sul,352,1,0.3146736128338589,0.4318181818181818,0.3146618928386793,0.4241203630499465,439.6078433,-11.71445689843229
4304507,Canguçu,RS,Sul,338,1,0.3146586135535671,0.4319526627218935,0.31465601233500706,0.435615334376277,357.0000019,-11.729404916832637
4316402,Rosário do Sul,RS,Sul,280,1,0.3145180695710169,0.6285714285714286,0.31452482198940995,0.6330391949540407,346.0000026,-31.405335900041166
4105805,Colombo,PR,Sul,3101,1,0.31426320199704516,0.3908416639793615,0.3142632019970451,0.3933582329273538,3673.42,-7.657846198231633
3201100,Bom Jesus do Norte,ES,Sudeste,108,1,0.31401377451276635,0.3333333333333333,0.31401377451276635,0.3266086390628813,122.93,-1.9319558820566962
4322707,Vera Cruz,RS,Sul,202,1,0.31321669471972496,0.5445544554455446,0.31321418791215,0.554735186409795,215.0000004,-23.133776072581963
5212501,Luziânia,GO,Centro-Oeste,2885,1,0.31321462720952997,0.33587521663778164,0.31321462720953,0.33739013967304643,3016.33,-2.2660589428251665
4304200,Candelária,RS,Sul,228,1,0.3132134876794312,0.4692982456140351,0.31321201602417653,0.469878241439958,248.0000009,-15.608475793460391
4302808,Caçapava do Sul,RS,Sul,275,1,0.31316592542402794,0.5127272727272727,0.313173604567148,0.519849764619465,332.9090912,-19.956134730324475
5200050,Abadia de Goiás,GO,Centro-Oeste,319,1,0.31314078685068036,0.3542319749216301,0.31314078685068036,0.35539466212379334,352.2,-4.1091188070949745
4315701,Rio Pardo,RS,Sul,317,1,0.31246649957700867,0.38801261829652994,0.3124575114882948,0.39118361064498663,367.9999997,-7.554611871952127
5204904,Campos Belos,GO,Centro-Oeste,222,1,0.31190667191347626,0.23423423423423423,0.3119066719134762,0.24256341114013652,237.34,7.767243767924203
4317608,Santo Antônio da Patrulha,RS,Sul,297,1,0.3117478283097856,0.4175084175084175,0.3117573058920291,0.4106715967405593,332.0000002,-10.57605891986319
4126256,Sarandi,PR,Sul,1465,1,0.3116667434759035,0.4341296928327645,0.3116667434759035,0.4345130355597028,1778.98,-12.246294935686098
1100924,Chupinguaia,RO,Norte,154,1,0.31115021903030293,0.2662337662337662,0.31115021903030293,0.2710045279221868,178.89000000000001,4.491645279653672
4301107,Arroio dos Ratos,RS,Sul,130,1,0.310553015519933,0.5923076923076923,0.3105424789270699,0.5916270497415361,157.9999999,-28.175467678775934
5218300,Posse,GO,Centro-Oeste,395,1,0.31043009851813375,0.189873417721519,0.31043009851813375,0.19055632548010296,404.08,12.055668079661475
5204508,Caldas Novas,GO,Centro-Oeste,1129,1,0.31039065315840253,0.37023914968999116,0.31039065315840253,0.3706690458041716,1154.48,-5.9848496531588635
4218509,Treze Tílias,SC,Sul,138,1,0.31031163053174526,0.2753623188405797,0.31031163053174526,0.2807140766754463,170.85,3.494931169116555
4317400,Santiago,RS,Sul,392,1,0.31011460576271555,0.4005102040816326,0.31010025057203816,0.3977940894042757,432.0000012,-9.039559831891708
5200555,Alto Horizonte,GO,Centro-Oeste,115,1,0.30992394152226604,0.2782608695652174,0.309923941522266,0.2751398880895284,125.10000000000001,3.166307195704865
5208608,Goianésia,GO,Centro-Oeste,887,1,0.3098839591130042,0.17361894024802707,0.30988395911300426,0.17711817168338906,932.88,13.626501886497714
4321451,Teutônia,RS,Sul,268,1,0.3096304014653741,0.3694029850746269,0.30965333988975646,0.3705251276639187,274.9999989,-5.9772583609252745
3200805,Baixo Guandu,ES,Sudeste,275,1,0.30884949887306146,0.2545454545454545,0.30884949887306146,0.25390990293766724,310.11,5.430404432760694
4320800,Soledade,RS,Sul,248,1,0.3087566266703909,0.3709677419354839,0.30873591753198676,0.36888225867144137,283.0000027,-6.221111526509299
3203320,Marataízes,ES,Sudeste,568,1,0.308718110610121,0.3028169014084507,0.308718110610121,0.3059408053159387,656.14,0.590120920167031
4306767,Eldorado do Sul,RS,Sul,322,1,0.30840090151597743,0.7049689440993789,0.30839805822777394,0.7135877720738275,472.0069453,-39.65680425834015
3200409,Anchieta,ES,Sudeste,385,1,0.3082034185602459,0.11688311688311688,0.3082034185602459,0.11590767610017717,417.65999999999997,19.132030167712905
1100072,Corumbiara,RO,Norte,129,1,0.30792598652729586,0.27906976744186046,0.30792598652729586,0.27325621192415633,146.09,2.8856219085435395
4321303,Taquari,RS,Sul,226,1,0.3078966969736211,0.7345132743362832,0.307856034045406,0.7436036527909066,276.9999997,-42.661657736266214
4306601,Dom Pedrito,RS,Sul,312,1,0.3071602511115748,0.5192307692307693,0.307087735263263,0.5220085343553373,375.9999992,-21.20705181191945
4119152,Pinhais,PR,Sul,1315,1,0.3063912027582908,0.4266159695817491,0.3063912027582908,0.4263676844783716,1509.12,-12.022476682345829
4317301,Santa Vitória do Palmar,RS,Sul,253,1,0.3062288673941218,0.5375494071146245,0.3062120379016058,0.5388852663874893,303.909092,-23.132053972050272
4308201,Flores da Cunha,RS,Sul,279,1,0.30596413634225844,0.4050179211469534,0.30597435348446334,0.4062939293040812,310.0000025,-9.905378480469496
3204203,Piúma,ES,Sudeste,320,1,0.30520675072290127,0.290625,0.3052067507229013,0.2911269999413937,341.26,1.4581750722901243
4311809,Marau,RS,Sul,432,1,0.30431940066728136,0.5347222222222222,0.3042920979837445,0.538546726338567,492.9999965,-23.040282155494086
3203130,João Neiva,ES,Sudeste,125,1,0.3036897880877204,0.224,0.30368978808772035,0.2272859851246901,137.14000000000001,7.9689788087720395
4308508,Frederico Westphalen,RS,Sul,294,1,0.30291338819441016,0.35714285714285715,0.30289627374882455,0.35922830022637475,313.0000037,-5.422946894844699
4311304,Lagoa Vermelha,RS,Sul,266,1,0.3027511946600824,0.4774436090225564,0.3027589633117431,0.4731981736983795,314.5555551,-17.4692414362474
4306502,Dom Feliciano,RS,Sul,105,1,0.3025722530302067,0.5523809523809524,0.3025518953230293,0.5627280988403209,119.0000022,-24.980869935074573
4313706,Palmeira das Missões,RS,Sul,281,1,0.30235659637205653,0.4697508896797153,0.3023419600561478,0.4814431109287321,345.0000011,-16.739429330765876
4115705,Matinhos,PR,Sul,485,1,0.30219532004319605,0.36082474226804123,0.30219532004319605,0.36846121941103277,602.75,-5.862942222484518
4318903,São Luiz Gonzaga,RS,Sul,368,1,0.30210476497889216,0.5027173913043478,0.3020906950557956,0.5072649927026968,399.0000016,-20.061262632545564
4310603,Itaqui,RS,Sul,327,1,0.30203330227145314,0.5107033639143731,0.3019683404446896,0.5208659173341988,440.0000011,-20.867006164291997
3200706,Atilio Vivacqua,ES,Sudeste,113,1,0.3011423242184111,0.22123893805309736,0.30114232421841103,0.22502017756255044,123.9,7.990338616531373
4111258,Itaperuçu,PR,Sul,443,1,0.3010383654896587,0.4672686230248307,0.3010383654896587,0.4750664691197662,492.71,-16.6230257535172
4118204,Paranaguá,PR,Sul,1256,1,0.30084334055799866,0.37738853503184716,0.30084334055799866,0.38293585630194776,1583.32,-7.65451944738485
4106902,Curitiba,PR,Sul,12923,1,0.3000554850752495,0.3382341561556914,0.3000554850752495,0.34038741039079345,15873.09,-3.817867108044193
3204302,Presidente Kennedy,ES,Sudeste,182,1,0.29982283982673974,0.3021978021978022,0.29982283982673974,0.3015865121599443,201.07,-0.2374962371062439
5213004,Maurilândia,GO,Centro-Oeste,118,1,0.29769642405665886,0.16101694915254236,0.29769642405665886,0.16211970899470898,120.96000000000001,13.66794749041165
5205109,Catalão,GO,Centro-Oeste,951,1,0.2974108767078183,0.231335436382755,0.2974108767078183,0.23118374970814848,1070.75,6.607544032506329
4107652,Fazenda Rio Grande,PR,Sul,1941,1,0.2973071868285968,0.35188047398248323,0.29730718682859686,0.3530788465032575,2311.58,-5.457328715388643
5206206,Cristalina,GO,Centro-Oeste,848,1,0.2970036654243855,0.30778301886792453,0.2970036654243855,0.3090449208610844,905.37,-1.077935344353903
5211503,Itumbiara,GO,Centro-Oeste,1112,1,0.29699641291915224,0.25539568345323743,0.29699641291915224,0.2556280278666546,1215.79,4.160072946591481
3202801,Itapemirim,ES,Sudeste,516,1,0.2950894495407247,0.24806201550387597,0.2951065273928799,0.24672516621921117,554.99,4.702743403684872
4314605,Piratini,RS,Sul,136,1,0.2949878770777455,0.45588235294117646,0.29498559843222594,0.45498084337627165,145.0000031,-16.0894475863431
5209200,Guapó,GO,Centro-Oeste,213,1,0.2949617460242743,0.29577464788732394,0.2949617460242742,0.2972878729174738,258.1,-0.08129018630496643
5215009,Nova Veneza,GO,Centro-Oeste,118,1,0.2949617460242743,0.23728813559322035,0.2949617460242743,0.23782521681120747,119.92,5.767361043105393
5211909,Jataí,GO,Centro-Oeste,1147,1,0.2949354656589175,0.2981691368788143,0.2949354656589175,0.3007627984169539,1253.28,-0.32336712198968165
5215603,Padre Bernardo,GO,Centro-Oeste,355,1,0.29440642687333896,0.30704225352112674,0.29440642687333896,0.3044631589791135,388.29,-1.2635826647787785
5218805,Rio Verde,GO,Centro-Oeste,2502,1,0.29429957487722425,0.10191846522781775,0.29429957487722425,0.10120435046331444,2621.33,19.23811096494065
5210000,Inhumas,GO,Centro-Oeste,505,1,0.29330283702119275,0.12277227722772277,0.29330283702119275,0.12425506555423121,536.96,17.053055979346997
5218003,Porangatu,GO,Centro-Oeste,357,1,0.29330283702119275,0.5014005602240896,0.29330283702119275,0.5007870710462797,381.16,-20.80977232028969
4119954,Pontal do Paraná,PR,Sul,388,1,0.2929465756890537,0.3917525773195876,0.2929465756890537,0.3871035233073898,477.96,-9.880600163053394
5214606,Niquelândia,GO,Centro-Oeste,327,1,0.2927688510613987,0.19877675840978593,0.2927688510613987,0.1977879368824657,339.05,9.399209265161279
4304663,Capão do Leão,RS,Sul,241,1,0.2921579350854086,0.6887966804979253,0.29215984437390435,0.7017227502429043,318.0000016,-39.66387454125167
4302709,Butiá,RS,Sul,186,1,0.29208904342910674,0.5,0.2921033171064095,0.5490269704347825,230.0,-20.791095657089325
4318408,São Jerônimo,RS,Sul,133,1,0.29195599072405104,0.37593984962406013,0.29195912335714624,0.3951045698090329,155.999998,-8.39838589000091
5211800,Jaraguá,GO,Centro-Oeste,460,1,0.2916304237333671,0.1565217391304348,0.2916304237333671,0.16027999075105626,475.73,13.510868460293231
4306908,Encruzilhada do Sul,RS,Sul,241,1,0.29148287332351946,0.48132780082987553,0.2915003681129842,0.4950587428552348,281.999997,-18.984492750635606
5221601,Uruaçu,GO,Centro-Oeste,355,1,0.2914446160469584,0.21971830985915494,0.2914388150632411,0.21955141534281516,360.69,7.172630618780349
4315305,Quaraí,RS,Sul,243,1,0.29143102808156335,0.5267489711934157,0.2914324542940583,0.5319081665269745,269.0000017,-23.531794311185234
5210208,Iporá,GO,Centro-Oeste,364,1,0.2913713835787508,0.16758241758241757,0.2913713835787508,0.1697511823976969,389.04,12.378896599633324
4321667,Três Cachoeiras,RS,Sul,114,1,0.2911144497546207,0.4649122807017544,0.29109792340668905,0.464384218537312,120.9999984,-17.379783094713368
4318200,São Francisco de Paula,RS,Sul,247,1,0.29089345067296984,0.5587044534412956,0.29090075315335845,0.5602726319567256,270.999999,-26.781100276832575
5213103,Mineiros,GO,Centro-Oeste,919,1,0.29084014678695,0.1588683351468988,0.29084014678695,0.15993695823483056,951.75,13.197181164005123
4302402,Bom Retiro do Sul,RS,Sul,131,1,0.29007185968623844,0.3511450381679389,0.2900517644998091,0.34939804500354094,153.0000009,-6.107317848170046
2307304,Juazeiro do Norte,CE,Nordeste,2361,1,0.289815978672634,0.4040660736975858,0.289815978672634,0.40516086490186176,2396.11,-11.42500950249518
4320909,Tapejara,RS,Sul,329,1,0.28886076517639103,0.5319148936170213,0.28886304396387047,0.5271529002671808,348.0000021,-24.305412844063024
4108304,Foz do Iguaçu,PR,Sul,3084,1,0.28875235167292357,0.27691309987029833,0.28875235167292357,0.279870740894007,3793.93,1.183925180262524
4310009,Ibirubá,RS,Sul,193,1,0.2886712160460596,0.36787564766839376,0.2886644287506994,0.3733352758048638,205.0000015,-7.920443162233415
4320701,Sobradinho,RS,Sul,120,1,0.28829126861217713,0.35833333333333334,0.28828493980139763,0.36209635563748344,126.00000080000001,-7.00420647211562
3204906,São Mateus,ES,Sudeste,1514,1,0.28825574566386475,0.2939233817701453,0.2883064705124879,0.29351070230726617,1678.61,-0.5667636106280571
4318101,São Francisco de Assis,RS,Sul,113,1,0.287744062240486,0.3893805309734513,0.28769315135868956,0.39403515742738715,144.0000016,-10.163646873296534
4321105,Tapes,RS,Sul,132,1,0.2876557946688903,0.4772727272727273,0.2876690873394383,0.4870848138793001,155.0000001,-18.9616932603837
4319406,São Pedro do Sul,RS,Sul,102,1,0.28754068197993804,0.4215686274509804,0.2875470570081284,0.4256082843738372,118.9999992,-13.402794547104236
4312658,Não-Me-Toque,RS,Sul,157,1,0.28721195131024224,0.39490445859872614,0.2872005895884902,0.40012287091312293,179.8800012,-10.76925072884839
4311007,Jaguarão,RS,Sul,205,1,0.2871976739871903,0.526829268292683,0.28719039169357313,0.526731899261493,244.000003,-23.963159430549265
4301305,Arroio Grande,RS,Sul,116,1,0.2871676488388975,0.5517241379310345,0.28699974206700396,0.5659527969639816,155.9999996,-26.455648909213696
4319604,São Sepé,RS,Sul,144,1,0.28692492162562405,0.4722222222222222,0.28692153054033154,0.4777016611539317,168.74999640000001,-18.529730059659816
4320107,Sarandi,RS,Sul,214,1,0.2868616577817904,0.5,0.2868261942299904,0.5009844873657872,252.99999640000001,-21.31383422182096
4321808,Três de Maio,RS,Sul,211,1,0.28682780185057366,0.4786729857819905,0.28683228489262313,0.4787060635320768,225.0000021,-19.184518393141687
4321907,Três Passos,RS,Sul,258,1,0.286723713288522,0.43023255813953487,0.28672056578903965,0.43143916060225684,278.9999972,-14.35088448510129
4312500,Mostardas,RS,Sul,130,1,0.2866182301478147,0.5923076923076923,0.28662392840196643,0.5969561692015292,148.0000006,-30.568946215987765
4322202,Tupanciretã,RS,Sul,177,1,0.28660804159531206,0.5649717514124294,0.28658826922702074,0.5714739507358624,194.0000022,-27.836370981711735
4321436,Terra de Areia,RS,Sul,105,1,0.2858862580059581,0.42857142857142855,0.28591981744304307,0.43381485057134933,121.00000179999999,-14.268517056547042
2303709,Caucaia,CE,Nordeste,3784,1,0.28585435121132113,0.3152748414376321,0.2858554954852402,0.3165765520010088,3885.79,-2.942049022631099
4128203,União da Vitória,PR,Sul,542,1,0.2843939531453764,0.26383763837638374,0.2843939531453764,0.26834087577283444,627.5600000000001,2.0556314768992667
5220108,São Luís de Montes Belos,GO,Centro-Oeste,321,1,0.2840607611287931,0.2367601246105919,0.2840607611287931,0.2372543352601156,346.0,4.730063651820118
4309605,Horizontina,RS,Sul,187,1,0.2839255843220222,0.42245989304812837,0.2839255843220222,0.42784801576011905,201.999997,-13.853430872610616
4307500,Espumoso,RS,Sul,137,1,0.28376859303728125,0.48905109489051096,0.28369622792045,0.49388722444808264,146.9600008,-20.52825018532297
4308904,Getúlio Vargas,RS,Sul,162,1,0.28350510708030885,0.4074074074074074,0.2835115775096007,0.4081567105108015,173.0000002,-12.390230032709853
4320404,Serafina Corrêa,RS,Sul,144,1,0.28347962944662175,0.4583333333333333,0.283516573091073,0.4675607541791332,176.9999966,-17.485370388671157
5218607,Rialma,GO,Centro-Oeste,134,1,0.28339607696605695,0.029850746268656716,0.28339607696605695,0.029757531227038943,136.1,25.354533069740025
4321402,Tenente Portela,RS,Sul,112,1,0.2833921336481545,0.375,0.2833846751260755,0.37800141229830986,117.9999996,-9.160786635184548
5210109,Ipameri,GO,Centro-Oeste,266,1,0.2833193389506027,0.2593984962406015,0.28331933895060263,0.25882395882760884,273.97,2.3920842710001167
5210406,Itaberaí,GO,Centro-Oeste,522,1,0.2833038823415066,0.18582375478927204,0.28330388234150655,0.18783146190702607,546.82,9.748012755223456
5213806,Morrinhos,GO,Centro-Oeste,461,1,0.2833038823415066,0.3405639913232104,0.2833038823415066,0.3412510354659115,519.09,-5.72601089817038
4120804,Quatro Barras,PR,Sul,324,1,0.28324606363300264,0.3271604938271605,0.28324606363300264,0.3275751042920738,357.17,-4.391443019415786
4316600,Sananduva,RS,Sul,160,1,0.2831814859155223,0.4625,0.28314668445026586,0.46743973788694443,174.0000013,-17.931851408447773
4104204,Campo Largo,PR,Sul,1576,1,0.2831514479407007,0.30583756345177665,0.2831514479407007,0.30818495589766065,1825.3,-2.268611551107597
4128104,Umuarama,PR,Sul,1108,1,0.2831514479407007,0.36732851985559567,0.2831514479407007,0.3689345991561182,1251.36,-8.417707191489498
4315503,Restinga Seca,RS,Sul,117,1,0.2830024174622779,0.5555555555555556,0.28288009838165157,0.5761139305091209,146.0000006,-27.25531380932777
4317806,Santo Augusto,RS,Sul,147,1,0.2828338228719976,0.35374149659863946,0.282839000298308,0.34947513670311997,153.0000011,-7.090767372664186
5218904,Rubiataba,GO,Centro-Oeste,206,1,0.2827223713006186,0.12135922330097088,0.2827223713006186,0.12308175536211073,222.86,16.136314799964772
5201306,Anicuns,GO,Centro-Oeste,159,1,0.2827223713006186,0.018867924528301886,0.2827223713006186,0.019135188866799203,160.96,26.385444677231675
4305207,Cerro Largo,RS,Sul,113,1,0.28269819015612296,0.5132743362831859,0.28266098338245943,0.507865789305578,122.0000006,-23.05761461270629
4309001,Giruá,RS,Sul,137,1,0.2826919690902144,0.4744525547445255,0.2827215560913363,0.4737073160839161,143.0,-19.176058565431113
5218508,Quirinópolis,GO,Centro-Oeste,544,1,0.2826839456399536,0.19852941176470587,0.2826839456399536,0.19702180464456656,564.1,8.41545338752477
4300109,Agudo,RS,Sul,162,1,0.2825465119195456,0.42592592592592593,0.28253946350587866,0.4314559790618217,177.0000021,-14.337941400638032
5219902,São Francisco de Goiás,GO,Centro-Oeste,105,1,0.28235530348923643,0.24761904761904763,0.28235530348923643,0.24410540915395282,108.15,3.4736255870188804
4306007,Crissiumal,RS,Sul,116,1,0.2822906003920708,0.43103448275862066,0.2822906003920709,0.42583157829667373,125.0000005,-14.874388236654983
4317905,Santo Cristo,RS,Sul,139,1,0.28228634969326943,0.4028776978417266,0.2822915937491649,0.40211267647738547,142.0000001,-12.059134814845718
5217104,Piracanjuba,GO,Centro-Oeste,208,1,0.28228347046906566,0.27884615384615385,0.28228347046906566,0.28314689161929213,218.12,0.34373166229118013
5217302,Pirenópolis,GO,Centro-Oeste,290,1,0.28219995604654036,0.35517241379310344,0.28219995604654036,0.35929169840060926,315.12,-7.297245774656308
5220207,São Miguel do Araguaia,GO,Centro-Oeste,275,1,0.28219995604654036,0.08727272727272728,0.28219995604654036,0.08605351517878777,288.89,19.492722877381308
5200100,Abadiânia,GO,Centro-Oeste,182,1,0.28219995604654036,0.2032967032967033,0.28219995604654036,0.20613885505481122,205.25,7.890325274983706
5215702,Palmeiras de Goiás,GO,Centro-Oeste,354,1,0.28218601241978225,0.18926553672316385,0.28218601241978225,0.18987953032074417,393.46,9.29204756966184
5213756,Montividiu,GO,Centro-Oeste,150,1,0.28196442097072216,0.21333333333333335,0.28196442097072216,0.21309302941956001,150.92,6.8631087637388815
5200308,Alexânia,GO,Centro-Oeste,397,1,0.28193358347652897,0.24181360201511334,0.28193358347652897,0.2420845083339065,436.17,4.011998146141563
5217401,Pires do Rio,GO,Centro-Oeste,255,1,0.28193358347652897,0.18823529411764706,0.2819335834765289,0.19117598494105215,302.81,9.369828935888192
4125506,São José dos Pinhais,PR,Sul,3798,1,0.2818155256709749,0.3536071616640337,0.2818155256709749,0.3567786159713171,4557.42,-7.179163599305882
4101804,Araucária,PR,Sul,1943,1,0.2817026248143043,0.3093154915079774,0.2817026248143043,0.3098026023539357,2318.67,-2.7612866693673075
5200134,Acreúna,GO,Centro-Oeste,261,1,0.28150934948880424,0.1839080459770115,0.28150934948880424,0.18517988186862355,279.35,9.760130351179274
5203302,Bela Vista de Goiás,GO,Centro-Oeste,363,1,0.2813154683379544,0.3774104683195592,0.2813154683379544,0.3772874890458271,387.98,-9.609499998160482
5208400,Goianápolis,GO,Centro-Oeste,177,1,0.28127192127348843,0.3163841807909605,0.2812719212734885,0.3198762413294077,200.39,-3.511225951747204
4113700,Londrina,PR,Sul,4774,1,0.28118321918569217,0.2643485546711353,0.28119752198476217,0.27092216031916205,5689.9,1.683466451455684
4115200,Maringá,PR,Sul,3319,1,0.28117518838080546,0.21301596866526062,0.281173220113083,0.21603430576836527,3955.02,6.815921971554484
5214002,Mozarlândia,GO,Centro-Oeste,213,1,0.2811206648686779,0.3333333333333333,0.2811206648686779,0.33430523521476135,229.79,-5.2212668464655385
5210901,Itapaci,GO,Centro-Oeste,233,1,0.28108629186912915,0.1459227467811159,0.28108629186912915,0.1471702827635031,240.13,13.516354508801326
5220603,Silvânia,GO,Centro-Oeste,200,1,0.28089180061344377,0.09,0.28089180061344377,0.08802461420124032,208.01,19.089180061344376
5215306,Orizona,GO,Centro-Oeste,161,1,0.2808343905331546,0.21739130434782608,0.28083439053315457,0.22245182909801728,179.05,6.344308618532854
5209101,Goiatuba,GO,Centro-Oeste,397,1,0.2807946350597661,0.22418136020151133,0.2807946350597661,0.22366962988500083,406.09000000000003,5.661327485825477
5209952,Indiara,GO,Centro-Oeste,186,1,0.2807511371238295,0.17204301075268819,0.2807511371238295,0.17269458544839256,189.12,10.87081263711413
5204706,Campinorte,GO,Centro-Oeste,144,1,0.2807511371238295,0.18055555555555555,0.2807511371238295,0.18287067491119588,152.02,10.019558156827394
5212808,Mara Rosa,GO,Centro-Oeste,131,1,0.2807511371238295,0.12213740458015267,0.2807511371238295,0.12228456337217665,139.02,15.861373254367683
5204102,Cachoeira Alta,GO,Centro-Oeste,129,1,0.2807511371238295,0.21705426356589147,0.28075113712382954,0.21646776251594987,133.23,6.369687355793801
5216304,Paranaiguara,GO,Centro-Oeste,102,1,0.2807511371238295,0.029411764705882353,0.2807511371238295,0.029900971060474957,104.01,25.133937241794712
4119905,Ponta Grossa,PR,Sul,3191,1,0.2806858586959893,0.2400501410216233,0.2806858586959893,0.24095316457738414,3718.98,4.0635717674365965
5205513,Cocalzinho de Goiás,GO,Centro-Oeste,282,1,0.28056571725062474,0.11347517730496454,0.28056571725062474,0.11401797533616667,287.06,16.70905399456602
5211206,Itapuranga,GO,Centro-Oeste,258,1,0.28056571725062474,0.1434108527131783,0.28056571725062474,0.14908707865168538,284.8,13.715486453744644
4311205,Júlio de Castilhos,RS,Sul,132,1,0.28022122993497206,0.5833333333333334,0.28019109735552283,0.5828453374742837,180.999999,-30.31121033983613
3204054,Pedro Canário,ES,Sudeste,313,1,0.28020955494007305,0.18210862619808307,0.2802559178015742,0.18655148951276512,338.03000000000003,9.810092874198997
5220009,São João d'Aliança,GO,Centro-Oeste,178,1,0.2800626927766865,0.10112359550561797,0.2800626927766865,0.10470202296336797,182.9,17.893909727106852
5214838,Nova Crixás,GO,Centro-Oeste,143,1,0.2800626927766865,0.27972027972027974,0.28006269277668644,0.28134410073911853,146.12,0.0342413056406754
4302303,Bom Jesus,RS,Sul,128,1,0.27946553112023476,0.5859375,0.27945617180405513,0.584337807281126,149.9999995,-30.647196887976524
5222005,Vianópolis,GO,Centro-Oeste,153,1,0.27944708313657063,0.10457516339869281,0.27944708313657063,0.10504508895929808,164.12,17.48719197378778
5209705,Hidrolândia,GO,Centro-Oeste,393,1,0.2793239287367142,0.3435114503816794,0.2793239287367142,0.34440338176479524,395.06,-6.418752164496522
4312708,Nonoai,RS,Sul,136,1,0.2792284023644217,0.5514705882352942,0.27924076934729875,0.5545324714232691,145.0000008,-27.224218587087247
4321006,Tapera,RS,Sul,101,1,0.27917618587653487,0.21782178217821782,0.2791413623976511,0.22091643147059992,107.9999991,6.135440369831705
5221700,Uruana,GO,Centro-Oeste,132,1,0.2791220259389786,0.022727272727272728,0.2791220259389786,0.022727272727272728,132.0,25.63947532117059
4305801,Constantina,RS,Sul,105,1,0.2790820883310824,0.5047619047619047,0.27899201439482524,0.515223758812179,124.9999999,-22.567981643082234
5204300,Caçu,GO,Centro-Oeste,118,1,0.27900692389922,0.0847457627118644,0.27900692389922,0.0862207896857373,124.10000000000001,19.42611611873556
5205901,Corumbaíba,GO,Centro-Oeste,101,1,0.27900692389922,0.1782178217821782,0.27900692389922005,0.17365523083439222,118.05,10.078910211704178
4313656,Palmares do Sul,RS,Sul,151,1,0.2789084372085385,0.5033112582781457,0.27876560696580605,0.4967740879175802,190.9999976,-22.440282106960723
4320206,Seberi,RS,Sul,129,1,0.2786804099057126,0.3333333333333333,0.27865241929865736,0.34800079605070644,141.9999996,-5.465292342762074
5207402,Edéia,GO,Centro-Oeste,156,1,0.27848870850848273,0.27564102564102566,0.27848870850848273,0.2770794490888314,166.27,0.28476828674570687
5208905,Goiás,GO,Centro-Oeste,152,1,0.2784205472527339,0.125,0.2784205472527339,0.12493416817836035,170.89,15.34205472527339
5203500,Bom Jesus de Goiás,GO,Centro-Oeste,271,1,0.27803707446070647,0.18450184501845018,0.27803707446070647,0.18488466853275695,282.23,9.35352294422563
5221197,Terezópolis de Goiás,GO,Centro-Oeste,107,1,0.2778339379333863,0.2803738317757009,0.27783393793338623,0.2858973263859229,117.07000000000001,-0.2539893842314622
5204409,Caiapônia,GO,Centro-Oeste,149,1,0.27754767491412846,0.15436241610738255,0.2775476749141284,0.1517384156366072,164.23000000000002,12.318525880674592
5214051,Mundo Novo,GO,Centro-Oeste,101,1,0.27752683444895276,0.0594059405940594,0.27752683444895276,0.059562286453042755,108.29,21.812089385489337
5206404,Crixás,GO,Centro-Oeste,119,1,0.2771174444180544,0.21008403361344538,0.2771174444180544,0.21378521378521378,139.85999999999999,6.703341080460904
5216403,Paraúna,GO,Centro-Oeste,148,1,0.27704859074423727,0.31756756756756754,0.27704859074423727,0.3213343962715398,163.07,-4.051897682333028
5212204,Jussara,GO,Centro-Oeste,183,1,0.27660139210609014,0.20218579234972678,0.27660139210609014,0.2023319249077392,186.97,7.441559975636336
5217708,Pontalina,GO,Centro-Oeste,163,1,0.27660139210609014,0.13496932515337423,0.27660139210609014,0.139846062759029,168.9,14.16320669527159
4122206,Rio Branco do Sul,PR,Sul,439,1,0.27649272745408005,0.3826879271070615,0.27649272745408005,0.38659073152678974,486.38,-10.619519965298146
5217203,Piranhas,GO,Centro-Oeste,119,1,0.2759904741176521,0.3025210084033613,0.2759904741176521,0.31335929428594134,125.83,-2.6530534285709226
5203906,Buriti Alegre,GO,Centro-Oeste,109,1,0.2759904741176521,0.3486238532110092,0.2759904741176521,0.3506654542448541,120.97,-7.26333790933571
5219738,Santo Antônio de Goiás,GO,Centro-Oeste,101,1,0.27573543087436325,0.16831683168316833,0.27573543087436325,0.1710353291838345,114.07000000000001,10.741859919119493
5204805,Campo Alegre de Goiás,GO,Centro-Oeste,101,1,0.275280444271205,0.22772277227722773,0.275280444271205,0.22386953298739806,107.92,4.755767199397728
4104006,Campina Grande do Sul,PR,Sul,698,1,0.2741805614668016,0.32951289398280803,0.2741805614668016,0.33158928232089696,789.35,-5.533233251600644
5204854,Campo Limpo de Goiás,GO,Centro-Oeste,129,1,0.27361174357179396,0.14728682170542637,0.27361174357179396,0.14728682170542637,129.0,12.63249218663676
5205471,Chapadão do Céu,GO,Centro-Oeste,207,1,0.2736103841406554,0.12560386473429952,0.2736103841406554,0.12476168332945826,215.05,14.80065194063559
4104253,Campo Magro,PR,Sul,345,1,0.2721823295346969,0.42028985507246375,0.2721823295346969,0.42031065125997535,397.23,-14.810752553776684
4109807,Ibiporã,PR,Sul,641,1,0.27178401433341026,0.34321372854914195,0.27178401433341026,0.3509451056294527,728.49,-7.1429714215731686
5200605,Alto Paraíso de Goiás,GO,Centro-Oeste,128,1,0.2714996778152684,0.3984375,0.27149967781526846,0.39798662875585955,130.13,-12.69378221847316
5205455,Cezarina,GO,Centro-Oeste,101,1,0.27102776972887366,0.297029702970297,0.27102776972887366,0.30354420731707316,104.96000000000001,-2.600193324142336
4101200,Antonina,PR,Sul,198,1,0.27004900284714917,0.35858585858585856,0.27004900284714917,0.3625701865604057,220.84,-8.85368557387094
3203304,Mantenópolis,ES,Sudeste,163,1,0.26941442787379577,0.049079754601226995,0.26941442787379577,0.04934989887315804,173.05,22.03346732725688
3203106,Jerônimo Monteiro,ES,Sudeste,154,1,0.26941442787379577,0.22727272727272727,0.26941442787379577,0.22794301424643842,160.04,4.21417006010685
3203809,Muqui,ES,Sudeste,140,1,0.26941442787379577,0.24285714285714285,0.2694144278737958,0.24432052870714582,145.26,2.6557285016652914
4101408,Apucarana,PR,Sul,1191,1,0.2694095428572799,0.21242653232577666,0.2694095428572799,0.21220651741366858,1356.98,5.698301053150326
3204708,São Gabriel da Palha,ES,Sudeste,338,1,0.26912871842316843,0.1893491124260355,0.26912871842316843,0.19298910982283143,369.14,7.977960599713294
3205010,Sooretama,ES,Sudeste,431,1,0.2682668214995362,0.2877030162412993,0.2682668214995362,0.29183864516403557,470.02000000000004,-1.9436194741763113
3200904,Barra de São Francisco,ES,Sudeste,469,1,0.2682273050973802,0.1300639658848614,0.2682533780403051,0.12903225806451615,504.06,13.816333921251879
3204005,Pancas,ES,Sudeste,146,1,0.2676982216320201,0.136986301369863,0.2678707091639342,0.13698893083370658,156.29,13.07119202621571
3202306,Guaçuí,ES,Sudeste,344,1,0.26729624470528923,0.23255813953488372,0.26729624470528923,0.23298499464094322,373.2,3.4738105170405515
3203908,Nova Venécia,ES,Sudeste,505,1,0.266287853981407,0.16435643564356436,0.26627717621578956,0.16455555142825307,538.42,10.193141833784262
3203007,Iúna,ES,Sudeste,370,1,0.26580620545078343,0.3,0.26583250443003487,0.29922853168078917,395.35,-3.419379454921656
3202454,Ibatiba,ES,Sudeste,342,1,0.2654360022198825,0.1783625730994152,0.2654360022198825,0.176398596643912,367.69,8.70734291204673
2304400,Fortaleza,CE,Nordeste,17722,1,0.2650376968905203,0.2500846405597562,0.26503743920650435,0.24962004105214639,18094.06,1.4953056330764103
3203056,Jaguaré,ES,Sudeste,432,1,0.2647263776861053,0.19212962962962962,0.2647263776861053,0.19672712851447535,479.09000000000003,7.259674805647568
4313953,Pantano Grande,RS,Sul,103,1,0.2645221741032495,0.6893203883495146,0.26448984564075373,0.7095615971156033,123.0000005,-42.47982142462651
3200201,Alegre,ES,Sudeste,259,1,0.263405639971735,0.13513513513513514,0.26348808057230894,0.13688464364437913,272.2,12.827050483659985
3202207,Fundão,ES,Sudeste,191,1,0.2632158171611443,0.3717277486910995,0.2632158171611443,0.37733028080175673,214.03,-10.85119315299552
3204104,Pinheiros,ES,Sudeste,282,1,0.2628738577496684,0.15602836879432624,0.2628248629352919,0.15673970672125098,298.01,10.684548895534219
3201605,Conceição da Barra,ES,Sudeste,396,1,0.2625856143164804,0.3207070707070707,0.26257419580980185,0.32089587575169276,422.38,-5.81214563905903
3201902,Domingos Martins,ES,Sudeste,382,1,0.26229514733322473,0.17801047120418848,0.2623685339343896,0.17873508353221956,419.0,8.428467612903626
3205036,Vargem Alta,ES,Sudeste,224,1,0.2611877891562493,0.28125,0.2611877891562493,0.27963842372740144,240.06,-2.0062210843750705
4110078,Imbaú,PR,Sul,183,1,0.26092179917388036,0.3005464480874317,0.26092179917388036,0.2974119023249013,205.17,-3.962464891355133
3203403,Mimoso do Sul,ES,Sudeste,197,1,0.2603045768931088,0.34517766497461927,0.2603045768931088,0.34676802447886784,209.16,-8.487308808151045
3201407,Castelo,ES,Sudeste,303,1,0.2603039598725093,0.1716171617161716,0.2603039598725093,0.17309742059262417,328.37,8.86867981563377
3201704,Conceição do Castelo,ES,Sudeste,152,1,0.2598078010072101,0.15789473684210525,0.2598078010072101,0.15811826200588042,153.05,10.191306416510487
3204807,São José do Calçado,ES,Sudeste,101,1,0.2598078010072101,0.37623762376237624,0.2598078010072101,0.3764913831197525,113.14999999999999,-11.642982275516612
4117503,Paiçandu,PR,Sul,760,1,0.25967856490148844,0.37236842105263157,0.25967856490148844,0.3704527271871617,849.96,-11.268985615114314
4109609,Guaratuba,PR,Sul,629,1,0.25967856490148844,0.33068362480127184,0.25967856490148844,0.330988667448222,742.11,-7.100505989978339
3204955,São Roque do Canaã,ES,Sudeste,103,1,0.2593124198952649,0.10679611650485436,0.2593124198952649,0.10341588385994875,117.10000000000001,15.25163033904105
3203502,Montanha,ES,Sudeste,220,1,0.25892761977465284,0.19545454545454546,0.25892761977465284,0.19789901728227718,236.08,6.347307432010737
3200136,Águia Branca,ES,Sudeste,146,1,0.2584333309693503,0.0547945205479452,0.2584333309693503,0.054441260744985676,157.05,20.36388104214051
3202652,Irupi,ES,Sudeste,142,1,0.2584333309693503,0.18309859154929578,0.2584333309693503,0.1848864223025297,154.96,7.53347394200545
3202504,Ibiraçu,ES,Sudeste,116,1,0.2584139609228582,0.1896551724137931,0.2584139609228582,0.18825289347295487,127.01,6.875878850906508
4121703,Reserva,PR,Sul,301,1,0.25812963414254975,0.1893687707641196,0.25812963414254975,0.18923698837796865,356.22,6.876086337843016
4117602,Palmas,PR,Sul,629,1,0.2576682595321982,0.4546899841017488,0.25766825953219813,0.45720694589472866,775.71,-19.702172456955065
4114302,Mandirituba,PR,Sul,328,1,0.2576682595321982,0.3597560975609756,0.2576682595321982,0.3549885817780928,380.97,-10.208783802877742
4111506,Ivaiporã,PR,Sul,257,1,0.2576682595321982,0.27626459143968873,0.2576682595321982,0.2762099477141708,298.36,-1.8596331907490549
3200102,Afonso Cláudio,ES,Sudeste,277,1,0.2572923421224837,0.07942238267148015,0.25725944410595775,0.08310580204778158,293.0,17.786995945100355
3202603,Iconha,ES,Sudeste,134,1,0.2572846491195795,0.23880597014925373,0.2572846491195795,0.2411322360953462,140.96,1.8478678970325761
4113304,Laranjeiras do Sul,PR,Sul,408,1,0.257175540527647,0.3112745098039216,0.257175540527647,0.31836967364970786,491.19,-5.4098969276274556
4109708,Ibaiti,PR,Sul,336,1,0.257175540527647,0.2857142857142857,0.257175540527647,0.28378641046288844,360.13,-2.853874518663868
3202702,Itaguaçu,ES,Sudeste,142,1,0.25715592172817764,0.1267605633802817,0.2571734999937319,0.1291704530702324,154.06,13.039535834789595
3204609,Santa Teresa,ES,Sudeste,235,1,0.2564436128648946,0.17446808510638298,0.25654169758392537,0.17473584608105977,253.64000000000001,8.197552775851161
4101507,Arapongas,PR,Sul,1193,1,0.25609799906942843,0.28583403185247275,0.25609799906942843,0.2902859306949441,1373.06,-2.9736032783044317
3200300,Alfredo Chaves,ES,Sudeste,102,1,0.25591891226338703,0.12745098039215685,0.25591891226338703,0.12452246680007277,109.94,12.846793187123017
3200169,Água Doce do Norte,ES,Sudeste,152,1,0.25497114937228726,0.18421052631578946,0.25497114937228726,0.1831350551685878,162.23000000000002,7.0760623056497804
3203700,Muniz Freire,ES,Sudeste,175,1,0.2547314511275848,0.18285714285714286,0.2544904527551016,0.18536028692533418,184.02,7.187430827044191
4120606,Prudentópolis,PR,Sul,486,1,0.25396105424932536,0.1748971193415638,0.25396105424932536,0.17087813960557813,526.34,7.906393490776156
3201001,Boa Esperança,ES,Sudeste,195,1,0.2536542593414672,0.14358974358974358,0.25362895596390256,0.14555229229926825,200.89000000000001,11.00645157517236
3204559,Santa Maria de Jetibá,ES,Sudeste,515,1,0.2534727659329172,0.14563106796116504,0.2534057527802327,0.1459060923554521,541.17,10.784169797175213
4124103,Santo Antônio da Platina,PR,Sul,554,1,0.2533231284465858,0.44404332129963897,0.2533231284465858,0.44957930428230564,637.04,-19.07201928530532
3205176,Vila Valério,ES,Sudeste,227,1,0.25319711456318805,0.2026431718061674,0.2532189121831507,0.20383998684372814,243.23000000000002,5.055394275702066
3204351,Rio Bananal,ES,Sudeste,241,1,0.25318312082841865,0.17012448132780084,0.25318312082841865,0.1694182242111993,265.91,8.30586395006178
3204401,Rio Novo do Sul,ES,Sudeste,134,1,0.25292495484766175,0.23134328358208955,0.2529249548476618,0.22616547669046622,142.85999999999999,2.15816712655722
3203353,Marilândia,ES,Sudeste,124,1,0.25292495484766175,0.21774193548387097,0.25292495484766175,0.21705690171521916,146.92000000000002,3.5183019363790784
4118402,Paranavaí,PR,Sul,994,1,0.25284723688076816,0.25553319919517103,0.2528472368807682,0.2570104370632511,1113.34,-0.2685962314402879
3202009,Dores do Rio Preto,ES,Sudeste,103,1,0.252728719331504,0.18446601941747573,0.252728719331504,0.18652849740932642,108.08,6.8262699914028255
3201159,Brejetuba,ES,Sudeste,218,1,0.2524942956234004,0.11009174311926606,0.2523187664644876,0.11151843365965423,240.05,14.240255250413437
3202108,Ecoporanga,ES,Sudeste,198,1,0.25243874424877244,0.06060606060606061,0.2521241563029968,0.05919767389032757,220.11,19.183268364271182
4104808,Cascavel,PR,Sul,3374,1,0.2524311058641122,0.2554831061055127,0.2524311058641122,0.2566069500429649,3991.63,-0.305200024140051
4109401,Guarapuava,PR,Sul,2301,1,0.2524311058641122,0.3294219904389396,0.2524311058641122,0.3299596927289672,2607.47,-7.699088457482739
4103701,Cambé,PR,Sul,1120,1,0.2524311058641122,0.2294642857142857,0.2524311058641122,0.2364591566321075,1290.54,2.2966820149826512
4108403,Francisco Beltrão,PR,Sul,1041,1,0.25214650230004454,0.23823246878001922,0.25214650230004454,0.23591421607900354,1185.77,1.391403352002532
4100509,Altônia,PR,Sul,229,1,0.2516552824911237,0.21397379912663755,0.2516552824911237,0.21833799440671192,250.3,3.768148336448612
3203346,Marechal Floriano,ES,Sudeste,197,1,0.25159328276920767,0.1319796954314721,0.2515932827692077,0.13440325711309947,211.23,11.961358733773558
4105201,Cerro Azul,PR,Sul,184,1,0.2512458304258305,0.4945652173913043,0.2512458304258305,0.5010587102983639,207.79999999999998,-24.331938696547383
4103107,Bocaiúva do Sul,PR,Sul,229,1,0.2507926003553109,0.42358078602620086,0.2507926003553109,0.42633072557140667,260.76,-17.278818567088994
4127700,Toledo,PR,Sul,1590,1,0.25068061342487813,0.1811320754716981,0.2506806134248781,0.18310043882898785,1829.8700000000001,6.9548537953180025
3205069,Venda Nova do Imigrante,ES,Sudeste,281,1,0.25057383793014215,0.12099644128113879,0.25054911736193225,0.12012557832121612,302.6,12.957739664900336
4127106,Telêmaco Borba,PR,Sul,921,1,0.250460805695533,0.3756786102062975,0.2504608056955329,0.382922936616507,1052.64,-12.521780451076452
4112702,Jataizinho,PR,Sul,132,1,0.25030859580577625,0.38636363636363635,0.25030859580577625,0.3903847401544151,154.13,-13.60550405578601
4104303,Campo Mourão,PR,Sul,1062,1,0.24985679235162994,0.2278719397363465,0.2498567923516299,0.23225020174904065,1214.38,2.1984852615283437
3202256,Governador Lindenberg,ES,Sudeste,106,1,0.24975486737804156,0.1792452830188679,0.24972448913021117,0.17938161653503612,119.02000000000001,7.050958435917365
4105508,Cianorte,PR,Sul,896,1,0.24973080951886373,0.24776785714285715,0.24973080951886373,0.25051075717144766,959.36,0.1962952376006577
4124053,Santa Terezinha de Itaipu,PR,Sul,219,1,0.2496672058586844,0.2100456621004566,0.24966720585868446,0.2054272607106757,257.21999999999997,3.9621543758227795
4125605,São Mateus do Sul,PR,Sul,507,1,0.24965741383826245,0.29191321499013806,0.24965741383826243,0.29427625269177177,552.61,-4.225580115187561
4110706,Irati,PR,Sul,677,1,0.2492481724028707,0.11816838995568685,0.24924817240287064,0.11688260022013287,754.09,13.107978244718385
4114104,Mandaguaçu,PR,Sul,338,1,0.24918465083918162,0.3757396449704142,0.24918465083918162,0.377074067169148,375.47,-12.655499413123255
4104402,Cândido de Abreu,PR,Sul,153,1,0.24877788224495948,0.1437908496732026,0.24877788224495942,0.14465517241379308,174.0,10.498703257175688
4108502,General Carneiro,PR,Sul,146,1,0.24877788224495948,0.4383561643835616,0.24877788224495945,0.4449461200409367,166.11,-18.957828213860214
4104451,Cantagalo,PR,Sul,184,1,0.24877788224495945,0.2826086956521739,0.24877788224495942,0.2818892744316122,193.09,-3.3830813407214446
4106803,Cruz Machado,PR,Sul,183,1,0.24877788224495945,0.15300546448087432,0.24877788224495942,0.15514631685166497,198.20000000000002,9.577241776408513
4123808,Santa Izabel do Oeste,PR,Sul,116,1,0.24877788224495945,0.1724137931034483,0.24877788224495942,0.1736084379089999,129.89000000000001,7.636408914151116
4115101,Mariluz,PR,Sul,106,1,0.24877788224495945,0.46226415094339623,0.24877788224495948,0.47799511002444983,130.88,-21.348626869843677
4128534,Ventania,PR,Sul,130,1,0.24877788224495942,0.23076923076923078,0.24877788224495948,0.228147637116247,144.95,1.8008651475728636
4118006,Paraíso do Norte,PR,Sul,151,1,0.24832762765400518,0.31125827814569534,0.24832762765400518,0.32224147891392263,173.1,-6.293065049169017
4102604,Barracão,PR,Sul,125,1,0.24832762765400518,0.256,0.24832762765400515,0.26004051128029615,143.17000000000002,-0.7672372345994827
4118105,Paranacity,PR,Sul,131,1,0.24832762765400515,0.1984732824427481,0.24832762765400518,0.1995461636647284,141.02,4.985434521125706
4122404,Rolândia,PR,Sul,864,1,0.24807526229273058,0.2800925925925926,0.24807526229273055,0.28165202423711777,1005.07,-3.2017330299862037
4107603,Faxinal,PR,Sul,212,1,0.2478468065320675,0.2783018867924528,0.24784680653206748,0.2822769693484895,226.09,-3.045508026038532
4127304,Terra Rica,PR,Sul,174,1,0.2478468065320675,0.1839080459770115,0.24784680653206745,0.1853739727452408,192.26000000000002,6.393876055505602
4116109,Moreira Sales,PR,Sul,106,1,0.2478468065320675,0.2169811320754717,0.24784680653206748,0.21996787556006425,118.28999999999999,3.08656744565958
4127601,Tijucas do Sul,PR,Sul,242,1,0.24784680653206748,0.3140495867768595,0.24784680653206748,0.31593305315933057,271.26,-6.620278024479203
4116208,Morretes,PR,Sul,231,1,0.24784680653206748,0.3939393939393939,0.24784680653206748,0.4031384885507352,273.38,-14.609258740732646
4102901,Bituruna,PR,Sul,229,1,0.24784680653206748,0.29694323144104806,0.24784680653206745,0.29938641397088184,275.43,-4.909642490898058
4100608,Alto Paraná,PR,Sul,156,1,0.24784680653206748,0.2948717948717949,0.24784680653206748,0.29872684552756684,183.01,-4.70249883397274
4121901,Ribeirão do Pinhal,PR,Sul,156,1,0.24784680653206748,0.15384615384615385,0.24784680653206748,0.15485477178423235,180.75,9.400065268591362
4121000,Querência do Norte,PR,Sul,144,1,0.24784680653206748,0.4930555555555556,0.24784680653206748,0.49682157625131146,162.03,-24.52087490234881
4100301,Agudos do Sul,PR,Sul,140,1,0.24784680653206748,0.12857142857142856,0.24784680653206745,0.12488866267973023,157.18,11.927537796063891
4117800,Palmital,PR,Sul,131,1,0.24784680653206748,0.3053435114503817,0.2478468065320675,0.3050981425372151,151.82,-5.749670491831421
4123402,Santa Fé,PR,Sul,127,1,0.24784680653206748,0.3464566929133858,0.24784680653206745,0.35292507697570985,146.15,-9.860988638131834
4110201,Inácio Martins,PR,Sul,147,1,0.24784680653206745,0.29931972789115646,0.24784680653206748,0.2996932515337423,163.0,-5.147292135908901
4104907,Castro,PR,Sul,899,1,0.24759476885616627,0.25361512791991103,0.24759476885616627,0.25437849854300393,998.63,-0.6020359063744762
4118501,Pato Branco,PR,Sul,921,1,0.24745577760878212,0.2888165038002172,0.24745577760878212,0.2885450747703285,1081.98,-4.136072619143505
4106407,Cornélio Procópio,PR,Sul,388,1,0.24630651838181905,0.2603092783505155,0.24630651838181905,0.2678048448248462,440.47,-1.4002759968696432
4122305,Rio Negro,PR,Sul,371,1,0.24630651838181905,0.11320754716981132,0.24630651838181905,0.11437196872216172,404.12,13.309897121200773
4111803,Jacarezinho,PR,Sul,341,1,0.24630651838181905,0.5161290322580645,0.24630651838181905,0.5230981067125645,435.75,-26.982251387624544
4114807,Marialva,PR,Sul,495,1,0.2461597500705346,0.2686868686868687,0.24615975007053462,0.269118902067332,574.17,-2.2527118616334105
4126603,Siqueira Campos,PR,Sul,266,1,0.2461469378728084,0.16917293233082706,0.2461469378728084,0.17114583704125583,280.93,7.697400554198134
4110102,Imbituva,PR,Sul,468,1,0.245828330778196,0.21794871794871795,0.245828330778196,0.219613000187864,532.3,2.787961282947804
4108809,Guaíra,PR,Sul,379,1,0.245828330778196,0.3034300791556728,0.245828330778196,0.3046133735998738,443.71,-5.760174837747684
4119608,Pitanga,PR,Sul,350,1,0.245828330778196,0.26571428571428574,0.24582833077819602,0.2658030279381926,384.42,-1.9885954936089745
4102406,Bandeirantes,PR,Sul,302,1,0.245828330778196,0.271523178807947,0.245828330778196,0.27224241701924795,335.62,-2.5694848029751025
4108601,Goioerê,PR,Sul,262,1,0.245828330778196,0.35877862595419846,0.24582833077819602,0.3623396546659268,306.37,-11.295029517600247
4116901,Nova Esperança,PR,Sul,230,1,0.245828330778196,0.25217391304347825,0.24582833077819602,0.2535226976986281,268.96999999999997,-0.6345582265282257
4115804,Medianeira,PR,Sul,665,1,0.24573978162686053,0.20601503759398496,0.2457397816268605,0.20901230025231288,760.96,3.972474403287557
4112009,Jaguariaíva,PR,Sul,440,1,0.24573978162686053,0.20681818181818182,0.24573978162686047,0.20853326935380675,500.16,3.892159980867871
4114609,Marechal Cândido Rondon,PR,Sul,659,1,0.2457397816268605,0.23520485584218512,0.24573978162686047,0.2356670929241262,750.72,1.0534925784675382
4107207,Dois Vizinhos,PR,Sul,530,1,0.2457397816268605,0.17358490566037735,0.2457397816268605,0.17444439048867738,617.79,7.215487596648315
4117909,Palotina,PR,Sul,404,1,0.24568175452547836,0.25495049504950495,0.24568175452547836,0.2566956679766475,440.21000000000004,-0.9268740524026597
4120903,Quedas do Iguaçu,PR,Sul,454,1,0.2455440160578046,0.3788546255506608,0.24545810563798554,0.3837649000902163,520.97,-13.33106094928562
4113502,Loanda,PR,Sul,217,1,0.24541239333589338,0.2626728110599078,0.24541239333589338,0.26232394366197187,238.56,-1.7260417724014432
4101606,Arapoti,PR,Sul,342,1,0.2452623362578015,0.31871345029239767,0.24526233625780147,0.3236858738017486,379.72,-7.345111403459617
4113205,Lapa,PR,Sul,505,1,0.24526233625780147,0.2495049504950495,0.2452623362578015,0.25170236913037314,563.92,-0.42426142372480324
4102000,Assis Chateaubriand,PR,Sul,393,1,0.24526233625780147,0.19338422391857507,0.24526233625780147,0.1968333682081328,430.11,5.18781123392264
4117701,Palmeira,PR,Sul,390,1,0.24526233625780147,0.33589743589743587,0.24526233625780147,0.34065679390020626,431.49,-9.06350996396344
4123501,Santa Helena,PR,Sul,343,1,0.24526233625780147,0.20699708454810495,0.24526233625780147,0.20631080725742837,380.3,3.8265251709696524
4125704,São Miguel do Iguaçu,PR,Sul,334,1,0.24526233625780147,0.218562874251497,0.24526233625780147,0.221578873040531,354.05,2.6699462006304464
4106209,Contenda,PR,Sul,270,1,0.2451688741493805,0.22592592592592592,0.24516887414938046,0.2263466558188413,294.99,1.924294822345457
4121208,Quitandinha,PR,Sul,244,1,0.2451688741493805,0.24180327868852458,0.24516887414938046,0.24207176145190012,263.93,0.3365595460855908
4114203,Mandaguari,PR,Sul,410,1,0.2451242277891933,0.18292682926829268,0.2451242277891933,0.1847086041643715,453.85,6.219739852090061
4124400,Santo Antônio do Sudoeste,PR,Sul,244,1,0.2449353774884414,0.18442622950819673,0.2449353774884414,0.1858200517889055,274.19,6.0509147980244675
4105904,Colorado,PR,Sul,204,1,0.24481294122438335,0.21568627450980393,0.24481294122438332,0.21789358293279365,237.18,2.912666671457942
4119301,Pinhão,PR,Sul,445,1,0.24464759046083973,0.3887640449438202,0.24464759046083973,0.3866674781409125,492.93,-14.41164544829805
3202553,Ibitirama,ES,Sudeste,172,1,0.24410842599672908,0.18023255813953487,0.24403237268070227,0.18194054963544584,178.3,6.387586785719421
4104600,Capitão Leônidas Marques,PR,Sul,203,1,0.2436758534626705,0.21674876847290642,0.2436758534626705,0.21965704726056046,239.1,2.692708498976409
4119806,Planalto,PR,Sul,124,1,0.24361294475967465,0.20161290322580644,0.24361294475967463,0.21075876049811756,138.12,4.200004153386821
4104709,Carlópolis,PR,Sul,156,1,0.24361294475967463,0.3333333333333333,0.24361294475967468,0.33827187793686775,180.89,-8.972038857365868
4112108,Jandaia do Sul,PR,Sul,184,1,0.24321006322632877,0.30978260869565216,0.24321006322632877,0.31366779461527144,203.91,-6.657254546932339
4110805,Iretama,PR,Sul,153,1,0.24301647249407188,0.19607843137254902,0.24301647249407185,0.1990468345493057,169.96,4.693804112152286
4103503,Califórnia,PR,Sul,143,1,0.24274603567159195,0.3076923076923077,0.2427460356715919,0.30728044400914134,153.15,-6.494627202071576
4106506,Coronel Vivida,PR,Sul,301,1,0.24273595108845558,0.25249169435215946,0.24273595108845558,0.2539439892381069,327.08,-0.9755743263703875
4102109,Astorga,PR,Sul,256,1,0.24273595108845558,0.24609375,0.24273595108845558,0.24796158098396903,289.44,-0.33577989115444185
4103602,Cambará,PR,Sul,179,1,0.24273595108845558,0.41899441340782123,0.24273595108845558,0.4196141479099678,199.04,-17.625846231936563
4106605,Cruzeiro do Oeste,PR,Sul,241,1,0.2426481574479078,0.26556016597510373,0.2426481574479078,0.26525986713559985,255.9,-2.2912008527195935
4101101,Andirá,PR,Sul,200,1,0.2426481574479078,0.355,0.24264815744790777,0.3517325114411133,214.14000000000001,-11.23518425520922
4123857,Santa Maria do Oeste,PR,Sul,134,1,0.24261478207202278,0.291044776119403,0.2426147820720228,0.29745231425903695,149.94,-4.842999404738022
4104659,Carambeí,PR,Sul,314,1,0.24259062558059064,0.30254777070063693,0.24259062558059066,0.3079890738081158,355.11,-5.995714512004629
4128005,Ubiratã,PR,Sul,254,1,0.24259062558059064,0.22440944881889763,0.24259062558059064,0.22407803782588862,284.99,1.8181176761693008
4127502,Tibagi,PR,Sul,278,1,0.24248039194818993,0.21942446043165467,0.24248039194818996,0.22203957970734223,310.26,2.305593151653526
4110508,Ipiranga,PR,Sul,196,1,0.24233631165149694,0.17346938775510204,0.2423363116514969,0.17729044834307991,205.20000000000002,6.88669238963949
4121505,Rebouças,PR,Sul,193,1,0.24233631165149694,0.22797927461139897,0.24233631165149694,0.22992665508589075,207.24,1.4357037040097969
4111407,Ivaí,PR,Sul,173,1,0.24233631165149694,0.17341040462427745,0.24233631165149694,0.1735417338059942,186.18,6.892590702721948
4118808,Peabiru,PR,Sul,156,1,0.24233631165149694,0.2564102564102564,0.24233631165149694,0.25763259652565357,173.27,-1.407394475875945
4117255,Nova Prata do Iguaçu,PR,Sul,132,1,0.24233631165149694,0.2727272727272727,0.2423363116514969,0.27175310758679805,139.98000000000002,-3.039096107577577
4127858,Três Barras do Paraná,PR,Sul,128,1,0.24233631165149694,0.25,0.2423363116514969,0.24576504613689573,145.22,-0.7663688348503062
4100707,Alto Piquiri,PR,Sul,125,1,0.24233631165149694,0.352,0.2423363116514969,0.35354306658521684,130.96,-10.966368834850304
4105003,Catanduvas,PR,Sul,117,1,0.24233631165149694,0.4358974358974359,0.24233631165149694,0.43831869871887147,138.94,-19.356112424593896
4117305,Ortigueira,PR,Sul,245,1,0.24232325247589379,0.42448979591836733,0.242361814751816,0.42744288196151703,305.07,-18.216654344247356
4106308,Corbélia,PR,Sul,229,1,0.24219114888480642,0.14847161572052403,0.24219114888480642,0.1474741372800725,264.86,9.37195331642824
4114005,Mamborê,PR,Sul,133,1,0.24219114888480642,0.24812030075187969,0.24219114888480642,0.2531972789115646,147.0,-0.5929151867073268
4126678,Tamarana,PR,Sul,128,1,0.24219114888480642,0.328125,0.24219114888480636,0.34497967059472123,145.11,-8.593385111519359
4119400,Piraí do Sul,PR,Sul,260,1,0.24217479016247945,0.25384615384615383,0.24217479016247945,0.25942468584380524,300.01,-1.1671363683674385
4127882,Tunas do Paraná,PR,Sul,124,1,0.24199975615850122,0.24193548387096775,0.2419997561585012,0.2499280161243881,138.92000000000002,0.006427228753347336
4105607,Cidade Gaúcha,PR,Sul,155,1,0.24189396143439668,0.36774193548387096,0.24189396143439668,0.36585654307846965,169.11,-12.584797404947428
4117107,Nova Londrina,PR,Sul,142,1,0.24189396143439668,0.2605633802816901,0.24189396143439668,0.259496074955685,157.96,-1.866941884729345
4118907,Pérola,PR,Sul,135,1,0.24189396143439668,0.37777777777777777,0.2418939614343967,0.3772073921971253,146.1,-13.58838163433811
4104428,Candói,PR,Sul,216,1,0.24177577964219002,0.35185185185185186,0.24177577964219002,0.3530893771683463,242.12,-11.007607220966184
4103909,Campina da Lagoa,PR,Sul,227,1,0.24177577964219,0.22026431718061673,0.24177577964219,0.2232612743907376,247.02,2.1511462461573263
4125100,São João do Triunfo,PR,Sul,191,1,0.24177577964219,0.19895287958115182,0.24177577964219,0.20546097311377803,214.98,4.282290006103818
4107504,Engenheiro Beltrão,PR,Sul,121,1,0.24177577964219,0.17355371900826447,0.24177577964219002,0.1793609933373713,132.07999999999998,6.822206063392552
4109302,Guaraniaçu,PR,Sul,183,1,0.24177577964218996,0.2896174863387978,0.24177577964219,0.2881079264487013,208.29,-4.784170669660784
4127007,Teixeira Soares,PR,Sul,136,1,0.24177577964218996,0.11764705882352941,0.24177577964219,0.1180046111926221,143.13,12.412872081866055
4111902,Jaguapitã,PR,Sul,196,1,0.2417489790959093,0.3826530612244898,0.24174897909590928,0.3774912075029308,238.84,-14.090408212858046
4112801,Joaquim Távora,PR,Sul,165,1,0.2417489790959093,0.14545454545454545,0.2417489790959093,0.1488309118366922,192.03,9.629443364136387
4103453,Cafelândia,PR,Sul,289,1,0.2416467288748522,0.21453287197231835,0.24164672887485214,0.21854655328162473,321.03000000000003,2.7113856902533846
4115408,Marmeleiro,PR,Sul,171,1,0.24142159645138542,0.15204678362573099,0.2414215964513854,0.1492807515412467,204.38,8.937481282565443
4101903,Assaí,PR,Sul,160,1,0.24142159645138542,0.19375,0.2414215964513854,0.19760411369158615,176.97,4.767159645138541
4125001,São João do Ivaí,PR,Sul,102,1,0.24142159645138542,0.2647058823529412,0.2414215964513854,0.26832449352230237,115.01,-2.328428590155576
4127205,Terra Boa,PR,Sul,217,1,0.2414215964513854,0.10599078341013825,0.2414215964513854,0.10897687181497452,255.1,13.543081304124716
4105706,Clevelândia,PR,Sul,199,1,0.2414215964513854,0.25125628140703515,0.2414215964513854,0.25153562653562656,227.92,-0.9834684955649764
4123006,Salto do Lontra,PR,Sul,168,1,0.2414215964513854,0.2261904761904762,0.2414215964513854,0.2353283282224807,189.14,1.52311202609092
4110607,Iporã,PR,Sul,129,1,0.2414215964513854,0.3178294573643411,0.2414215964513854,0.3105054102177784,146.02,-7.6407860912955705
4114500,Manoel Ribas,PR,Sul,122,1,0.2414215964513854,0.2786885245901639,0.2414215964513854,0.2801827615581197,129.13,-3.726692813877852
4100806,Alvorada do Sul,PR,Sul,106,1,0.2414215964513854,0.27358490566037735,0.24142159645138536,0.2751677852348993,125.16,-3.216330920899196
4102802,Bela Vista do Paraíso,PR,Sul,158,1,0.24142159645138536,0.44936708860759494,0.24142159645138542,0.45111858614982114,187.29,-20.794549215620957
4115754,Mauá da Serra,PR,Sul,149,1,0.24142159645138536,0.18791946308724833,0.24142159645138536,0.19511614055985704,167.9,5.350213336413703
4126801,Tapejara,PR,Sul,149,1,0.24142159645138536,0.38926174496644295,0.24142159645138542,0.3893125258615594,169.17,-14.78401485150576
4116059,Missal,PR,Sul,136,1,0.24142159645138536,0.16911764705882354,0.2414215964513854,0.16736776774015585,145.01,7.230394939256183
4102307,Balsa Nova,PR,Sul,226,1,0.24133412669140641,0.24336283185840707,0.24133412669140641,0.248141592920354,254.25,-0.2028705167000655
4121802,Ribeirão Claro,PR,Sul,143,1,0.24133412669140641,0.13986013986013987,0.24133412669140641,0.1432907550271911,158.14,10.147398683126655
4124806,São João,PR,Sul,134,1,0.2412768071251518,0.12686567164179105,0.24127680712515176,0.12831317112953647,147.14000000000001,11.441113548336073
4119103,Piên,PR,Sul,188,1,0.24127680712515176,0.16489361702127658,0.24127680712515173,0.166601600624634,204.92000000000002,7.638319010387518
4105300,Céu Azul,PR,Sul,130,1,0.24127680712515176,0.15384615384615385,0.24127680712515176,0.1544087208500069,144.94,8.74306532789979
4116703,Nova Aurora,PR,Sul,130,1,0.24127680712515176,0.24615384615384617,0.24127680712515173,0.25005311238580835,141.21,-0.48770390286944076
4111209,Itapejara d'Oeste,PR,Sul,190,1,0.24127680712515173,0.24736842105263157,0.24127680712515176,0.24612182187639392,201.77,-0.6091613927479839
4122503,Roncador,PR,Sul,141,1,0.24116698040283482,0.24113475177304963,0.24116698040283482,0.23681824070475452,154.38,0.0032228629785191476
4122008,Rio Azul,PR,Sul,188,1,0.2411669804028348,0.10638297872340426,0.2411669804028348,0.107772394598495,194.02,13.478400167943056
4127403,Terra Roxa,PR,Sul,185,1,0.2411669804028348,0.23783783783783785,0.24116698040283482,0.23799424329647023,198.03,0.3329142564996945
4126306,Sengés,PR,Sul,226,1,0.24096610279266206,0.17699115044247787,0.24096610279266206,0.18031787325718465,246.01000000000002,6.397495235018419
4124020,Santa Tereza do Oeste,PR,Sul,225,1,0.2408625076032772,0.2222222222222222,0.2408625076032772,0.22249125638956146,260.19,1.8640285381055
4127965,Turvo,PR,Sul,213,1,0.2408625076032772,0.15023474178403756,0.24086250760327718,0.15194677985470575,245.02,9.062776581923965
4121406,Realeza,PR,Sul,208,1,0.2408625076032772,0.20192307692307693,0.2408625076032772,0.20152905198776758,228.9,3.893943068020028
4101705,Araruna,PR,Sul,173,1,0.2408625076032772,0.2254335260115607,0.24086250760327718,0.22450178981674412,187.17000000000002,1.5428981591716517
4110953,Itaipulândia,PR,Sul,173,1,0.2408625076032772,0.15606936416184972,0.2408625076032772,0.1537357743691242,202.1,8.479314344142749
4115606,Matelândia,PR,Sul,244,1,0.24025527933263469,0.29098360655737704,0.24025527933263469,0.2858005827588657,281.42,-5.072832722474235
4113908,Mallet,PR,Sul,169,1,0.24025527933263469,0.1242603550295858,0.2402552793326347,0.12202917078272997,172.09,11.599492430304888
4126504,Sertanópolis,PR,Sul,133,1,0.24025527933263469,0.39097744360902253,0.24025527933263466,0.38014688177221284,166.12,-15.072216427638786
4122156,Rio Bonito do Iguaçu,PR,Sul,230,1,0.23995922571234482,0.2565217391304348,0.2398444365633515,0.24668425158821564,269.17,-1.6562513418089981
4101002,Ampére,PR,Sul,231,1,0.2392598883407631,0.2943722943722944,0.23925988834076303,0.2994695571955719,260.16,-5.511240603153131
4128500,Wenceslau Braz,PR,Sul,208,1,0.23879104691550868,0.25961538461538464,0.23879104691550868,0.256198347107438,239.57999999999998,-2.0824337699875963
4123709,Santa Isabel do Ivaí,PR,Sul,107,1,0.23857167051300365,0.2523364485981308,0.23857167051300365,0.2487793536386887,129.03,-1.376477808512716
4105409,Chopinzinho,PR,Sul,232,1,0.23823613675425448,0.28879310344827586,0.2382361367542545,0.2915971926014968,257.89,-5.0556966694021375
4104501,Capanema,PR,Sul,200,1,0.23823613675425448,0.2,0.23823613675425448,0.20489581568693885,236.12,3.823613675425447
4106001,Congonhinhas,PR,Sul,103,1,0.2378541705417041,0.5922330097087378,0.2378541705417041,0.587958686707532,119.09,-35.43788391670337
4122701,Sabáudia,PR,Sul,144,1,0.2367342049238218,0.2013888888888889,0.23673420492382177,0.21021549286925928,159.17000000000002,3.5345316034932903
4109906,Icaraíma,PR,Sul,105,1,0.2364114960386865,0.47619047619047616,0.2364114960386865,0.48223615464994773,114.84,-23.977898015178965
4107256,Douradina,PR,Sul,110,1,0.23632527598749198,0.3090909090909091,0.23632527598749198,0.3103508771929825,114.0,-7.276563310341711
4128708,Vitorino,PR,Sul,115,1,0.23613993212508455,0.30434782608695654,0.23613993212508458,0.29804144195288107,140.92,-6.820789396187199
4115358,Maripá,PR,Sul,108,1,0.23613993212508455,0.23148148148148148,0.23613993212508455,0.23286765313714144,120.97,0.4658450643603068
4115853,Mercedes,PR,Sul,103,1,0.23586040218425453,0.06796116504854369,0.23586040218425453,0.0693330817847373,106.01,16.789923713571085
4107900,Floresta,PR,Sul,167,1,0.2358604021842545,0.25748502994011974,0.23586040218425453,0.26000452181777073,176.92000000000002,-2.162462775586524
4128559,Vera Cruz do Oeste,PR,Sul,111,1,0.2357317126805959,0.23423423423423423,0.2357317126805959,0.23879641485275288,124.96,0.14974784463616664
4114906,Marilândia do Sul,PR,Sul,108,1,0.2357317126805959,0.14814814814814814,0.2357317126805959,0.15000832916874893,120.06,8.758356453244776
4123303,Santa Cruz de Monte Castelo,PR,Sul,107,1,0.2357317126805959,0.4205607476635514,0.2357317126805959,0.4089993284083277,119.12,-18.48290349829555
4108320,Francisco Alves,PR,Sul,100,1,0.2357317126805959,0.2,0.2357317126805959,0.19781522567533236,118.09,3.573171268059588
4117222,Nova Santa Rosa,PR,Sul,139,1,0.2351334129749129,0.2733812949640288,0.23513341297491286,0.2783721818876576,157.02,-3.824788198911591
4114401,Mangueirinha,PR,Sul,166,1,0.23208302518822632,0.3313253012048193,0.23208302518822635,0.3389324960753532,191.1,-9.924227601659297
4107009,Curiúva,PR,Sul,159,1,0.22385081243266247,0.31446540880503143,0.22385081243266247,0.3112116641528406,179.01000000000002,-9.061459637236895
2307650,Maracanaú,CE,Nordeste,3110,1,0.1845702240328341,0.1536977491961415,0.18456962392910847,0.15340350077981404,3161.01,3.0872474836692616
2305506,Iguatu,CE,Nordeste,741,1,0.18057610184973846,0.3657219973009447,0.1805761018497385,0.36646596997506764,754.04,-18.51458954512062
2309706,Pacatuba,CE,Nordeste,812,1,0.1552723813748128,0.21674876847290642,0.1552723813748128,0.216399416909621,823.2,-6.147638709809361
2307700,Maranguape,CE,Nordeste,1097,1,0.15081829491207743,0.18322698268003645,0.1508182949120774,0.18336102645211164,1125.43,-3.240868776795902
2312908,Sobral,CE,Nordeste,2307,1,0.14276012441271024,0.014304291287386216,0.14276012441271024,0.014243463659338202,2370.21,12.845583312532401
2308708,Morada Nova,CE,Nordeste,561,1,0.1384150440544768,0.23885918003565063,0.1384150440544768,0.23910876370695536,571.79,-10.044413598117382
2301000,Aquiraz,CE,Nordeste,1053,1,0.13823261227081884,0.15954415954415954,0.13823261227081887,0.16006669445602337,1079.55,-2.13115472733407
2313401,Tianguá,CE,Nordeste,1093,1,0.1377296453413065,0.13998170173833485,0.1377296453413065,0.13901801407935474,1120.79,-0.2252056397028357
2312403,São Gonçalo do Amarante,CE,Nordeste,999,1,0.1375797173085861,0.14314314314314314,0.1375797173085861,0.14219375024753456,1009.96,-0.5563425834557045
2306256,Itaitinga,CE,Nordeste,771,1,0.13658302970340885,0.1504539559014267,0.13658302970340885,0.14894754256916695,785.78,-1.3870926198017859
2307601,Limoeiro do Norte,CE,Nordeste,524,1,0.1365486536573659,0.10305343511450382,0.1365486536573659,0.10355440651436008,568.59,3.349521854286208
2304285,Eusébio,CE,Nordeste,949,1,0.13610708054434018,0.06111696522655427,0.13610708054434018,0.06086509811979862,973.3000000000001,7.49901153177859
2309607,Pacajus,CE,Nordeste,667,1,0.1360010788819659,0.12143928035982009,0.1360010788819659,0.12089867484520572,691.24,1.45617985221458
2301901,Barbalha,CE,Nordeste,705,1,0.13550271460617425,0.12056737588652482,0.13550271460617427,0.12081899712335722,709.16,1.493533871964943
2302206,Beberibe,CE,Nordeste,676,1,0.1353039656959233,0.1834319526627219,0.1353039656959233,0.18400185217340972,691.08,-4.8127986966798595
2301109,Aracati,CE,Nordeste,848,1,0.13455319309114055,0.08844339622641509,0.13455319309114055,0.08842348169644419,858.03,4.610979686472547
2313609,Ubajara,CE,Nordeste,451,1,0.1337654787761985,0.04878048780487805,0.1337654787761985,0.048676738220010084,456.07,8.498499097132044
2306405,Itapipoca,CE,Nordeste,1461,1,0.1335638024328374,0.11225188227241616,0.13356418581800614,0.1142502469713513,1538.64,2.131192016042123
2305233,Horizonte,CE,Nordeste,914,1,0.13302784851049698,0.038293216630196934,0.13302784851049698,0.03804912514026849,962.44,9.473463188030005
2305407,Icó,CE,Nordeste,549,1,0.13261557319304396,0.24408014571949,0.13261557319304396,0.24600415711009171,558.08,-11.146457252644604
2304202,Crato,CE,Nordeste,1210,1,0.13257082925767882,0.04628099173553719,0.13257082925767882,0.04628860467985361,1215.85,8.628983752214165
2311306,Quixadá,CE,Nordeste,811,1,0.12855792285505652,0.0752157829839704,0.12855792285505652,0.07512288694401151,834.1,5.334213987108612
2305357,Icapuí,CE,Nordeste,292,1,0.12667169222563823,0.2363013698630137,0.12667169222563823,0.23669156740022881,297.18,-10.962967763737547
2313955,Varjota,CE,Nordeste,205,1,0.12614682676185351,0.01951219512195122,0.12614682676185351,0.019409937888198756,206.08,10.66346316399023
2307254,Jijoca de Jericoacoara,CE,Nordeste,452,1,0.12548169706803758,0.01991150442477876,0.12548169706803758,0.019689776630422894,457.09,10.55701926432588
2311504,Quixeré,CE,Nordeste,175,1,0.1249406869614551,0.06857142857142857,0.1249406869614551,0.06871508379888269,179.0,5.636925839002653
2302404,Boa Viagem,CE,Nordeste,396,1,0.12482279558653053,0.09595959595959595,0.12482279558653053,0.09643094657503878,405.99,2.886319962693458
2308302,Milagres,CE,Nordeste,256,1,0.12338648002871144,0.20703125,0.12338648002871146,0.20673732021196067,264.2,-8.364476997128856
2309300,Nova Russas,CE,Nordeste,273,1,0.120847955049856,0.003663003663003663,0.12084795504985603,0.003635570420999055,275.06,11.718495138685233
2311405,Quixeramobim,CE,Nordeste,876,1,0.11993199321891579,0.012557077625570776,0.11993199321891579,0.012415349887133182,886.0,10.7374915593345
2310803,Pereiro,CE,Nordeste,246,1,0.11985664992396383,0.06504065040650407,0.11985664992396383,0.06560219345994113,248.01,5.481599951745976
2307007,Jaguaruana,CE,Nordeste,346,1,0.11948900916926765,0.11560693641618497,0.11948900916926762,0.1175567917134793,364.93,0.388207275308268
2306900,Jaguaribe,CE,Nordeste,335,1,0.11948900916926763,0.10746268656716418,0.11948900916926765,0.10745977283483199,338.08,1.2026322602103456
2305001,Guaraciaba do Norte,CE,Nordeste,620,1,0.11921808450555615,0.043548387096774194,0.11921808450555615,0.043548387096774194,620.0,7.566969740878196
2310258,Paraipaba,CE,Nordeste,453,1,0.11921808450555615,0.06181015452538632,0.11921808450555615,0.06217863883886924,460.93,5.740792998016984
2314102,Viçosa do Ceará,CE,Nordeste,765,1,0.11667843134893907,0.09803921568627451,0.11667843134893907,0.09777594515887945,776.0600000000001,1.8639215662664563
2313500,Trairi,CE,Nordeste,813,1,0.11641620459211544,0.08241082410824108,0.11641620459211544,0.08216425588573503,826.15,3.400538048387436
2303501,Cascavel,CE,Nordeste,957,1,0.11569614789876814,0.17345872518286312,0.11569614789876816,0.17398427260812585,976.64,-5.776257728409498
2304954,Guaiúba,CE,Nordeste,243,1,0.11566673831809049,0.20164609053497942,0.11566673831809049,0.20165768414176055,244.92000000000002,-8.597935221688893
2313302,Tauá,CE,Nordeste,527,1,0.11546692281745519,0.07969639468690702,0.1154669228174552,0.07993548145091714,533.18,3.5770528130548165
2306553,Itarema,CE,Nordeste,456,1,0.11506390430139535,0.07456140350877193,0.11506390430139535,0.07516747805101319,480.66,4.050250079262343
2313559,Tururu,CE,Nordeste,232,1,0.1149360012329128,0.04741379310344827,0.11493600123291281,0.04706277838473821,237.98,6.752220812946453
2304509,Frecheirinha,CE,Nordeste,221,1,0.11387491586179954,0.01809954751131222,0.11387491586179954,0.018235029266096353,222.1,9.577536835048733
2300150,Acarape,CE,Nordeste,168,1,0.11340945629692356,0.19047619047619047,0.11340945629692355,0.18787704682562484,174.05,-7.706673417926691
2301406,Aratuba,CE,Nordeste,176,1,0.11337294133817633,0.19318181818181818,0.11337294133817631,0.1957743313104068,177.96,-7.980887684364185
2300200,Acaraú,CE,Nordeste,835,1,0.11326899988636463,0.022754491017964073,0.11326899988636463,0.022843742850606266,874.2,9.051450886840055
2311801,Russas,CE,Nordeste,763,1,0.11319903240020489,0.05504587155963303,0.11319903240020492,0.05404729882526571,840.1899999999999,5.815316084057185
2302602,Camocim,CE,Nordeste,745,1,0.11297412271256135,0.05906040268456376,0.11297412271256134,0.059152869206729165,751.95,5.391372002799759
2303907,Chaval,CE,Nordeste,153,1,0.11254901268149785,0.08496732026143791,0.11254901268149785,0.08496732026143791,153.0,2.7581692420059936
2312304,São Benedito,CE,Nordeste,570,1,0.11203318988358166,0.04912280701754386,0.11203318765778371,0.04902990824402886,571.08,6.29103828660378
2302800,Canindé,CE,Nordeste,815,1,0.11188736404601822,0.05030674846625767,0.11188519429174214,0.05052975721983411,825.85,6.158061557976055
2304103,Crateús,CE,Nordeste,674,1,0.11188584252036314,0.028189910979228485,0.11188606677410229,0.027958938964115464,683.86,8.369593154113465
2308104,Mauriti,CE,Nordeste,532,1,0.11153025045304354,0.15601503759398497,0.11153025045304354,0.15451549598252304,540.14,-4.448478714094143
2300309,Acopiara,CE,Nordeste,365,1,0.11153025045304353,0.3561643835616438,0.11153025045304354,0.3542169327947515,368.87,-24.463413310860027
2304707,Granja,CE,Nordeste,675,1,0.11093625467228008,0.022222222222222223,0.11093625467228006,0.02219066216935913,675.96,8.871403245005785
2311603,Redenção,CE,Nordeste,318,1,0.11072425795851348,0.07547169811320754,0.11072425795851348,0.07547169811320754,318.0,3.525255984530594
2310704,Pentecoste,CE,Nordeste,357,1,0.1104806819860459,0.08683473389355742,0.11048068198604588,0.08710222394549533,361.07,2.3645948092488474
2301208,Aracoiaba,CE,Nordeste,317,1,0.1104806819860459,0.0914826498422713,0.11048068198604588,0.09134152215799614,332.16,1.8998032143774601
2314003,Várzea Alegre,CE,Nordeste,420,1,0.11048068198604588,0.09047619047619047,0.11048068198604588,0.09101844426623897,423.98,2.0004491509855407
2308500,Mombaça,CE,Nordeste,415,1,0.11048068198604588,0.06506024096385542,0.11048068198604588,0.06490696668109043,415.98,4.542044102219046
2312205,Santa Quitéria,CE,Nordeste,385,1,0.11048068198604588,0.04935064935064935,0.11048068198604588,0.04923300165837479,385.92,6.113003263539653
2307502,Lavras da Mangabeira,CE,Nordeste,245,1,0.11048068198604588,0.2571428571428571,0.11048068198604588,0.25708502024291496,247.0,-14.666217515681124
2305803,Ipu,CE,Nordeste,441,1,0.1102276255086494,0.13378684807256236,0.1102276255086494,0.1334402240187887,442.82,-2.3559222563912963
2307106,Jardim,CE,Nordeste,349,1,0.1102276255086494,0.2922636103151863,0.11022762550864941,0.29198598330531894,351.01,-18.20359848065369
2303204,Caririaçu,CE,Nordeste,338,1,0.1102276255086494,0.17455621301775148,0.11022762550864938,0.17393326357400302,344.04,-6.432858750910208
2302701,Campos Sales,CE,Nordeste,204,1,0.1102276255086494,0.1715686274509804,0.1102276255086494,0.1721291575625152,205.95,-6.1341001942331
2309409,Novo Oriente,CE,Nordeste,334,1,0.1096397112196188,0.0,0.1096397112196188,0.0,335.05,10.96397112196188
2312007,Santana do Acaraú,CE,Nordeste,287,1,0.1096397112196188,0.017421602787456445,0.1096397112196188,0.017421602787456445,287.0,9.221810843216236
2302305,Bela Cruz,CE,Nordeste,275,1,0.1096397112196188,0.02181818181818182,0.1096397112196188,0.021651270207852194,277.12,8.782152940143698
2310308,Parambu,CE,Nordeste,256,1,0.1096397112196188,0.1171875,0.10963971121961881,0.1165232158709329,259.09,-0.7547788780381204
2313104,Tabuleiro do Norte,CE,Nordeste,253,1,0.10960821820148146,0.15810276679841898,0.10960821820148148,0.15680098336726464,260.33,-4.8494548596937515
2306306,Itapagé,CE,Nordeste,491,1,0.10936276485467344,0.10386965376782077,0.10936276485467346,0.10276061470215463,504.96,0.5493111086852673
2308401,Missão Velha,CE,Nordeste,396,1,0.10935691442637419,0.17676767676767677,0.10935691442637419,0.17624978248440104,402.27,-6.741076234130258
2302107,Baturité,CE,Nordeste,324,1,0.10808237559574296,0.13271604938271606,0.10808237559574296,0.1322602362445682,326.78000000000003,-2.4633673786973094
2300754,Amontada,CE,Nordeste,669,1,0.10761122523168154,0.17488789237668162,0.10761122523168153,0.17713806029554366,690.9300000000001,-6.727666714500008
2302503,Brejo Santo,CE,Nordeste,532,1,0.10735992975904918,0.045112781954887216,0.10735992975904918,0.04600533235267077,543.85,6.224714780416196
2305902,Ipueiras,CE,Nordeste,433,1,0.10725745929990038,0.004618937644341801,0.10725745929990038,0.004618937644341801,433.0,10.263852165555857
2307809,Marco,CE,Nordeste,445,1,0.10634889388001822,0.033707865168539325,0.10634889388001822,0.0334210700935613,452.11,7.26410287114789
2310506,Pedra Branca,CE,Nordeste,335,1,0.10553564253936622,0.0029850746268656717,0.10553564253936622,0.0029850746268656717,335.0,10.255056791250054
2308005,Massapê,CE,Nordeste,422,1,0.1055356425393662,0.04976303317535545,0.1055356425393662,0.04973995271867612,423.0,5.577260936401076
2310209,Paracuru,CE,Nordeste,568,1,0.1055051886867372,0.04929577464788732,0.10550518868673721,0.04920754189456026,572.27,5.620941403884987
2312700,Senador Pompeu,CE,Nordeste,191,1,0.10427229856808908,0.015706806282722512,0.10427229856808905,0.01562825588664305,191.96,8.856549228536656
2307403,Jucás,CE,Nordeste,278,1,0.10427229856808906,0.09712230215827339,0.10427229856808905,0.0972212300878634,279.98,0.7149996409815673
2309508,Orós,CE,Nordeste,224,1,0.10427229856808906,0.08928571428571429,0.10427229856808906,0.09242747161932931,229.91,1.4986584282374773
2302008,Barro,CE,Nordeste,164,1,0.10427229856808906,0.3597560975609756,0.10427229856808906,0.3606060606060606,165.0,-25.548379899288655
2310605,Penaforte,CE,Nordeste,118,1,0.10407535502847909,0.3559322033898305,0.1040753550284791,0.36329373207701765,122.05,-25.18568483613514
2305308,Ibiapina,CE,Nordeste,313,1,0.1040317993119455,0.025559105431309903,0.1040317993119455,0.026197961322282554,314.91,7.847269388063561
2301604,Assaré,CE,Nordeste,260,1,0.1040317993119455,0.019230769230769232,0.10403179931194552,0.019160758766047135,260.95,8.480103008117627
2313203,Tamboril,CE,Nordeste,236,1,0.1040317993119455,0.01694915254237288,0.1040317993119455,0.01694915254237288,236.0,8.708264676957263
2313807,Uruburetama,CE,Nordeste,224,1,0.1040317993119455,0.17857142857142858,0.1040317993119455,0.1783580438150033,225.95,-7.453962925948307
2305605,Independência,CE,Nordeste,143,1,0.1040317993119455,0.013986013986013986,0.1040317993119455,0.013803575125957621,144.89000000000001,9.004578532593152
2306009,Iracema,CE,Nordeste,177,1,0.10360511352546133,0.15819209039548024,0.10360511352546133,0.15819209039548024,177.0,-5.458697687001892
2309201,Nova Olinda,CE,Nordeste,213,1,0.10360511352546131,0.004694835680751174,0.10360511352546131,0.004694835680751174,213.0,9.891027784471014
2313906,Uruoca,CE,Nordeste,200,1,0.10360511352546131,0.01,0.10360511352546131,0.009896091044037606,202.1,9.360511352546132
2311702,Reriutaba,CE,Nordeste,199,1,0.10360511352546131,0.01507537688442211,0.1036051135254613,0.014994002399040383,200.08,8.85297366410392
2305266,Ibaretama,CE,Nordeste,132,1,0.10360511352546131,0.3939393939393939,0.10360511352546131,0.39473684210526316,133.0,-29.03342804139326
2305704,Ipaumirim,CE,Nordeste,126,1,0.10360511352546131,0.1111111111111111,0.10360511352546131,0.1111111111111111,126.0,-0.7505997585649793
2311264,Quiterianópolis,CE,Nordeste,209,1,0.10351689675913468,0.009569377990430622,0.10352061439590013,0.009952854897852277,209.99,9.394751876870407
2303808,Cedro,CE,Nordeste,162,1,0.10347308831107783,0.012345679012345678,0.10347308831107783,0.012345679012345678,162.0,9.112740929873215
2301307,Araripe,CE,Nordeste,285,1,0.10347308831107782,0.22807017543859648,0.10347308831107782,0.2277972027972028,286.0,-12.459708712751866
2301703,Aurora,CE,Nordeste,211,1,0.10347308831107782,0.26066350710900477,0.10347308831107781,0.26156894193122315,211.99,-15.719041879792695
2305209,Hidrolândia,CE,Nordeste,179,1,0.10347308831107782,0.03910614525139665,0.10347308831107783,0.03888888888888889,180.0,6.436694305968118
2306504,Itapiúna,CE,Nordeste,174,1,0.10347308831107782,0.07471264367816093,0.10347308831107782,0.07428441617446614,176.08,2.8760444632916897
2303006,Caridade,CE,Nordeste,157,1,0.10347308831107782,0.012738853503184714,0.10347308831107782,0.012738853503184714,157.0,9.07342348078931
2313757,Umirim,CE,Nordeste,208,1,0.10347308831107781,0.1778846153846154,0.10347308831107782,0.17727272727272725,209.0,-7.4411527073537584
2311108,Porteiras,CE,Nordeste,252,1,0.10336597552145788,0.07936507936507936,0.10336597552145788,0.07903576368306658,253.05,2.4000896156378513
2301851,Banabuiú,CE,Nordeste,239,1,0.10336597552145788,0.2384937238493724,0.10336597552145788,0.23755992726070427,241.96,-13.512774832791452
2304236,Croatá,CE,Nordeste,233,1,0.10336597552145788,0.008583690987124463,0.10336597552145788,0.008583690987124463,233.0,9.47822845343334
2313005,Solonópole,CE,Nordeste,192,1,0.10336597552145788,0.010416666666666666,0.10336597552145788,0.010416666666666666,192.0,9.29493088547912
2300705,Alto Santo,CE,Nordeste,187,1,0.10336597552145788,0.058823529411764705,0.10336597552145786,0.05846528623629719,188.83,4.454244610969317
2302909,Capistrano,CE,Nordeste,174,1,0.10336597552145788,0.12643678160919541,0.10336597552145789,0.1265389499254679,181.13,-2.307080608773754
2306702,Jaguaretama,CE,Nordeste,174,1,0.10336597552145788,0.06321839080459771,0.10336597552145789,0.0634256642170718,176.9,4.014758471686017
2303105,Cariré,CE,Nordeste,162,1,0.10336597552145788,0.012345679012345678,0.10336597552145788,0.012345679012345678,162.0,9.10202965091122
2311355,Quixelô,CE,Nordeste,154,1,0.10336597552145788,0.11688311688311688,0.10336597552145789,0.11535503716995643,156.04,-1.3517141361659004
2308351,Milhã,CE,Nordeste,144,1,0.10336597552145788,0.020833333333333332,0.10336597552145788,0.020833333333333332,144.0,8.253264218812454
2311900,Saboeiro,CE,Nordeste,141,1,0.10336597552145788,0.18439716312056736,0.10336597552145789,0.18448287837743976,143.97,-8.103118759910949
2309805,Pacoti,CE,Nordeste,136,1,0.10336597552145788,0.08823529411764706,0.10336597552145788,0.08823529411764706,136.0,1.513068140381081
2310001,Palhano,CE,Nordeste,122,1,0.10336597552145788,0.2540983606557377,0.10336597552145788,0.2540983606557377,122.0,-15.073238513427983
2309102,Mulungu,CE,Nordeste,108,1,0.10336597552145788,0.1111111111111111,0.10336597552145788,0.1111111111111111,108.0,-0.7745135589653229
2309458,Ocara,CE,Nordeste,321,1,0.10323421994817371,0.1526479750778816,0.10323421994817371,0.1523387920626567,323.03000000000003,-4.94137551297079
2308609,Monsenhor Tabosa,CE,Nordeste,211,1,0.10320012689255613,0.02843601895734597,0.10321562205982159,0.028037383177570093,214.0,7.476410793521016
2312106,Santana do Cariri,CE,Nordeste,172,1,0.10281043005769643,0.03488372093023256,0.10281043005769641,0.03554913294797688,173.0,6.792670912746387
2311959,Salitre,CE,Nordeste,253,1,0.10281043005769641,0.015810276679841896,0.10281043005769641,0.016075279356988825,255.05,8.700015337785452
2301257,Ararendá,CE,Nordeste,154,1,0.10281043005769641,0.006493506493506494,0.1028104300576964,0.006638427008914459,158.17000000000002,9.631692356418991
2310902,Piquet Carneiro,CE,Nordeste,152,1,0.10281043005769641,0.0,0.10281043005769641,0.0,152.0,10.281043005769641
2305654,Ipaporanga,CE,Nordeste,124,1,0.10281043005769641,0.008064516129032258,0.10281043005769643,0.008333333333333333,126.0,9.474591392866415
2304459,Fortim,CE,Nordeste,225,1,0.1027407738612196,0.07111111111111111,0.1027407738612196,0.06717881006681871,249.93,3.162966275010849
2303303,Cariús,CE,Nordeste,168,1,0.10257291642508172,0.047619047619047616,0.10257291642508172,0.047399181765049675,171.1,5.4953868806034105
2300408,Aiuaba,CE,Nordeste,154,1,0.1025729164250817,0.24025974025974026,0.1025729164250817,0.2416866860538627,158.18,-13.768682383465855
2310100,Palmácia,CE,Nordeste,123,1,0.1025729164250817,0.056910569105691054,0.1025729164250817,0.056910569105691054,123.0,4.5662347319390655
2304301,Farias Brito,CE,Nordeste,175,1,0.10203735070663487,0.04,0.10203735070663487,0.04,175.0,6.2037350706634875
2308377,Miraíma,CE,Nordeste,151,1,0.10201732464716462,0.1456953642384106,0.10201732464716462,0.14401714953878136,153.94,-4.367803959124597
2301950,Barreira,CE,Nordeste,305,1,0.10199331028883185,0.08852459016393442,0.10199331028883185,0.08851987447698743,305.92,1.3468720124897429
2303956,Chorozinho,CE,Nordeste,244,1,0.10199331028883185,0.028688524590163935,0.10199331028883185,0.02846569883290635,245.91,7.330478569866791
2312601,São Luís do Curu,CE,Nordeste,111,1,0.10133905756695327,0.34234234234234234,0.10133905756695327,0.3487906733948147,114.94,-24.100328477538906
2307635,Madalena,CE,Nordeste,187,1,0.10120959397601292,0.0481283422459893,0.10120959397601291,0.046892096076694624,191.93,5.308125173002362
2313351,Tejuçuoca,CE,Nordeste,226,1,0.10070408789389651,0.19911504424778761,0.10070408789389652,0.1984032986796508,227.97,-9.841095635389111
2302057,Barroquinha,CE,Nordeste,254,1,0.10055980557016353,0.04330708661417323,0.10055980557016353,0.04297726564933042,256.88,5.72527189559903
2300903,Apuiarés,CE,Nordeste,137,1,0.10055980557016353,0.25547445255474455,0.10055980557016353,0.25547445255474455,137.0,-15.491464698458103
2304251,Cruz,CE,Nordeste,477,1,0.10034650085137753,0.010482180293501049,0.10034650085137753,0.010658436213991769,486.0,8.986432055787647
2310852,Pindoretama,CE,Nordeste,272,1,0.10034650085137753,0.11397058823529412,0.10034650085137754,0.1136650758001123,284.96,-1.3624087383916585
2304350,Forquilha,CE,Nordeste,229,1,0.10034650085137753,0.0,0.10034650085137753,0.0,229.98,10.034650085137752
2303931,Choró,CE,Nordeste,152,1,0.09970163901407891,0.046052631578947366,0.09970163901407891,0.04575462448526047,152.99,5.364900743513155
2306108,Irauçuba,CE,Nordeste,340,1,0.09957403549037347,0.03235294117647059,0.09957403549037347,0.03235294117647059,340.0,6.7221094313902885
2304004,Coreaú,CE,Nordeste,277,1,0.09957403549037347,0.0,0.09957403549037347,0.0,277.0,9.957403549037346
2308906,Morrinhos,CE,Nordeste,269,1,0.09957403549037347,0.022304832713754646,0.09957403549037347,0.022304832713754646,269.0,7.726920277661882
2306603,Itatira,CE,Nordeste,222,1,0.09957403549037347,0.009009009009009009,0.09957403549037347,0.00937261760617068,222.99,9.056502648136446
2300606,Altaneira,CE,Nordeste,113,1,0.09938498117194461,0.11504424778761062,0.0993849811719446,0.11481741573033707,113.92,-1.565926661566601
2312809,Senador Sá,CE,Nordeste,113,1,0.09938498117194461,0.008849557522123894,0.09938498117194461,0.008849557522123894,113.0,9.053542364982071
2311009,Poranga,CE,Nordeste,136,1,0.0990823368434287,0.0,0.09908008558007339,0.0,138.09,9.90823368434287
2303402,Carnaubal,CE,Nordeste,226,1,0.09893359188805417,0.1592920353982301,0.09893359188805417,0.16225223644974565,228.04,-6.035844351017591
2308203,Meruoca,CE,Nordeste,222,1,0.09893359188805417,0.018018018018018018,0.09893359188805417,0.017943656917279744,222.92,8.091557387003617
2309003,Mucambo,CE,Nordeste,170,1,0.09893359188805417,0.011764705882352941,0.09893359188805417,0.011764705882352941,170.0,8.716888600570122
2304657,Graça,CE,Nordeste,157,1,0.09893359188805417,0.0,0.09893359188805416,0.0,168.05,9.893359188805418
2307908,Martinópole,CE,Nordeste,132,1,0.09893359188805417,0.007575757575757576,0.09893359188805417,0.007575757575757576,132.0,9.13578343122966
2304905,Groaíras,CE,Nordeste,125,1,0.09893359188805417,0.032,0.09893359188805419,0.030548342752405682,130.94,6.693359188805418
2300507,Alcântaras,CE,Nordeste,105,1,0.09893359188805417,0.009523809523809525,0.09893359188805417,0.009523809523809525,105.0,8.940978236424465
